client_employee_id,total_working_days,total_hours_worked,avg_hours_per_day,avg_hours_per_week,min_daily_hours,max_daily_hours,first_work_date,last_work_date
413550,97,1395.52,14.39,71.93,5.4,18.32,2025-04-19,2025-10-09
420299,110,1378.21,12.53,62.65,4.97,17.0,2025-04-18,2025-10-16
422613,106,1370.33,12.93,64.64,8.0,24.0,2025-04-18,2025-10-14
409602,94,1361.56,14.48,72.42,7.62,17.2,2025-04-18,2025-09-24
421330,116,1331.29,11.48,57.38,8.0,15.45,2025-04-18,2025-10-16
420198,95,1318.12,13.87,69.37,7.18,17.13,2025-04-18,2025-10-16
422552,97,1295.19,13.35,66.76,1.27,16.53,2025-04-18,2025-10-16
114847,104,1236.02,11.88,59.42,8.0,14.6,2025-04-18,2025-10-16
409627,90,1203.96,13.38,66.89,7.35,16.75,2025-04-18,2025-10-10
410221,110,1202.35,10.93,54.65,4.85,13.55,2025-04-18,2025-10-16
505366,109,1190.57,10.92,54.61,4.17,18.0,2025-04-18,2025-10-16
408163,90,1173.26,13.04,65.18,6.88,17.17,2025-04-18,2025-10-16
409797,93,1172.29,12.61,63.03,0.02,16.63,2025-04-18,2025-09-24
205541,88,1163.55,13.22,66.11,7.12,18.55,2025-04-19,2025-10-11
500815,89,1144.9,12.86,64.32,4.27,19.85,2025-04-18,2025-10-15
421022,75,1140.14,15.2,76.01,4.27,16.63,2025-04-18,2025-10-16
409626,80,1131.33,14.14,70.71,8.0,16.33,2025-04-18,2025-10-10
409458,115,1125.67,9.79,48.94,7.55,15.78,2025-04-18,2025-10-16
503270,91,1119.49,12.3,61.51,6.0,16.77,2025-04-18,2025-10-16
502195,82,1118.69,13.64,68.21,7.5,19.3,2025-04-18,2025-09-24
507603,82,1107.78,13.51,67.55,7.57,17.15,2025-04-18,2025-09-24
100987,101,1106.88,10.96,54.8,4.63,24.0,2025-04-18,2025-10-16
422658,85,1101.99,12.96,64.82,6.87,17.25,2025-04-18,2025-09-23
418571,103,1100.23,10.68,53.41,8.0,17.17,2025-04-18,2025-10-10
415513,78,1100.13,14.1,70.52,8.0,17.55,2025-04-18,2025-10-10
503391,83,1091.51,13.15,65.75,7.88,20.15,2025-04-18,2025-09-24
421395,84,1090.65,12.98,64.92,2.77,16.6,2025-04-19,2025-10-16
420052,78,1086.91,13.93,69.67,8.0,16.93,2025-04-18,2025-10-16
302648,69,1078.67,15.63,78.16,8.0,17.08,2025-04-18,2025-09-24
409555,95,1070.19,11.27,56.33,6.45,18.43,2025-04-18,2025-10-16
203092,79,1061.93,13.44,67.21,4.8,16.77,2025-04-18,2025-10-12
200766,124,1056.08,8.52,42.58,3.85,16.42,2025-04-18,2025-10-16
200829,86,1054.98,12.27,61.34,7.17,17.72,2025-04-18,2025-10-10
502375,93,1047.19,11.26,56.3,4.0,24.0,2025-04-18,2025-10-16
413285,85,1046.19,12.31,61.54,8.0,18.18,2025-04-18,2025-10-10
408349,78,1045.1,13.4,66.99,8.0,18.4,2025-04-18,2025-10-16
421116,106,1041.2,9.82,49.11,4.58,24.0,2025-04-18,2025-10-16
503277,93,1036.64,11.15,55.73,3.83,13.63,2025-04-18,2025-10-16
200345,88,1036.48,11.78,58.89,3.92,24.0,2025-04-18,2025-09-24
409633,79,1032.25,13.07,65.33,7.25,16.75,2025-04-18,2025-10-10
420207,76,1027.64,13.52,67.61,8.0,16.67,2025-04-18,2025-10-10
500819,89,1026.62,11.54,57.68,7.45,16.63,2025-04-19,2025-10-15
406990,90,1021.93,11.35,56.77,2.4,24.0,2025-04-18,2025-09-24
415036,90,1016.42,11.29,56.47,0.5,24.0,2025-04-18,2025-10-16
410249,99,1016.0,10.26,51.31,6.5,14.5,2025-04-18,2025-10-16
409351,87,1015.25,11.67,58.35,8.0,16.58,2025-04-18,2025-10-16
418569,94,1015.09,10.8,53.99,7.63,16.45,2025-04-18,2025-10-10
501066,87,1014.28,11.66,58.29,6.63,16.48,2025-04-18,2025-09-20
503390,65,1006.06,15.48,77.39,8.0,20.83,2025-04-18,2025-09-23
501663,87,1004.09,11.54,57.71,4.63,19.02,2025-04-18,2025-10-16
409640,84,1003.12,11.94,59.71,6.53,16.62,2025-04-18,2025-09-24
506733,84,996.59,11.86,59.32,7.18,16.62,2025-04-18,2025-10-16
503963,99,996.23,10.06,50.31,8.05,19.32,2025-04-18,2025-10-16
417624,79,994.21,12.58,62.92,0.02,19.75,2025-04-18,2025-09-24
104337,84,992.34,11.81,59.07,1.97,13.52,2025-04-18,2025-10-14
408443,86,988.91,11.5,57.49,5.08,18.57,2025-04-18,2025-10-16
201994,97,988.87,10.19,50.97,8.0,16.77,2025-04-18,2025-10-16
101603,86,984.14,11.44,57.22,0.05,16.98,2025-04-18,2025-10-12
507654,73,983.49,13.47,67.36,4.67,16.65,2025-04-18,2025-10-09
504887,75,979.68,13.06,65.31,1.12,17.5,2025-04-18,2025-07-06
507430,73,975.34,13.36,66.8,6.35,17.0,2025-04-18,2025-09-24
101476,107,973.45,9.1,45.49,0.82,16.67,2025-04-18,2025-10-16
504448,91,970.55,10.67,53.33,7.28,16.52,2025-04-18,2025-09-24
409207,95,969.83,10.21,51.04,8.0,24.0,2025-04-18,2025-10-16
500839,94,965.47,10.27,51.35,4.67,24.0,2025-04-18,2025-10-16
420960,83,948.53,11.43,57.14,6.32,16.45,2025-04-18,2025-10-10
507547,81,944.74,11.66,58.32,0.17,16.67,2025-04-18,2025-10-14
417888,92,942.35,10.24,51.21,8.0,24.0,2025-04-18,2025-10-16
112097,77,941.44,12.23,61.13,8.0,17.5,2025-04-18,2025-10-10
202423,89,941.14,10.57,52.87,4.0,24.0,2025-04-21,2025-10-16
404410,75,940.59,12.54,62.71,8.97,16.5,2025-04-18,2025-10-16
503129,89,940.03,10.56,52.81,4.02,17.35,2025-04-18,2025-10-16
402925,93,939.89,10.11,50.53,3.88,12.62,2025-04-18,2025-10-16
409203,84,938.12,11.17,55.84,8.0,24.0,2025-04-18,2025-10-16
409638,76,936.55,12.32,61.62,7.48,16.67,2025-04-18,2025-10-10
414214,79,936.42,11.85,59.27,7.52,18.68,2025-04-18,2025-09-24
201448,74,935.17,12.64,63.19,8.0,16.57,2025-04-19,2025-09-27
102154,90,931.63,10.35,51.76,6.9,16.52,2025-04-18,2025-10-16
105095,74,926.99,12.53,62.63,1.0,13.67,2025-04-18,2025-10-13
418246,75,925.39,12.34,61.69,8.0,14.55,2025-04-18,2025-10-10
103140,102,921.0,9.03,45.15,7.4,15.5,2025-04-18,2025-10-16
407890,89,918.11,10.32,51.58,8.55,11.78,2025-04-18,2025-10-16
409650,76,917.78,12.08,60.38,1.33,17.57,2025-04-18,2025-09-24
202803,78,915.68,11.74,58.7,6.27,24.0,2025-04-18,2025-08-19
502213,73,910.67,12.47,62.37,5.1,13.03,2025-04-19,2025-10-10
201801,86,908.97,10.57,52.85,3.88,24.0,2025-04-18,2025-09-24
501819,87,907.5,10.43,52.16,4.48,24.0,2025-04-18,2025-10-16
501687,93,907.29,9.76,48.78,6.87,17.12,2025-04-18,2025-10-16
404799,93,906.78,9.75,48.75,7.5,14.57,2025-04-18,2025-10-16
112413,91,904.0,9.93,49.67,6.5,17.0,2025-04-18,2025-10-16
507765,90,902.31,10.03,50.13,8.0,15.43,2025-04-21,2025-10-16
400678,76,900.88,11.85,59.27,8.0,17.33,2025-04-18,2025-10-10
412328,78,900.79,11.55,57.74,6.73,16.5,2025-04-18,2025-10-16
421420,73,900.64,12.34,61.69,8.0,19.07,2025-04-18,2025-07-11
104729,88,897.35,10.2,50.99,3.73,16.52,2025-04-18,2025-10-16
504517,78,897.2,11.5,57.51,7.28,16.55,2025-04-18,2025-09-24
505180,96,896.83,9.34,46.71,0.27,16.92,2025-04-18,2025-10-14
405360,93,894.95,9.62,48.12,4.18,24.0,2025-04-18,2025-10-16
503515,102,893.92,8.76,43.82,8.0,11.37,2025-04-18,2025-10-10
105209,82,889.62,10.85,54.25,5.53,18.98,2025-04-18,2025-09-24
505245,86,887.88,10.32,51.62,3.77,16.62,2025-04-19,2025-10-15
507056,80,886.98,11.09,55.44,7.22,12.5,2025-04-21,2025-10-16
105013,76,883.21,11.62,58.11,0.43,13.9,2025-04-19,2025-10-16
101431,74,882.03,11.92,59.6,0.47,16.48,2025-04-19,2025-10-14
504371,97,881.47,9.09,45.44,4.0,17.08,2025-04-18,2025-10-16
504818,76,879.24,11.57,57.84,7.8,17.17,2025-04-18,2025-09-23
507601,81,878.97,10.85,54.26,2.72,16.87,2025-04-18,2025-09-23
205586,80,878.91,10.99,54.93,7.8,16.5,2025-04-18,2025-10-10
105469,94,878.44,9.35,46.73,5.95,9.52,2025-04-21,2025-10-16
413992,70,876.19,12.52,62.58,5.12,16.6,2025-04-18,2025-10-03
204237,83,873.32,10.52,52.61,3.13,14.83,2025-04-18,2025-10-16
101947,88,872.56,9.92,49.58,1.97,24.0,2025-04-18,2025-09-27
104883,102,871.72,8.55,42.73,7.68,12.07,2025-04-20,2025-10-16
505631,81,870.76,10.75,53.75,8.0,16.92,2025-04-18,2025-10-16
104006,72,869.66,12.08,60.39,8.47,12.98,2025-04-18,2025-10-12
104432,82,868.39,10.59,52.95,8.0,16.62,2025-04-18,2025-10-16
506185,90,868.14,9.65,48.23,0.47,17.57,2025-04-18,2025-10-16
505464,94,868.04,9.23,46.17,7.88,13.67,2025-04-19,2025-10-16
504372,88,866.06,9.84,49.21,7.78,16.27,2025-04-18,2025-10-16
418207,87,865.65,9.95,49.75,2.7,12.93,2025-04-18,2025-10-10
503759,80,865.22,10.82,54.08,2.45,14.27,2025-04-18,2025-10-10
103678,84,863.39,10.28,51.39,3.43,16.2,2025-04-18,2025-10-16
104987,89,863.22,9.7,48.5,8.0,16.57,2025-04-18,2025-10-16
101755,88,862.4,9.8,49.0,1.08,24.0,2025-04-18,2025-10-16
200930,87,860.37,9.89,49.45,4.52,13.52,2025-04-18,2025-10-16
416733,82,856.69,10.45,52.24,0.92,14.33,2025-04-18,2025-10-16
105314,85,851.96,10.02,50.12,4.0,10.55,2025-04-21,2025-10-16
502677,96,851.95,8.87,44.37,1.25,15.63,2025-04-18,2025-10-16
408119,84,850.73,10.13,50.64,2.58,12.87,2025-04-19,2025-10-16
412722,68,849.62,12.49,62.47,3.17,16.53,2025-04-18,2025-10-16
414964,100,848.5,8.49,42.43,8.0,8.5,2025-05-12,2025-10-16
502214,88,848.43,9.64,48.21,7.7,16.32,2025-04-18,2025-10-16
409239,84,848.05,10.1,50.48,4.5,12.83,2025-04-18,2025-10-16
409535,85,847.7,9.97,49.86,7.1,14.65,2025-04-18,2025-10-16
502984,90,847.48,9.42,47.08,6.0,16.65,2025-04-18,2025-10-16
416467,90,846.24,9.4,47.01,5.83,11.7,2025-04-18,2025-10-16
506145,67,842.71,12.58,62.89,8.5,16.88,2025-04-21,2025-10-16
406925,83,842.45,10.15,50.75,0.2,15.2,2025-04-18,2025-10-16
504432,67,841.8,12.56,62.82,8.12,16.5,2025-04-18,2025-10-16
506020,68,841.35,12.37,61.86,4.63,17.28,2025-04-18,2025-10-12
410114,73,841.09,11.52,57.61,4.0,12.97,2025-04-18,2025-10-11
103951,73,840.19,11.51,57.55,1.0,16.63,2025-04-18,2025-10-16
505306,89,839.0,9.43,47.13,4.9,18.95,2025-04-18,2025-10-16
416844,90,837.13,9.3,46.51,5.18,14.25,2025-04-18,2025-10-16
507359,78,835.24,10.71,53.54,7.13,17.3,2025-04-18,2025-09-24
418950,84,830.55,9.89,49.44,4.33,14.92,2025-04-18,2025-10-16
507119,73,829.27,11.36,56.8,1.0,13.67,2025-04-18,2025-10-16
407232,87,828.24,9.52,47.6,5.0,10.12,2025-04-18,2025-10-16
507602,89,824.94,9.27,46.34,4.5,16.53,2025-04-18,2025-09-24
200489,87,824.64,9.48,47.39,1.92,24.0,2025-04-18,2025-10-16
409118,82,824.5,10.05,50.27,2.0,20.0,2025-04-18,2025-10-15
417041,102,824.47,8.08,40.42,8.0,8.5,2025-04-18,2025-10-16
409604,85,823.38,9.69,48.43,8.0,16.32,2025-04-18,2025-10-10
503577,88,823.16,9.35,46.77,6.12,15.18,2025-04-18,2025-10-16
503248,91,823.03,9.04,45.22,5.33,13.77,2025-04-18,2025-10-16
103845,72,822.76,11.43,57.14,0.17,16.22,2025-04-18,2025-10-15
502129,71,822.59,11.59,57.93,0.93,12.5,2025-04-18,2025-10-13
503060,84,822.07,9.79,48.93,7.75,16.62,2025-04-18,2025-10-16
200803,71,821.36,11.57,57.84,1.5,13.32,2025-04-19,2025-10-16
111880,91,821.23,9.02,45.12,4.5,13.07,2025-04-18,2025-10-16
205446,82,819.9,10.0,49.99,6.12,13.65,2025-04-18,2025-10-16
414529,101,819.27,8.11,40.56,1.05,18.5,2025-04-18,2025-10-16
402460,86,819.13,9.52,47.62,1.88,13.57,2025-04-18,2025-09-24
101498,74,816.96,11.04,55.2,4.57,14.95,2025-04-19,2025-10-11
105567,70,816.69,11.67,58.34,1.0,13.92,2025-04-18,2025-10-12
114790,77,814.75,10.58,52.91,7.7,20.0,2025-04-18,2025-10-03
418578,75,814.35,10.86,54.29,4.27,20.5,2025-04-18,2025-10-15
200754,78,813.94,10.44,52.18,4.37,12.83,2025-04-18,2025-10-15
506904,81,812.31,10.03,50.14,4.8,20.5,2025-04-19,2025-10-16
416201,70,812.27,11.6,58.02,4.17,20.7,2025-04-21,2025-09-24
416990,69,811.96,11.77,58.84,3.72,13.13,2025-04-18,2025-10-09
408070,83,809.37,9.75,48.76,0.48,10.83,2025-04-21,2025-09-30
415480,71,809.22,11.4,56.99,1.73,14.25,2025-04-19,2025-10-07
507674,93,809.01,8.7,43.5,0.17,15.78,2025-04-18,2025-09-26
102772,79,808.64,10.24,51.18,6.52,15.18,2025-04-18,2025-09-24
419550,89,806.05,9.06,45.28,7.23,11.05,2025-04-18,2025-09-24
415118,78,805.54,10.33,51.64,4.23,16.27,2025-04-18,2025-10-10
101153,79,805.27,10.19,50.97,3.5,12.5,2025-04-18,2025-10-16
506869,84,804.02,9.57,47.86,3.62,16.82,2025-04-18,2025-10-16
502278,91,803.88,8.83,44.17,7.28,16.65,2025-04-18,2025-10-16
504272,81,803.39,9.92,49.59,8.0,13.55,2025-04-18,2025-10-16
201300,74,803.29,10.86,54.28,8.0,16.43,2025-04-18,2025-10-10
504154,68,803.11,11.81,59.05,3.97,16.0,2025-04-19,2025-10-12
504852,95,802.49,8.45,42.24,6.68,15.17,2025-04-18,2025-10-16
114661,81,801.35,9.89,49.47,3.08,14.5,2025-04-18,2025-10-16
103651,71,801.33,11.29,56.43,4.12,12.5,2025-04-19,2025-10-13
103775,65,801.2,12.33,61.63,5.08,12.83,2025-04-19,2025-10-14
413539,64,801.12,12.52,62.59,12.0,12.93,2025-04-18,2025-10-16
415733,87,800.71,9.2,46.02,4.42,20.0,2025-04-18,2025-10-16
503903,96,799.31,8.33,41.63,0.83,24.0,2025-04-18,2025-10-16
505096,92,799.25,8.69,43.44,4.77,10.32,2025-04-18,2025-10-16
104964,69,798.36,11.57,57.85,2.0,13.18,2025-04-19,2025-10-15
410751,89,798.23,8.97,44.84,4.45,11.28,2025-04-19,2025-10-16
505139,80,797.78,9.97,49.86,4.9,12.23,2025-04-18,2025-10-16
506470,92,797.76,8.67,43.36,1.12,17.1,2025-04-18,2025-10-16
503014,95,797.6,8.4,41.98,1.45,18.25,2025-04-18,2025-10-16
505487,74,797.47,10.78,53.88,8.0,16.57,2025-04-18,2025-10-16
104853,66,795.09,12.05,60.23,8.0,13.62,2025-04-18,2025-10-15
506713,76,794.9,10.46,52.3,4.17,13.7,2025-04-18,2025-09-27
104781,94,794.61,8.45,42.27,0.02,9.65,2025-04-18,2025-10-16
421888,85,793.42,9.33,46.67,1.22,16.75,2025-04-18,2025-10-10
101834,78,793.04,10.17,50.84,1.67,23.45,2025-04-19,2025-10-16
104402,94,792.51,8.43,42.15,6.0,8.62,2025-04-18,2025-10-16
403189,88,792.31,9.0,45.02,8.0,9.77,2025-04-18,2025-10-16
104122,80,789.93,9.87,49.37,3.02,16.57,2025-04-18,2025-10-16
409621,93,789.77,8.49,42.46,8.0,8.53,2025-04-18,2025-09-24
419123,67,788.73,11.77,58.86,8.35,16.78,2025-04-20,2025-10-16
403139,77,787.65,10.23,51.15,3.6,23.98,2025-04-18,2025-10-16
401052,89,786.39,8.84,44.18,6.17,16.58,2025-04-18,2025-10-16
409624,91,785.88,8.64,43.18,7.5,9.45,2025-04-19,2025-09-23
416560,71,785.44,11.06,55.31,1.87,14.72,2025-04-18,2025-10-10
505195,66,784.85,11.89,59.46,5.08,14.43,2025-04-18,2025-10-16
419098,94,784.0,8.34,41.7,7.97,9.17,2025-04-18,2025-10-16
421213,85,783.33,9.22,46.08,4.05,16.5,2025-04-18,2025-10-16
101526,86,782.73,9.1,45.51,7.68,17.1,2025-04-18,2025-10-16
504345,81,782.58,9.66,48.31,7.58,13.58,2025-04-18,2025-10-16
503260,85,781.64,9.2,45.98,6.82,16.47,2025-04-18,2025-10-16
105018,91,780.28,8.57,42.87,3.82,12.85,2025-04-18,2025-10-16
417701,77,779.61,10.12,50.62,7.33,10.77,2025-04-18,2025-10-10
415040,65,778.85,11.98,59.91,1.1,16.52,2025-04-20,2025-10-16
202517,92,778.06,8.46,42.29,3.0,9.47,2025-04-18,2025-10-16
203523,73,776.72,10.64,53.2,4.0,17.17,2025-04-18,2025-10-16
203904,75,776.71,10.36,51.78,8.03,12.9,2025-04-18,2025-10-11
201228,92,775.7,8.43,42.16,6.5,9.5,2025-04-18,2025-10-16
104563,91,775.42,8.52,42.61,7.25,9.75,2025-04-18,2025-10-16
405679,64,774.95,12.11,60.54,12.0,12.85,2025-04-21,2025-10-14
503264,74,774.88,10.47,52.36,7.52,14.92,2025-04-18,2025-10-03
104754,84,774.88,9.22,46.12,5.0,20.0,2025-04-18,2025-10-16
415471,75,774.37,10.32,51.62,4.12,10.68,2025-04-18,2025-10-11
406900,71,773.14,10.89,54.45,1.9,24.0,2025-04-21,2025-10-16
409530,83,772.96,9.31,46.56,8.5,10.87,2025-04-20,2025-10-16
104367,68,772.92,11.37,56.83,4.42,16.72,2025-04-18,2025-10-16
415518,62,771.98,12.45,62.26,5.4,13.77,2025-04-18,2025-10-15
506940,75,771.65,10.29,51.44,5.25,16.6,2025-04-18,2025-07-18
504036,69,771.52,11.18,55.91,7.0,18.0,2025-04-18,2025-09-24
501064,67,771.48,11.51,57.57,4.5,12.58,2025-04-18,2025-10-16
502819,101,770.96,7.63,38.17,0.6,17.78,2025-04-18,2025-10-16
412517,80,770.79,9.63,48.17,8.0,12.65,2025-04-18,2025-10-16
412108,75,770.52,10.27,51.37,8.0,13.43,2025-04-18,2025-10-10
104543,74,770.41,10.41,52.05,0.25,13.22,2025-04-18,2025-10-16
504592,87,769.51,8.84,44.22,6.12,16.47,2025-04-18,2025-10-16
13451,86,769.48,8.95,44.74,6.6,15.52,2025-04-18,2025-10-16
416786,67,769.42,11.48,57.42,8.0,13.82,2025-04-18,2025-09-24
405865,90,766.34,8.51,42.57,8.0,10.55,2025-04-18,2025-10-16
410988,85,766.06,9.01,45.06,6.07,16.08,2025-04-18,2025-10-16
120731,71,766.0,10.79,53.94,4.0,17.08,2025-04-21,2025-10-10
501320,90,765.9,8.51,42.55,8.0,8.78,2025-04-18,2025-10-16
504983,76,765.65,10.07,50.37,2.5,16.18,2025-04-18,2025-10-13
105487,67,765.53,11.43,57.13,1.0,13.23,2025-04-18,2025-10-12
422339,90,765.33,8.5,42.52,0.5,11.17,2025-04-18,2025-10-16
501712,77,764.29,9.93,49.63,1.0,13.22,2025-04-20,2025-10-16
115483,71,764.17,10.76,53.81,5.05,12.75,2025-04-21,2025-10-16
507791,70,764.12,10.92,54.58,0.02,17.37,2025-04-18,2025-09-23
506194,73,763.54,10.46,52.3,1.0,12.65,2025-04-21,2025-10-15
204219,71,763.24,10.75,53.75,2.0,13.32,2025-04-18,2025-10-09
507446,90,763.13,8.48,42.4,6.52,9.12,2025-04-20,2025-10-16
505735,63,762.83,12.11,60.54,3.97,24.0,2025-04-18,2025-09-26
506521,85,762.04,8.97,44.83,2.02,10.8,2025-04-18,2025-10-16
501772,64,761.93,11.91,59.53,3.9,12.8,2025-04-18,2025-10-16
114903,80,761.5,9.52,47.59,8.0,16.0,2025-04-18,2025-10-16
416731,71,761.36,10.72,53.62,7.5,16.18,2025-04-20,2025-09-30
502532,84,761.31,9.06,45.32,7.53,9.57,2025-04-18,2025-10-16
502188,82,760.44,9.27,46.37,5.15,14.97,2025-04-18,2025-10-16
413801,65,760.0,11.69,58.46,2.0,12.87,2025-04-18,2025-10-14
422501,83,759.95,9.16,45.78,3.97,11.97,2025-04-18,2025-10-16
101284,92,759.73,8.26,41.29,5.62,9.83,2025-04-18,2025-09-26
414203,92,759.65,8.26,41.29,0.5,8.8,2025-04-18,2025-10-16
409330,87,759.59,8.73,43.65,7.0,23.98,2025-04-18,2025-10-16
400915,75,758.41,10.11,50.56,8.0,11.52,2025-04-18,2025-10-16
409591,86,758.06,8.81,44.07,6.55,10.0,2025-04-18,2025-09-26
102156,74,757.86,10.24,51.21,4.62,11.5,2025-04-18,2025-10-15
500532,83,756.71,9.12,45.58,4.65,16.5,2025-04-18,2025-10-14
413839,86,756.53,8.8,43.98,7.87,15.47,2025-04-18,2025-10-16
506371,77,756.51,9.82,49.12,3.98,12.57,2025-04-18,2025-10-15
202826,87,756.0,8.69,43.45,4.0,13.5,2025-04-18,2025-10-16
200516,89,755.65,8.49,42.45,6.52,10.05,2025-04-18,2025-10-16
506726,81,755.31,9.32,46.62,8.0,16.3,2025-04-18,2025-09-24
116451,90,755.07,8.39,41.95,6.75,8.6,2025-04-18,2025-10-16
105323,84,754.89,8.99,44.93,4.5,14.0,2025-04-18,2025-10-15
421646,80,753.12,9.41,47.07,8.27,16.52,2025-04-19,2025-10-15
504601,80,752.5,9.41,47.03,8.5,17.0,2025-04-18,2025-10-16
104213,90,752.23,8.36,41.79,5.62,8.97,2025-04-18,2025-10-16
416637,85,752.06,8.85,44.24,6.3,24.0,2025-04-20,2025-10-16
413145,90,751.96,8.36,41.78,3.12,8.75,2025-04-18,2025-10-11
105132,63,751.75,11.93,59.66,4.02,12.72,2025-04-19,2025-10-16
103699,91,751.53,8.26,41.29,5.0,15.17,2025-04-18,2025-10-16
115101,84,751.33,8.94,44.72,8.0,15.05,2025-04-18,2025-09-27
105374,62,750.86,12.11,60.55,8.12,12.98,2025-04-21,2025-10-16
201746,72,750.19,10.42,52.1,6.4,11.4,2025-04-21,2025-10-16
415674,76,750.19,9.87,49.35,8.0,12.07,2025-04-18,2025-10-16
102637,90,750.14,8.33,41.67,1.32,8.7,2025-04-18,2025-10-16
505244,71,749.85,10.56,52.81,4.28,16.63,2025-04-19,2025-10-10
102087,84,749.82,8.93,44.63,6.0,17.0,2025-04-18,2025-10-16
120243,81,749.73,9.26,46.28,6.43,11.98,2025-04-18,2025-10-16
402985,88,749.6,8.52,42.59,6.62,9.13,2025-04-18,2025-10-16
116869,71,749.56,10.56,52.79,4.0,12.83,2025-04-18,2025-10-14
415752,63,749.53,11.9,59.49,6.07,17.4,2025-04-18,2025-09-24
410226,81,749.5,9.25,46.27,5.0,18.0,2025-04-18,2025-10-14
101861,67,749.48,11.19,55.93,4.0,13.02,2025-04-19,2025-10-13
105207,90,749.2,8.32,41.62,6.07,15.93,2025-04-18,2025-09-23
504387,84,749.0,8.92,44.58,5.0,17.0,2025-04-20,2025-10-16
505089,86,748.54,8.7,43.52,6.33,15.5,2025-04-18,2025-10-16
506370,87,748.49,8.6,43.02,3.05,12.5,2025-04-18,2025-10-16
416460,62,748.46,12.07,60.36,4.12,16.78,2025-04-18,2025-10-09
416343,60,747.74,12.46,62.31,2.0,13.35,2025-04-19,2025-10-15
506499,89,747.25,8.4,41.98,5.05,9.15,2025-04-18,2025-10-16
417617,73,746.78,10.23,51.15,6.73,17.4,2025-04-18,2025-09-23
102861,87,746.66,8.58,42.91,5.5,9.75,2025-04-18,2025-10-16
334909,70,746.5,10.66,53.32,4.52,12.87,2025-04-18,2025-10-16
504869,85,746.12,8.78,43.89,7.97,14.97,2025-04-18,2025-10-16
407484,82,745.81,9.1,45.48,8.0,10.37,2025-04-18,2025-10-16
410485,91,745.72,8.19,40.97,1.93,11.08,2025-04-18,2025-10-16
415231,82,745.66,9.09,45.47,7.25,11.15,2025-04-18,2025-10-16
105217,66,745.6,11.3,56.48,4.2,12.85,2025-04-19,2025-10-13
422192,81,745.54,9.2,46.02,3.7,12.77,2025-04-18,2025-10-16
421628,81,745.1,9.2,45.99,8.0,16.43,2025-04-18,2025-10-16
414535,89,745.07,8.37,41.86,4.8,8.72,2025-04-18,2025-10-16
407651,90,744.98,8.28,41.39,1.68,8.78,2025-04-18,2025-10-16
202678,87,744.9,8.56,42.81,6.53,10.8,2025-04-18,2025-10-16
409642,84,744.66,8.87,44.33,7.48,10.47,2025-04-18,2025-10-10
113689,79,744.6,9.43,47.13,7.73,16.28,2025-04-18,2025-10-16
400797,88,743.9,8.45,42.27,7.08,8.62,2025-04-18,2025-09-24
412042,82,742.92,9.06,45.3,5.12,12.75,2025-04-18,2025-10-16
507470,85,742.79,8.74,43.69,8.13,11.17,2025-04-19,2025-10-15
406321,75,742.57,9.9,49.5,1.48,11.4,2025-04-22,2025-10-11
203833,71,742.21,10.45,52.27,8.0,11.62,2025-04-18,2025-10-11
503158,88,741.62,8.43,42.14,1.0,12.5,2025-04-18,2025-10-16
101561,72,741.21,10.29,51.47,7.73,16.53,2025-04-21,2025-10-15
103685,90,740.82,8.23,41.16,2.37,9.03,2025-04-18,2025-10-16
105495,84,740.79,8.82,44.09,2.02,16.5,2025-04-18,2025-10-16
412113,87,740.74,8.51,42.57,8.0,9.12,2025-04-18,2025-10-16
418706,88,740.69,8.42,42.08,8.0,9.07,2025-04-18,2025-10-16
419053,84,740.06,8.81,44.05,4.43,10.2,2025-04-18,2025-10-16
418564,80,739.82,9.25,46.24,5.17,17.13,2025-04-19,2025-09-24
103860,89,739.82,8.31,41.56,1.25,9.05,2025-04-18,2025-10-16
105368,82,739.3,9.02,45.08,8.0,10.05,2025-04-18,2025-10-16
412432,59,739.18,12.53,62.64,7.55,14.58,2025-04-18,2025-10-04
203217,60,738.82,12.31,61.57,4.0,12.8,2025-04-21,2025-10-15
506222,61,738.17,12.1,60.51,1.0,17.18,2025-04-22,2025-10-16
409269,86,738.15,8.58,42.92,7.82,9.5,2025-04-18,2025-10-16
419548,81,737.86,9.11,45.55,3.6,20.5,2025-04-18,2025-10-16
101820,68,737.75,10.85,54.25,1.0,18.88,2025-04-18,2025-10-16
102037,84,737.31,8.78,43.89,2.62,9.45,2025-04-18,2025-10-16
417195,72,736.77,10.23,51.16,5.5,10.93,2025-04-18,2025-10-15
421328,87,736.71,8.47,42.34,8.0,8.82,2025-04-18,2025-10-16
422452,67,736.58,10.99,54.97,6.28,15.12,2025-04-18,2025-09-25
506494,86,736.56,8.56,42.82,0.98,12.38,2025-04-18,2025-10-16
503433,89,736.36,8.27,41.37,1.0,9.8,2025-04-18,2025-10-16
413802,60,736.01,12.27,61.33,8.0,12.65,2025-04-20,2025-10-16
421019,81,735.88,9.08,45.42,7.8,12.65,2025-04-18,2025-10-16
203507,99,735.17,7.43,37.13,0.25,12.0,2025-04-18,2025-10-16
334984,70,735.0,10.5,52.5,10.0,11.13,2025-04-21,2025-10-09
501020,84,734.96,8.75,43.75,2.38,20.5,2025-04-18,2025-10-16
202583,86,734.83,8.54,42.72,8.0,14.87,2025-04-18,2025-09-24
414350,84,734.59,8.75,43.73,7.27,16.5,2025-04-18,2025-10-16
102396,83,734.55,8.85,44.25,5.17,12.8,2025-04-19,2025-09-24
505709,73,734.17,10.06,50.29,4.2,12.52,2025-04-21,2025-10-11
201076,61,733.9,12.03,60.16,8.0,19.82,2025-04-22,2025-10-09
503109,81,733.48,9.06,45.28,3.12,10.32,2025-04-18,2025-10-10
505261,88,733.41,8.33,41.67,0.25,16.12,2025-04-18,2025-10-15
101141,91,733.28,8.06,40.29,4.4,8.95,2025-04-19,2025-10-16
416773,83,733.08,8.83,44.16,6.1,13.25,2025-04-18,2025-10-14
422028,82,733.01,8.94,44.7,4.0,17.0,2025-04-18,2025-10-16
102244,84,732.97,8.73,43.63,6.25,14.5,2025-04-18,2025-10-16
503821,82,732.96,8.94,44.69,5.37,16.58,2025-04-18,2025-10-16
417963,61,732.88,12.01,60.07,1.0,13.25,2025-04-18,2025-10-10
200273,60,732.68,12.21,61.06,0.5,16.62,2025-04-18,2025-10-10
503103,58,732.68,12.63,63.16,8.5,16.5,2025-04-18,2025-10-16
500594,63,732.67,11.63,58.15,4.42,16.2,2025-04-18,2025-10-12
411860,85,732.47,8.62,43.09,2.25,10.13,2025-04-18,2025-10-16
400820,86,732.11,8.51,42.56,8.0,10.5,2025-04-18,2025-10-16
140119,82,732.06,8.93,44.64,8.0,9.62,2025-04-18,2025-10-16
413322,78,731.95,9.38,46.92,0.28,17.0,2025-04-18,2025-10-10
102506,64,731.79,11.43,57.17,1.0,16.45,2025-04-18,2025-10-12
506675,64,731.71,11.43,57.16,0.02,16.0,2025-04-18,2025-09-24
422106,59,731.36,12.4,61.98,8.0,13.27,2025-04-18,2025-10-16
504895,83,731.22,8.81,44.05,5.48,24.0,2025-04-18,2025-10-16
205625,73,731.21,10.02,50.08,2.0,11.18,2025-04-21,2025-10-16
334958,82,731.0,8.91,44.57,4.0,15.5,2025-04-18,2025-10-16
505705,80,730.3,9.13,45.64,8.0,16.62,2025-04-18,2025-10-14
504298,82,730.04,8.9,44.51,8.32,16.48,2025-04-18,2025-10-16
104821,86,729.29,8.48,42.4,6.38,9.62,2025-04-18,2025-10-16
101478,70,729.11,10.42,52.08,4.0,12.53,2025-04-19,2025-10-15
408243,82,728.75,8.89,44.44,2.1,9.85,2025-04-18,2025-10-16
401646,86,728.71,8.47,42.37,5.63,15.6,2025-04-18,2025-10-16
504865,77,728.71,9.46,47.32,8.0,16.4,2025-04-18,2025-10-16
140114,82,728.37,8.88,44.41,5.92,10.07,2025-04-18,2025-10-16
503307,88,728.15,8.27,41.37,5.45,9.03,2025-04-18,2025-10-16
413269,81,728.05,8.99,44.94,4.63,12.37,2025-04-18,2025-10-16
105406,86,727.91,8.46,42.32,8.0,8.58,2025-04-18,2025-10-16
101185,88,727.88,8.27,41.36,1.58,9.03,2025-04-18,2025-10-16
411095,60,727.74,12.13,60.64,5.12,13.27,2025-04-18,2025-10-15
413061,87,727.2,8.36,41.79,7.72,8.73,2025-04-18,2025-10-16
103857,85,727.15,8.55,42.77,7.75,9.42,2025-04-18,2025-10-16
420462,101,726.77,7.2,35.98,1.13,15.38,2025-04-18,2025-10-16
11326,82,726.65,8.86,44.31,3.72,11.08,2025-04-18,2025-10-16
419401,85,726.48,8.55,42.73,3.7,10.05,2025-04-18,2025-10-16
505256,63,726.47,11.53,57.66,4.45,15.55,2025-04-19,2025-10-14
505260,92,726.47,7.9,39.48,1.0,9.92,2025-04-18,2025-10-16
409819,85,726.39,8.55,42.73,5.07,15.43,2025-04-18,2025-10-16
421885,73,726.19,9.95,49.74,3.77,13.93,2025-04-18,2025-10-10
422656,81,726.11,8.96,44.82,8.0,10.02,2025-04-18,2025-10-16
502008,64,726.08,11.35,56.73,4.88,12.78,2025-04-18,2025-10-16
504013,82,725.94,8.85,44.26,7.35,14.73,2025-04-18,2025-10-16
409637,72,725.9,10.08,50.41,5.3,15.43,2025-04-18,2025-09-24
502542,85,725.79,8.54,42.69,0.68,11.82,2025-04-18,2025-10-16
104573,61,725.71,11.9,59.48,0.07,16.55,2025-04-18,2025-10-15
412811,82,725.69,8.85,44.25,3.62,12.93,2025-04-18,2025-10-16
419474,73,725.67,9.94,49.7,5.25,16.25,2025-04-18,2025-10-16
505498,81,725.62,8.96,44.79,7.45,10.55,2025-04-18,2025-10-16
418492,58,725.35,12.51,62.53,2.5,13.15,2025-04-19,2025-10-16
502584,83,725.23,8.74,43.69,7.08,20.0,2025-04-18,2025-10-16
507685,68,725.18,10.66,53.32,5.58,14.08,2025-04-18,2025-09-27
202842,66,725.06,10.99,54.93,0.5,16.5,2025-04-22,2025-10-08
401719,85,724.75,8.53,42.63,6.2,9.48,2025-04-18,2025-10-16
103726,67,724.72,10.82,54.08,4.0,13.15,2025-04-18,2025-10-16
506444,83,724.54,8.73,43.65,7.5,12.77,2025-04-18,2025-10-16
418774,81,724.07,8.94,44.7,7.37,11.1,2025-04-18,2025-10-16
406963,79,723.92,9.16,45.82,3.5,24.0,2025-04-18,2025-10-16
502167,82,723.56,8.82,44.12,7.38,15.13,2025-04-18,2025-10-16
14882,88,723.28,8.22,41.1,3.18,9.08,2025-04-18,2025-10-16
105445,82,723.21,8.82,44.1,8.0,15.62,2025-04-18,2025-10-16
418159,78,723.21,9.27,46.36,2.73,13.68,2025-04-18,2025-10-16
409461,59,722.74,12.25,61.25,8.0,13.88,2025-04-18,2025-09-24
503771,84,722.6,8.6,43.01,8.0,9.1,2025-04-18,2025-10-16
504979,86,722.52,8.4,42.01,2.95,12.0,2025-04-18,2025-10-16
506503,86,722.52,8.4,42.01,4.05,8.57,2025-04-18,2025-10-16
4185,85,722.5,8.5,42.5,8.5,8.5,2025-04-18,2025-08-14
1678,85,722.5,8.5,42.5,8.5,8.5,2025-04-18,2025-08-14
3826,85,722.5,8.5,42.5,8.5,8.5,2025-04-18,2025-08-14
4642,85,722.5,8.5,42.5,8.5,8.5,2025-04-18,2025-08-14
3969,85,722.5,8.5,42.5,8.5,8.5,2025-04-18,2025-08-14
415309,57,722.39,12.67,63.37,8.0,17.12,2025-04-23,2025-10-14
416174,78,721.99,9.26,46.28,7.42,17.42,2025-04-18,2025-10-16
417656,82,721.93,8.8,44.02,6.9,13.18,2025-04-18,2025-10-16
421955,72,721.81,10.03,50.13,3.92,14.6,2025-04-18,2025-10-12
505278,73,721.74,9.89,49.43,6.55,12.28,2025-04-18,2025-10-03
203698,80,721.63,9.02,45.1,4.62,10.62,2025-04-18,2025-10-16
104810,85,721.51,8.49,42.44,8.0,9.0,2025-04-18,2025-10-15
102430,85,721.48,8.49,42.44,6.03,12.53,2025-04-18,2025-10-16
101456,75,721.43,9.62,48.1,6.2,16.8,2025-04-18,2025-10-16
500592,74,721.28,9.75,48.74,1.0,12.75,2025-04-18,2025-10-16
103288,87,720.93,8.29,41.43,3.78,9.07,2025-04-18,2025-10-16
415194,89,720.93,8.1,40.5,0.5,9.0,2025-04-18,2025-10-16
501483,82,720.92,8.79,43.96,6.95,12.63,2025-04-18,2025-10-16
402608,85,720.84,8.48,42.4,1.0,13.23,2025-04-18,2025-10-16
504271,84,720.5,8.58,42.89,1.0,16.5,2025-04-19,2025-10-16
10195,83,720.29,8.68,43.39,6.4,10.38,2025-04-18,2025-10-16
412609,82,720.17,8.78,43.91,5.03,10.52,2025-04-18,2025-10-16
420019,60,719.7,12.0,59.98,4.0,12.85,2025-04-18,2025-10-15
104352,82,719.25,8.77,43.86,3.93,16.0,2025-04-18,2025-10-16
502084,78,719.23,9.22,46.1,5.3,11.5,2025-04-18,2025-10-16
411899,82,719.17,8.77,43.85,7.83,15.57,2025-04-18,2025-10-16
422449,67,719.08,10.73,53.66,1.6,13.1,2025-04-18,2025-09-24
501485,86,719.06,8.36,41.81,2.0,11.37,2025-04-18,2025-10-16
417688,71,719.04,10.13,50.64,3.97,12.5,2025-04-18,2025-10-15
506580,83,718.94,8.66,43.31,0.72,13.45,2025-04-18,2025-10-16
505605,63,718.9,11.41,57.06,4.0,13.1,2025-04-18,2025-10-11
87320,85,718.9,8.46,42.29,8.0,10.58,2025-04-18,2025-10-16
414209,85,718.85,8.46,42.29,7.55,9.0,2025-04-18,2025-10-10
11201,82,718.68,8.76,43.82,7.52,10.42,2025-04-18,2025-10-16
504282,82,718.26,8.76,43.8,7.6,9.92,2025-04-18,2025-10-16
114654,82,718.23,8.76,43.79,8.0,13.75,2025-04-18,2025-10-16
105458,61,717.55,11.76,58.82,1.0,13.22,2025-04-18,2025-10-12
105380,84,717.34,8.54,42.7,7.27,9.5,2025-04-18,2025-10-16
102134,83,717.24,8.64,43.21,2.0,12.07,2025-04-18,2025-10-16
407737,82,717.16,8.75,43.73,8.0,11.37,2025-04-18,2025-10-16
102953,85,717.14,8.44,42.18,8.0,14.3,2025-04-19,2025-10-16
402548,81,717.14,8.85,44.27,5.57,11.18,2025-04-18,2025-10-16
12527,85,717.08,8.44,42.18,4.67,9.95,2025-04-18,2025-10-16
418749,84,716.91,8.53,42.67,5.95,13.33,2025-04-18,2025-10-16
101256,67,716.78,10.7,53.49,1.0,12.5,2025-04-18,2025-10-08
121033,65,716.78,11.03,55.14,0.5,13.38,2025-04-21,2025-10-16
503179,83,716.77,8.64,43.18,7.03,10.42,2025-04-18,2025-10-16
203680,65,716.56,11.02,55.12,1.0,13.35,2025-04-22,2025-10-16
101761,70,716.26,10.23,51.16,0.05,12.82,2025-04-19,2025-10-16
418568,86,715.96,8.33,41.63,5.92,8.62,2025-04-18,2025-10-16
335201,75,715.93,9.55,47.73,4.0,16.67,2025-04-21,2025-09-26
419116,84,715.48,8.52,42.59,7.37,12.13,2025-04-18,2025-10-16
505405,84,715.47,8.52,42.59,3.02,15.5,2025-04-18,2025-10-16
501245,82,715.36,8.72,43.62,5.67,9.6,2025-04-18,2025-10-16
101417,87,715.21,8.22,41.1,4.0,12.02,2025-04-18,2025-10-16
102978,82,715.02,8.72,43.6,3.4,14.5,2025-04-18,2025-10-15
105268,85,714.98,8.41,42.06,8.0,8.87,2025-04-18,2025-10-15
505827,81,714.96,8.83,44.13,6.98,11.63,2025-04-18,2025-10-16
15435,83,714.95,8.61,43.07,7.47,14.03,2025-04-18,2025-10-16
413491,78,714.8,9.16,45.82,6.43,11.12,2025-04-18,2025-10-10
101868,85,714.79,8.41,42.05,6.22,8.72,2025-04-18,2025-10-16
505892,82,714.62,8.71,43.57,5.58,10.42,2025-04-18,2025-10-16
419649,76,714.3,9.4,46.99,3.12,20.5,2025-04-18,2025-10-10
421340,74,714.27,9.65,48.26,4.63,16.53,2025-04-19,2025-10-15
415304,84,714.23,8.5,42.51,7.8,9.35,2025-04-18,2025-10-16
336750,85,714.2,8.4,42.01,4.97,9.07,2025-04-18,2025-10-16
101282,83,714.16,8.6,43.02,7.93,12.28,2025-04-19,2025-10-16
414096,85,714.15,8.4,42.01,4.97,9.05,2025-04-18,2025-10-16
407353,83,713.86,8.6,43.0,0.53,13.2,2025-04-22,2025-10-16
505711,83,713.71,8.6,42.99,1.25,12.45,2025-04-18,2025-10-16
500953,85,713.7,8.4,41.98,7.25,9.25,2025-04-18,2025-10-16
421256,57,713.34,12.51,62.57,12.0,12.8,2025-04-18,2025-10-16
506443,89,713.23,8.01,40.07,1.0,8.7,2025-04-18,2025-10-16
505728,83,712.59,8.59,42.93,7.8,15.62,2025-04-18,2025-10-16
15254,85,712.57,8.38,41.92,0.25,20.5,2025-04-21,2025-10-16
15151,84,712.44,8.48,42.41,6.07,8.72,2025-04-18,2025-10-16
506636,84,712.41,8.48,42.41,6.62,8.62,2025-04-18,2025-10-16
101937,87,712.32,8.19,40.94,4.02,10.85,2025-04-18,2025-10-16
101733,83,712.31,8.58,42.91,6.0,9.3,2025-04-18,2025-10-16
503833,83,712.2,8.58,42.9,7.15,15.5,2025-04-18,2025-10-16
503586,85,712.16,8.38,41.89,6.33,8.77,2025-04-18,2025-10-16
503613,86,712.02,8.28,41.4,1.85,12.53,2025-04-18,2025-10-16
406394,82,711.99,8.68,43.41,5.98,11.02,2025-04-18,2025-10-16
416691,84,711.87,8.47,42.37,5.72,9.18,2025-04-18,2025-10-16
412235,80,711.86,8.9,44.49,7.48,9.82,2025-04-18,2025-10-03
504140,83,711.67,8.57,42.87,8.0,9.5,2025-04-18,2025-10-16
104465,64,711.65,11.12,55.6,0.17,12.83,2025-04-19,2025-10-13
103340,86,711.6,8.27,41.37,4.0,9.8,2025-04-18,2025-10-16
506193,59,711.54,12.06,60.3,5.62,12.55,2025-04-18,2025-10-14
410883,86,711.39,8.27,41.36,7.47,9.02,2025-04-18,2025-09-24
506592,81,711.14,8.78,43.9,7.58,13.68,2025-04-21,2025-10-16
302265,76,711.11,9.36,46.78,8.0,16.82,2025-04-18,2025-10-10
408024,58,711.11,12.26,61.3,5.02,16.5,2025-04-19,2025-10-16
500590,59,710.97,12.05,60.25,7.97,13.03,2025-04-19,2025-10-13
104815,58,710.95,12.26,61.29,6.0,13.42,2025-04-18,2025-10-16
502462,96,710.93,7.41,37.03,1.07,15.4,2025-04-18,2025-10-16
414863,85,710.85,8.36,41.81,4.5,8.72,2025-04-18,2025-10-16
402408,79,710.74,9.0,44.98,0.02,11.87,2025-04-18,2025-10-16
335640,86,710.57,8.26,41.31,2.28,10.57,2025-04-18,2025-10-16
413306,86,710.56,8.26,41.31,0.87,9.47,2025-04-18,2025-10-16
102126,86,710.51,8.26,41.31,0.5,8.58,2025-04-18,2025-10-16
503261,79,710.39,8.99,44.96,5.93,13.22,2025-04-18,2025-10-16
412772,82,710.3,8.66,43.31,3.73,14.87,2025-04-18,2025-10-16
500578,83,710.27,8.56,42.79,7.23,12.43,2025-04-18,2025-10-16
505265,68,709.88,10.44,52.2,0.7,18.88,2025-04-18,2025-10-16
412384,70,709.76,10.14,50.7,1.12,13.12,2025-04-19,2025-10-16
202459,83,709.76,8.55,42.76,6.12,11.65,2025-04-18,2025-10-16
102809,76,709.69,9.34,46.69,6.78,12.07,2025-04-18,2025-10-03
506569,71,709.53,9.99,49.97,2.97,11.37,2025-04-20,2025-10-15
116501,84,709.46,8.45,42.23,8.0,8.53,2025-04-18,2025-10-16
505864,69,709.42,10.28,51.41,5.93,10.97,2025-04-18,2025-10-16
15434,91,709.37,7.8,38.98,2.08,14.02,2025-04-18,2025-10-16
408226,57,709.31,12.44,62.22,4.0,13.37,2025-04-21,2025-10-16
503062,85,709.28,8.34,41.72,1.83,12.73,2025-04-18,2025-10-16
506745,59,709.22,12.02,60.1,8.33,12.55,2025-04-21,2025-10-15
418152,58,709.21,12.23,61.14,8.0,14.0,2025-04-22,2025-10-16
103174,71,709.19,9.99,49.94,3.75,12.35,2025-04-18,2025-10-15
413579,81,709.1,8.75,43.77,8.0,16.32,2025-04-18,2025-10-16
504443,57,709.03,12.44,62.2,12.0,16.6,2025-04-18,2025-10-15
10136,85,708.96,8.34,41.7,3.87,16.13,2025-04-18,2025-10-16
506461,81,708.92,8.75,43.76,2.0,10.03,2025-04-18,2025-10-16
14411,90,708.74,7.87,39.37,7.0,15.73,2025-04-19,2025-10-16
102363,85,708.72,8.34,41.69,4.0,9.35,2025-04-18,2025-10-16
506676,82,708.69,8.64,43.21,8.0,10.83,2025-04-18,2025-10-16
104384,82,708.68,8.64,43.21,6.15,9.25,2025-04-18,2025-10-16
504885,82,708.62,8.64,43.21,3.75,9.97,2025-04-18,2025-10-16
418364,68,708.56,10.42,52.1,5.32,11.75,2025-04-18,2025-10-16
503881,79,708.5,8.97,44.84,7.18,10.58,2025-04-18,2025-10-16
422049,58,708.39,12.21,61.07,4.38,13.2,2025-04-18,2025-10-08
105516,84,707.9,8.43,42.14,8.0,8.9,2025-04-18,2025-10-16
420437,82,707.61,8.63,43.15,7.52,15.37,2025-04-18,2025-10-16
411957,77,707.37,9.19,45.93,5.57,12.05,2025-04-19,2025-10-15
505991,84,707.34,8.42,42.1,6.33,9.07,2025-04-18,2025-10-14
409460,83,707.25,8.52,42.61,8.0,12.5,2025-04-18,2025-10-16
101850,84,707.21,8.42,42.1,0.77,9.48,2025-04-18,2025-10-16
507653,80,707.18,8.84,44.2,4.5,13.67,2025-04-18,2025-10-16
506425,84,707.15,8.42,42.09,5.77,9.22,2025-04-18,2025-10-16
101199,84,707.12,8.42,42.09,6.0,10.35,2025-04-18,2025-10-16
104134,83,707.06,8.52,42.59,7.33,8.62,2025-04-18,2025-10-16
111629,79,706.81,8.95,44.73,4.58,20.5,2025-04-18,2025-10-16
503829,82,706.81,8.62,43.1,8.0,9.8,2025-04-18,2025-10-16
506823,79,706.74,8.95,44.73,0.5,11.55,2025-04-18,2025-10-10
412468,58,706.71,12.18,60.92,2.0,12.82,2025-04-18,2025-10-16
202840,57,706.66,12.4,61.99,8.0,13.88,2025-04-21,2025-10-14
304212,69,706.61,10.24,51.2,3.12,14.33,2025-04-18,2025-09-24
405198,82,706.51,8.62,43.08,4.47,10.12,2025-04-18,2025-10-16
422072,82,706.44,8.62,43.08,4.33,10.03,2025-04-18,2025-10-16
503198,82,706.43,8.62,43.08,4.43,9.23,2025-04-18,2025-10-16
418780,80,706.41,8.83,44.15,5.9,10.23,2025-04-18,2025-10-16
419944,84,706.39,8.41,42.05,0.27,16.57,2025-04-18,2025-10-16
505870,82,706.23,8.61,43.06,3.27,15.47,2025-04-18,2025-10-16
418767,78,705.86,9.05,45.25,8.0,16.1,2025-04-18,2025-10-16
505412,83,705.7,8.5,42.51,5.17,14.95,2025-04-18,2025-10-16
500791,85,705.68,8.3,41.51,1.48,11.03,2025-04-18,2025-10-16
204105,57,705.43,12.38,61.88,3.0,13.25,2025-04-19,2025-10-13
507571,77,705.34,9.16,45.8,8.0,16.63,2025-04-19,2025-10-16
14460,82,705.19,8.6,43.0,8.0,12.55,2025-04-19,2025-10-16
104989,83,705.13,8.5,42.48,8.0,8.67,2025-04-20,2025-10-16
102817,89,704.92,7.92,39.6,2.03,9.78,2025-04-18,2025-10-16
506282,82,704.85,8.6,42.98,8.0,8.87,2025-04-18,2025-10-16
422144,83,704.84,8.49,42.46,6.83,10.02,2025-04-18,2025-10-16
103989,69,704.81,10.21,51.07,4.0,12.5,2025-04-18,2025-09-26
416617,82,704.79,8.59,42.97,8.0,9.87,2025-04-18,2025-10-16
503468,83,704.7,8.49,42.45,8.0,8.73,2025-04-20,2025-10-16
505400,76,704.6,9.27,46.36,6.58,15.77,2025-04-18,2025-10-16
406353,83,704.53,8.49,42.44,4.98,15.3,2025-04-18,2025-10-16
506386,84,704.27,8.38,41.92,1.05,11.0,2025-04-18,2025-10-16
411919,76,704.23,9.27,46.33,7.85,16.83,2025-04-18,2025-10-16
410448,57,704.16,12.35,61.77,4.75,16.55,2025-04-18,2025-10-11
507314,82,704.16,8.59,42.94,6.38,9.45,2025-04-18,2025-10-16
201562,63,704.14,11.18,55.88,6.07,24.0,2025-04-18,2025-10-16
101461,84,704.08,8.38,41.91,5.02,9.8,2025-04-18,2025-10-16
422189,85,704.05,8.28,41.41,2.78,8.63,2025-04-18,2025-10-16
502568,83,704.0,8.48,42.41,1.47,11.63,2025-04-18,2025-10-16
12391,84,703.95,8.38,41.9,3.07,17.0,2025-04-18,2025-10-16
416280,56,703.76,12.57,62.84,0.45,24.0,2025-04-22,2025-10-13
334912,86,703.35,8.18,40.89,3.05,18.5,2025-04-18,2025-10-16
114552,83,703.29,8.47,42.37,5.45,8.68,2025-04-19,2025-09-24
105341,84,703.1,8.37,41.85,6.37,9.62,2025-04-20,2025-10-16
414446,78,703.1,9.01,45.07,7.57,17.23,2025-04-18,2025-10-10
506668,83,703.06,8.47,42.35,2.0,10.2,2025-04-18,2025-10-16
413679,76,702.94,9.25,46.25,4.87,11.85,2025-04-18,2025-10-16
336674,83,702.92,8.47,42.34,7.88,9.17,2025-04-18,2025-10-16
506442,82,702.83,8.57,42.86,4.53,14.25,2025-04-18,2025-10-16
104892,85,702.68,8.27,41.33,3.23,9.93,2025-04-20,2025-10-16
101176,82,702.51,8.57,42.84,8.0,9.33,2025-04-18,2025-10-16
500860,63,702.38,11.15,55.74,2.5,19.93,2025-04-18,2025-09-29
417651,81,702.25,8.67,43.35,8.0,9.22,2025-04-18,2025-10-16
503576,71,702.2,9.89,49.45,6.85,13.8,2025-04-18,2025-09-27
507774,82,702.16,8.56,42.81,6.0,12.67,2025-04-18,2025-10-16
113627,82,702.16,8.56,42.81,7.32,8.95,2025-04-18,2025-10-16
506498,83,702.05,8.46,42.29,4.02,8.77,2025-04-18,2025-10-16
103155,64,701.96,10.97,54.84,3.5,17.42,2025-04-22,2025-10-16
411977,66,701.85,10.63,53.17,8.7,12.23,2025-04-18,2025-10-16
408931,68,701.84,10.32,51.61,8.0,10.6,2025-04-18,2025-10-09
103069,68,701.82,10.32,51.6,6.68,12.5,2025-04-18,2025-10-16
84293,82,701.79,8.56,42.79,0.25,10.82,2025-04-18,2025-10-16
504436,79,701.65,8.88,44.41,8.0,10.32,2025-04-18,2025-10-16
405090,81,701.58,8.66,43.31,8.0,9.3,2025-04-18,2025-10-16
111418,82,701.51,8.56,42.78,8.0,13.47,2025-04-18,2025-10-16
415111,59,701.49,11.89,59.45,1.0,13.5,2025-04-18,2025-10-10
417064,82,701.34,8.55,42.76,4.45,9.38,2025-04-18,2025-10-16
506719,58,701.33,12.09,60.46,4.67,13.12,2025-04-18,2025-10-10
12952,83,701.22,8.45,42.24,2.5,10.53,2025-04-18,2025-10-16
415155,82,701.21,8.55,42.76,1.93,11.6,2025-04-18,2025-10-16
104896,82,700.82,8.55,42.73,8.0,14.98,2025-04-18,2025-10-16
503155,82,700.77,8.55,42.73,8.0,8.9,2025-04-18,2025-10-16
302815,68,700.76,10.31,51.53,8.0,12.62,2025-04-19,2025-10-11
201962,67,700.73,10.46,52.29,10.0,10.72,2025-04-18,2025-10-16
406032,72,700.65,9.73,48.66,7.82,12.77,2025-04-18,2025-10-16
421197,81,700.65,8.65,43.25,8.0,10.02,2025-04-18,2025-10-16
417399,82,700.54,8.54,42.72,8.0,8.8,2025-04-18,2025-10-16
202111,58,700.49,12.08,60.39,4.0,14.38,2025-04-18,2025-10-04
200214,82,700.34,8.54,42.7,5.05,10.6,2025-04-18,2025-10-16
506692,82,700.32,8.54,42.7,7.12,9.03,2025-04-18,2025-10-16
421943,82,700.28,8.54,42.7,8.0,8.62,2025-04-18,2025-10-16
203960,82,700.27,8.54,42.7,7.52,10.23,2025-04-18,2025-10-16
414741,81,700.27,8.65,43.23,4.63,13.12,2025-04-18,2025-10-16
416431,82,700.26,8.54,42.7,4.45,10.82,2025-04-18,2025-10-16
506888,64,700.1,10.94,54.7,3.03,24.0,2025-04-18,2025-09-26
421103,83,699.96,8.43,42.17,5.02,15.58,2025-04-18,2025-10-16
420300,82,699.93,8.54,42.68,8.0,8.78,2025-04-18,2025-10-16
417915,82,699.91,8.54,42.68,7.37,9.68,2025-04-18,2025-10-16
506315,88,699.69,7.95,39.76,0.27,10.95,2025-04-18,2025-10-16
414165,83,699.69,8.43,42.15,4.53,24.0,2025-04-18,2025-10-16
101280,85,699.51,8.23,41.15,3.78,9.5,2025-04-18,2025-10-16
503647,82,699.42,8.53,42.65,7.7,11.03,2025-04-18,2025-10-16
415655,68,699.42,10.29,51.43,8.03,11.18,2025-04-18,2025-10-10
503502,81,699.35,8.63,43.17,8.0,9.33,2025-04-18,2025-10-16
205443,82,699.29,8.53,42.64,8.0,8.9,2025-04-18,2025-10-16
416102,81,699.27,8.63,43.16,6.65,10.5,2025-04-18,2025-10-16
200621,82,699.13,8.53,42.63,8.0,8.67,2025-04-18,2025-10-16
101353,82,699.12,8.53,42.63,6.12,8.83,2025-04-18,2025-10-16
103460,84,699.0,8.32,41.61,5.5,9.25,2025-04-18,2025-10-16
416784,82,698.82,8.52,42.61,8.0,9.12,2025-04-18,2025-10-16
505670,86,698.68,8.12,40.62,6.92,8.58,2025-04-18,2025-10-16
102346,86,698.67,8.12,40.62,4.68,9.57,2025-04-18,2025-10-16
202100,82,698.61,8.52,42.6,6.98,9.55,2025-04-18,2025-10-16
15387,82,698.53,8.52,42.59,8.0,8.68,2025-04-18,2025-10-16
202223,77,698.49,9.07,45.36,8.0,17.53,2025-04-18,2025-10-16
502649,84,698.48,8.32,41.58,5.3,9.0,2025-04-18,2025-10-16
506895,82,698.45,8.52,42.59,5.52,9.05,2025-04-18,2025-10-16
101582,59,698.43,11.84,59.19,1.0,15.17,2025-04-24,2025-10-16
419095,82,698.41,8.52,42.59,7.18,9.47,2025-04-18,2025-10-16
421105,81,698.33,8.62,43.11,4.32,10.5,2025-04-18,2025-10-16
504444,66,698.32,10.58,52.9,8.0,16.47,2025-04-19,2025-10-16
402714,69,698.31,10.12,50.6,7.48,10.92,2025-04-18,2025-09-24
507116,83,698.26,8.41,42.06,1.95,15.47,2025-04-18,2025-10-16
111608,82,698.23,8.52,42.58,7.33,8.75,2025-04-18,2025-10-16
15358,63,698.16,11.08,55.41,4.0,16.28,2025-04-19,2025-10-16
413362,84,698.15,8.31,41.56,3.9,9.75,2025-04-18,2025-10-16
105464,83,698.08,8.41,42.05,7.65,9.38,2025-04-18,2025-10-16
412466,77,697.98,9.06,45.32,6.43,10.57,2025-04-18,2025-07-05
120415,82,697.96,8.51,42.56,5.0,11.08,2025-04-18,2025-10-16
506637,81,697.86,8.62,43.08,6.3,10.97,2025-04-18,2025-10-16
504843,82,697.82,8.51,42.55,7.5,8.78,2025-04-18,2025-10-16
413576,82,697.63,8.51,42.54,8.0,10.35,2025-04-18,2025-10-16
103537,57,697.56,12.24,61.19,8.43,13.82,2025-04-19,2025-10-12
14421,82,697.48,8.51,42.53,7.0,9.62,2025-04-18,2025-10-16
202580,58,697.38,12.02,60.12,1.5,17.42,2025-04-19,2025-10-14
14835,83,697.29,8.4,42.01,4.03,8.72,2025-04-18,2025-10-16
506478,82,697.28,8.5,42.52,8.0,8.7,2025-04-18,2025-10-16
505047,82,697.21,8.5,42.51,3.1,8.9,2025-04-18,2025-10-16
105134,67,697.11,10.4,52.02,4.37,20.0,2025-04-21,2025-10-16
202172,77,697.07,9.05,45.26,8.0,10.07,2025-04-18,2025-10-16
420494,82,697.05,8.5,42.5,4.22,8.78,2025-04-18,2025-10-16
421932,82,696.87,8.5,42.49,7.5,8.87,2025-04-18,2025-10-16
421463,82,696.69,8.5,42.48,4.0,9.07,2025-04-18,2025-10-16
203429,65,696.63,10.72,53.59,4.15,12.3,2025-04-18,2025-10-16
505506,82,696.47,8.49,42.47,8.0,8.75,2025-04-18,2025-10-16
104415,84,696.46,8.29,41.46,4.0,9.2,2025-04-18,2025-10-16
506467,86,696.45,8.1,40.49,1.0,8.83,2025-04-18,2025-10-16
502987,67,696.38,10.39,51.97,8.0,14.48,2025-04-19,2025-10-15
408428,82,696.16,8.49,42.45,8.0,8.82,2025-04-18,2025-10-16
302808,83,696.16,8.39,41.94,4.17,8.63,2025-04-18,2025-10-16
419938,74,696.11,9.41,47.03,5.47,12.8,2025-04-18,2025-10-03
420505,82,696.06,8.49,42.44,5.65,8.73,2025-04-18,2025-10-16
418547,59,696.03,11.8,58.99,3.97,16.98,2025-04-18,2025-10-07
501349,60,695.95,11.6,58.0,4.0,16.42,2025-04-19,2025-10-15
101208,82,695.88,8.49,42.43,8.0,9.72,2025-04-18,2025-10-16
104980,83,695.88,8.38,41.92,4.87,9.12,2025-04-18,2025-10-16
417921,66,695.83,10.54,52.71,9.25,11.67,2025-04-21,2025-10-16
506889,80,695.76,8.7,43.49,7.72,9.38,2025-04-18,2025-10-16
413923,82,695.76,8.48,42.42,6.53,9.53,2025-04-18,2025-10-16
204540,59,695.74,11.79,58.96,4.0,12.87,2025-04-19,2025-10-15
417308,74,695.51,9.4,46.99,7.83,15.3,2025-04-21,2025-10-16
105143,61,695.48,11.4,57.01,1.0,16.87,2025-04-21,2025-10-15
103967,83,695.47,8.38,41.9,3.9,11.52,2025-04-18,2025-10-10
502698,82,695.35,8.48,42.4,5.45,10.45,2025-04-18,2025-10-16
506491,85,695.35,8.18,40.9,4.07,8.67,2025-04-18,2025-10-16
413532,55,695.29,12.64,63.21,8.45,19.55,2025-04-19,2025-10-14
506439,82,695.21,8.48,42.39,3.72,10.13,2025-04-18,2025-10-16
115005,82,695.03,8.48,42.38,4.47,9.95,2025-04-18,2025-10-16
503965,57,694.96,12.19,60.96,2.67,16.57,2025-04-22,2025-10-07
506433,84,694.93,8.27,41.36,1.53,9.6,2025-04-18,2025-10-16
406841,84,694.92,8.27,41.36,1.5,9.13,2025-04-18,2025-10-16
506495,82,694.89,8.47,42.37,6.58,9.28,2025-04-18,2025-10-16
336787,82,694.85,8.47,42.37,6.77,9.72,2025-04-18,2025-10-16
502551,55,694.8,12.63,63.16,5.1,14.13,2025-04-18,2025-10-16
102868,82,694.73,8.47,42.36,6.85,9.23,2025-04-18,2025-10-16
421362,83,694.71,8.37,41.85,1.28,8.77,2025-04-18,2025-10-16
506412,84,694.68,8.27,41.35,6.08,8.68,2025-04-18,2025-10-16
415369,82,694.63,8.47,42.36,7.75,8.72,2025-04-18,2025-10-16
503815,82,694.51,8.47,42.35,8.0,8.57,2025-04-18,2025-10-16
15047,83,694.46,8.37,41.83,1.13,9.52,2025-04-18,2025-10-16
417859,81,694.37,8.57,42.86,4.98,9.18,2025-04-18,2025-10-16
507599,81,694.37,8.57,42.86,0.93,11.7,2025-04-18,2025-10-16
419479,82,694.35,8.47,42.34,6.07,8.77,2025-04-18,2025-10-16
506276,81,694.33,8.57,42.86,6.03,10.67,2025-04-18,2025-10-15
104895,82,694.29,8.47,42.33,7.77,8.68,2025-04-18,2025-10-16
421764,82,694.26,8.47,42.33,7.75,8.72,2025-04-18,2025-10-16
505512,82,694.25,8.47,42.33,1.0,10.32,2025-04-18,2025-10-16
505519,82,694.2,8.47,42.33,3.53,15.4,2025-04-18,2025-10-16
506434,82,694.19,8.47,42.33,5.6,9.5,2025-04-18,2025-10-16
15410,82,694.11,8.46,42.32,7.9,9.0,2025-04-18,2025-10-16
104435,82,694.07,8.46,42.32,0.83,8.75,2025-04-19,2025-10-16
101180,82,693.91,8.46,42.31,4.6,13.02,2025-04-18,2025-10-16
10872,83,693.91,8.36,41.8,1.25,9.57,2025-04-18,2025-10-16
505855,82,693.91,8.46,42.31,8.0,8.62,2025-04-18,2025-10-16
504276,81,693.91,8.57,42.83,7.98,9.28,2025-04-18,2025-10-16
506455,82,693.69,8.46,42.3,4.13,8.95,2025-04-18,2025-10-16
504425,64,693.68,10.84,54.19,0.25,16.02,2025-04-18,2025-10-16
500523,57,693.63,12.17,60.84,12.0,16.23,2025-04-21,2025-10-10
503232,81,693.53,8.56,42.81,4.28,10.88,2025-04-18,2025-10-16
200352,79,693.5,8.78,43.89,5.5,20.5,2025-04-18,2025-10-16
335550,68,693.48,10.2,50.99,2.0,11.25,2025-04-18,2025-10-16
505696,82,693.47,8.46,42.28,7.5,8.65,2025-04-18,2025-10-16
506490,84,693.38,8.25,41.27,1.28,9.2,2025-04-18,2025-10-16
105054,57,693.35,12.16,60.82,8.38,16.0,2025-04-19,2025-10-13
12243,82,693.35,8.46,42.28,8.0,8.75,2025-04-18,2025-10-16
504450,87,693.32,7.97,39.85,1.32,10.68,2025-04-18,2025-10-16
10299,82,693.29,8.45,42.27,6.07,9.53,2025-04-18,2025-10-16
421039,82,693.19,8.45,42.27,5.57,9.02,2025-04-18,2025-10-16
502676,85,693.16,8.15,40.77,1.23,9.57,2025-04-18,2025-10-16
13249,82,693.15,8.45,42.27,7.75,8.63,2025-04-18,2025-10-16
506523,82,693.13,8.45,42.26,4.5,9.55,2025-04-18,2025-10-16
419094,82,693.11,8.45,42.26,7.12,9.0,2025-04-18,2025-10-16
103688,86,693.05,8.06,40.29,4.0,9.63,2025-04-18,2025-10-16
336778,82,693.03,8.45,42.26,8.0,8.97,2025-04-18,2025-10-16
103573,82,692.96,8.45,42.25,6.23,9.0,2025-04-18,2025-10-16
422343,69,692.86,10.04,50.21,1.0,24.0,2025-04-18,2025-09-25
503389,83,692.83,8.35,41.74,1.55,10.0,2025-04-18,2025-10-16
118961,80,692.77,8.66,43.3,8.0,9.3,2025-04-18,2025-10-16
101068,82,692.76,8.45,42.24,4.77,11.02,2025-04-18,2025-10-16
410281,78,692.73,8.88,44.41,3.15,13.12,2025-04-18,2025-09-26
507206,75,692.64,9.24,46.18,3.37,11.5,2025-04-18,2025-10-16
507751,83,692.63,8.34,41.72,1.98,8.78,2025-04-18,2025-10-16
414016,55,692.63,12.59,62.97,2.0,16.73,2025-04-18,2025-10-10
413449,81,692.56,8.55,42.75,4.27,9.3,2025-04-18,2025-10-16
505043,76,692.46,9.11,45.56,1.7,11.67,2025-04-18,2025-10-16
104177,82,692.36,8.44,42.22,4.85,9.28,2025-04-18,2025-10-16
506274,81,692.36,8.55,42.74,7.48,11.05,2025-04-18,2025-10-16
407683,74,692.34,9.36,46.78,0.95,18.78,2025-04-21,2025-10-16
505724,68,692.3,10.18,50.9,6.13,11.05,2025-04-18,2025-10-16
506769,82,692.29,8.44,42.21,5.72,9.67,2025-04-18,2025-10-16
105431,56,692.11,12.36,61.8,8.0,17.23,2025-04-18,2025-10-15
416426,82,692.09,8.44,42.2,4.13,10.0,2025-04-18,2025-10-16
505108,70,692.07,9.89,49.43,7.85,16.5,2025-04-20,2025-09-25
503655,81,691.96,8.54,42.71,4.87,12.05,2025-04-18,2025-10-04
15261,82,691.9,8.44,42.19,5.0,8.63,2025-04-18,2025-10-16
501273,79,691.84,8.76,43.79,4.07,14.1,2025-04-28,2025-10-16
409948,82,691.78,8.44,42.18,8.0,8.62,2025-04-18,2025-10-16
421273,82,691.76,8.44,42.18,7.75,9.02,2025-04-18,2025-10-16
201375,66,691.67,10.48,52.4,8.0,11.82,2025-04-18,2025-10-10
103686,84,691.55,8.23,41.16,2.57,10.75,2025-04-18,2025-10-16
420947,84,691.54,8.23,41.16,1.27,8.83,2025-04-18,2025-10-16
421735,82,691.53,8.43,42.17,4.0,9.52,2025-04-18,2025-10-16
102998,75,691.52,9.22,46.1,5.08,10.68,2025-04-18,2025-10-16
405149,82,691.51,8.43,42.17,5.17,8.67,2025-04-18,2025-10-16
504989,83,691.48,8.33,41.66,3.0,8.52,2025-04-18,2025-10-16
101091,82,691.41,8.43,42.16,8.0,8.53,2025-04-18,2025-10-16
407724,82,691.4,8.43,42.16,8.0,9.22,2025-04-18,2025-10-16
12502,85,691.37,8.13,40.67,1.0,8.7,2025-04-18,2025-10-16
506432,82,691.32,8.43,42.15,2.37,10.0,2025-04-18,2025-10-16
505207,75,691.32,9.22,46.09,5.77,16.07,2025-04-18,2025-10-16
506459,81,691.31,8.53,42.67,7.5,8.97,2025-04-18,2025-10-16
422290,63,691.23,10.97,54.86,4.42,16.62,2025-04-18,2025-10-11
422572,82,691.22,8.43,42.15,5.7,8.98,2025-04-18,2025-10-16
421177,81,691.21,8.53,42.67,8.0,9.13,2025-04-18,2025-10-16
502681,82,691.18,8.43,42.15,7.75,8.95,2025-04-18,2025-10-16
506387,83,691.12,8.33,41.63,1.08,8.83,2025-04-18,2025-10-16
506543,82,691.11,8.43,42.14,5.63,9.75,2025-04-18,2025-10-16
506934,54,691.09,12.8,63.99,8.28,14.23,2025-04-18,2025-10-16
506441,82,691.08,8.43,42.14,3.5,10.78,2025-04-18,2025-10-16
503015,82,691.02,8.43,42.14,1.02,9.22,2025-04-18,2025-10-16
400179,81,690.86,8.53,42.65,7.62,8.68,2025-04-18,2025-10-16
101418,81,690.81,8.53,42.64,5.08,15.5,2025-04-18,2025-10-16
505499,82,690.8,8.42,42.12,2.25,8.85,2025-04-18,2025-10-16
421325,81,690.79,8.53,42.64,5.25,9.63,2025-04-18,2025-10-16
409238,82,690.73,8.42,42.12,5.97,9.6,2025-04-18,2025-10-16
104623,82,690.73,8.42,42.12,5.02,8.58,2025-04-18,2025-10-16
502268,83,690.71,8.32,41.61,4.0,8.88,2025-04-18,2025-10-16
507199,82,690.71,8.42,42.12,6.93,8.65,2025-04-18,2025-10-16
505808,80,690.58,8.63,43.16,8.0,9.52,2025-04-18,2025-10-16
103249,82,690.57,8.42,42.11,5.95,8.63,2025-04-19,2025-10-16
102464,86,690.56,8.03,40.15,0.32,9.03,2025-04-18,2025-10-15
420459,59,690.54,11.7,58.52,3.0,13.1,2025-04-20,2025-10-11
504447,81,690.54,8.53,42.63,6.32,8.97,2025-04-18,2025-10-16
104700,73,690.53,9.46,47.3,3.42,11.27,2025-04-18,2025-10-16
412178,82,690.51,8.42,42.1,8.0,9.35,2025-04-18,2025-10-16
506805,82,690.44,8.42,42.1,4.58,9.12,2025-04-18,2025-10-16
405235,82,690.43,8.42,42.1,7.25,9.05,2025-04-18,2025-10-16
506471,82,690.31,8.42,42.09,8.0,8.62,2025-04-18,2025-10-16
420657,82,690.31,8.42,42.09,4.87,8.58,2025-04-18,2025-10-16
502229,65,690.29,10.62,53.1,0.5,24.0,2025-04-18,2025-10-03
507184,82,690.23,8.42,42.09,7.08,8.62,2025-04-18,2025-10-16
502530,82,690.2,8.42,42.09,0.05,15.45,2025-04-18,2025-10-16
403776,78,689.99,8.85,44.23,4.35,12.87,2025-04-18,2025-10-16
104925,82,689.98,8.41,42.07,1.18,8.8,2025-04-18,2025-10-16
421931,82,689.95,8.41,42.07,6.48,8.97,2025-04-18,2025-10-16
12992,81,689.88,8.52,42.59,6.65,9.58,2025-04-18,2025-10-16
421537,82,689.85,8.41,42.06,2.0,9.6,2025-04-18,2025-10-16
507609,81,689.82,8.52,42.58,8.0,8.63,2025-04-18,2025-10-16
507081,82,689.8,8.41,42.06,3.65,9.17,2025-04-18,2025-10-16
102881,82,689.73,8.41,42.06,3.75,12.25,2025-04-18,2025-10-14
506308,56,689.72,12.32,61.58,4.0,13.22,2025-04-20,2025-10-15
505648,82,689.65,8.41,42.05,8.0,8.77,2025-04-18,2025-10-16
506302,59,689.63,11.69,58.44,3.0,13.47,2025-04-19,2025-10-10
104703,84,689.62,8.21,41.05,3.17,10.02,2025-04-18,2025-10-16
335140,80,689.62,8.62,43.1,6.48,11.07,2025-04-18,2025-10-16
102867,84,689.58,8.21,41.05,1.5,9.55,2025-04-18,2025-10-16
421453,87,689.52,7.93,39.63,2.68,12.9,2025-04-18,2025-10-16
506200,81,689.49,8.51,42.56,7.5,9.2,2025-04-18,2025-10-16
507584,81,689.42,8.51,42.56,8.0,8.7,2025-04-19,2025-10-16
504815,74,689.38,9.32,46.58,8.0,11.63,2025-04-18,2025-09-21
101485,63,689.37,10.94,54.71,0.67,12.68,2025-04-19,2025-10-13
402696,82,689.33,8.41,42.03,6.53,8.78,2025-04-18,2025-10-16
505744,58,689.32,11.88,59.42,1.0,13.35,2025-04-20,2025-10-16
105090,82,689.27,8.41,42.03,7.62,8.77,2025-04-18,2025-10-16
506429,82,689.26,8.41,42.03,7.02,9.05,2025-04-18,2025-10-16
14002,82,689.16,8.4,42.02,5.98,8.62,2025-04-18,2025-10-16
419091,82,689.14,8.4,42.02,5.6,8.68,2025-04-18,2025-10-16
408038,68,689.12,10.13,50.67,0.5,11.67,2025-04-21,2025-10-16
506849,82,689.06,8.4,42.02,5.22,9.0,2025-04-18,2025-10-16
421358,81,689.04,8.51,42.53,4.62,10.78,2025-04-18,2025-10-16
412164,82,689.02,8.4,42.01,3.18,8.72,2025-04-18,2025-10-16
10451,82,688.99,8.4,42.01,3.53,10.15,2025-04-18,2025-10-16
418821,80,688.97,8.61,43.06,7.97,11.55,2025-04-18,2025-10-16
302513,80,688.89,8.61,43.06,4.87,9.77,2025-04-18,2025-10-16
506451,82,688.88,8.4,42.0,8.0,8.55,2025-04-18,2025-10-16
104055,81,688.83,8.5,42.52,8.0,8.73,2025-04-18,2025-10-16
15001,83,688.82,8.3,41.5,4.0,8.58,2025-04-18,2025-10-16
421417,78,688.77,8.83,44.15,5.0,12.25,2025-04-18,2025-10-16
502056,82,688.76,8.4,42.0,8.0,8.63,2025-04-18,2025-10-11
505678,83,688.67,8.3,41.49,1.1,8.83,2025-04-18,2025-10-16
506166,82,688.65,8.4,41.99,4.0,9.48,2025-04-18,2025-10-16
102133,75,688.65,9.18,45.91,6.32,10.52,2025-04-18,2025-10-16
13196,84,688.64,8.2,40.99,1.62,8.83,2025-04-18,2025-10-16
405697,82,688.6,8.4,41.99,4.12,8.78,2025-04-18,2025-10-16
301835,67,688.57,10.28,51.39,4.0,13.23,2025-04-19,2025-08-14
334073,60,688.56,11.48,57.38,4.43,13.72,2025-04-18,2025-10-10
104891,82,688.54,8.4,41.98,8.0,8.82,2025-04-19,2025-10-15
506440,81,688.51,8.5,42.5,2.1,9.82,2025-04-18,2025-10-16
418314,82,688.45,8.4,41.98,7.63,9.03,2025-04-18,2025-10-16
14050,84,688.43,8.2,40.98,1.25,14.88,2025-04-18,2025-10-16
13343,81,688.37,8.5,42.49,4.03,10.5,2025-04-18,2025-10-16
504788,84,688.31,8.19,40.97,1.3,10.55,2025-04-18,2025-10-16
505798,82,688.3,8.39,41.97,3.68,8.73,2025-04-18,2025-10-16
406417,64,688.28,10.75,53.77,2.0,12.53,2025-04-18,2025-10-15
501776,82,688.25,8.39,41.97,0.07,13.4,2025-04-18,2025-09-24
504990,82,688.22,8.39,41.96,1.97,8.73,2025-04-18,2025-10-16
507749,83,688.21,8.29,41.46,0.25,9.4,2025-04-18,2025-10-16
130145,82,688.17,8.39,41.96,7.55,8.72,2025-04-18,2025-10-16
506619,68,688.07,10.12,50.59,8.0,16.53,2025-04-19,2025-09-24
505590,78,688.0,8.82,44.1,8.0,12.5,2025-04-19,2025-10-15
201085,54,687.95,12.74,63.7,10.85,14.05,2025-04-19,2025-10-13
105105,81,687.8,8.49,42.46,7.6,16.0,2025-04-18,2025-10-16
503902,82,687.76,8.39,41.94,1.32,8.72,2025-04-18,2025-10-16
502563,86,687.67,8.0,39.98,0.98,8.83,2025-04-18,2025-10-16
405903,103,687.66,6.68,33.38,0.53,10.0,2025-04-18,2025-10-16
91462,81,687.6,8.49,42.44,8.0,8.88,2025-04-19,2025-10-16
412261,84,687.59,8.19,40.93,3.35,10.23,2025-04-18,2025-10-16
501432,82,687.57,8.39,41.93,7.9,8.88,2025-04-18,2025-10-16
506633,83,687.49,8.28,41.42,0.82,9.7,2025-04-18,2025-10-16
105504,82,687.44,8.38,41.92,4.48,8.73,2025-04-18,2025-10-16
413600,82,687.43,8.38,41.92,6.43,9.32,2025-04-18,2025-10-16
421514,80,687.4,8.59,42.96,7.0,9.68,2025-04-18,2025-10-16
13472,84,687.36,8.18,40.91,1.55,8.8,2025-04-18,2025-10-16
417897,82,687.25,8.38,41.91,5.63,9.0,2025-04-18,2025-10-16
103760,81,687.24,8.48,42.42,6.47,9.38,2025-04-18,2025-10-16
400356,82,687.21,8.38,41.9,5.43,9.63,2025-04-18,2025-10-16
503968,59,687.14,11.65,58.23,2.0,15.33,2025-04-19,2025-10-15
506667,79,687.09,8.7,43.49,5.88,14.87,2025-04-18,2025-10-16
400827,81,687.08,8.48,42.41,6.75,9.2,2025-04-18,2025-10-16
102938,82,687.06,8.38,41.89,5.48,9.57,2025-04-18,2025-10-16
504401,82,687.04,8.38,41.89,8.0,8.58,2025-04-18,2025-10-16
14011,82,686.98,8.38,41.89,6.7,9.42,2025-04-18,2025-10-16
421389,81,686.93,8.48,42.4,4.65,8.73,2025-04-21,2025-10-16
500691,82,686.89,8.38,41.88,2.28,10.57,2025-04-18,2025-10-16
503148,82,686.87,8.38,41.88,3.75,8.62,2025-04-18,2025-10-16
421317,83,686.87,8.28,41.38,1.63,9.52,2025-04-18,2025-10-16
505677,82,686.86,8.38,41.88,4.4,8.62,2025-04-18,2025-10-16
503835,79,686.84,8.69,43.47,6.82,16.05,2025-04-18,2025-07-05
501836,82,686.84,8.38,41.88,4.5,8.58,2025-04-18,2025-10-16
506450,81,686.76,8.48,42.39,8.0,8.68,2025-04-18,2025-10-16
201877,85,686.74,8.08,40.4,4.97,12.18,2025-04-19,2025-10-15
105340,82,686.73,8.37,41.87,3.0,8.85,2025-04-18,2025-10-16
130076,82,686.66,8.37,41.87,7.95,8.83,2025-04-18,2025-10-16
506424,83,686.53,8.27,41.36,2.17,9.13,2025-04-18,2025-10-16
507700,82,686.43,8.37,41.86,1.0,8.55,2025-04-18,2025-10-16
503396,83,686.4,8.27,41.35,3.97,12.57,2025-04-18,2025-10-16
13268,69,686.36,9.95,49.74,2.55,12.28,2025-04-18,2025-10-16
504250,82,686.35,8.37,41.85,8.0,8.55,2025-04-18,2025-10-16
506670,81,686.34,8.47,42.37,6.0,10.5,2025-04-18,2025-10-16
413054,82,686.25,8.37,41.84,8.0,8.52,2025-04-18,2025-10-16
12887,82,686.17,8.37,41.84,6.38,8.62,2025-04-18,2025-10-16
507440,65,685.8,10.55,52.75,4.0,13.2,2025-04-18,2025-10-16
506388,85,685.79,8.07,40.34,1.53,8.97,2025-04-18,2025-10-16
420330,82,685.78,8.36,41.82,4.5,9.78,2025-04-18,2025-10-16
420839,56,685.73,12.25,61.23,7.5,17.0,2025-04-18,2025-10-16
422295,81,685.65,8.46,42.32,7.75,8.82,2025-04-18,2025-10-16
412338,81,685.65,8.46,42.32,7.43,10.4,2025-04-18,2025-10-16
420667,83,685.5,8.26,41.3,1.52,8.63,2025-04-18,2025-10-16
409910,81,685.5,8.46,42.31,3.0,10.97,2025-04-18,2025-10-16
422421,67,685.45,10.23,51.15,4.77,10.75,2025-04-21,2025-10-16
200927,81,685.41,8.46,42.31,4.0,8.88,2025-04-21,2025-10-09
504124,82,685.39,8.36,41.79,0.5,12.15,2025-04-18,2025-10-16
104365,81,685.38,8.46,42.31,7.48,9.47,2025-04-18,2025-10-16
504978,81,685.29,8.46,42.3,1.0,10.67,2025-04-18,2025-10-16
103271,58,685.19,11.81,59.07,8.0,12.85,2025-04-18,2025-10-15
503698,83,685.14,8.25,41.27,1.0,8.82,2025-04-18,2025-10-16
501516,82,685.09,8.35,41.77,4.12,8.58,2025-04-18,2025-10-16
421356,82,685.07,8.35,41.77,4.5,8.67,2025-04-18,2025-10-16
417682,76,685.05,9.01,45.07,0.67,20.47,2025-04-23,2025-10-16
203703,81,685.05,8.46,42.29,7.62,9.38,2025-04-18,2025-10-16
417091,78,685.0,8.78,43.91,8.0,12.5,2025-04-18,2025-10-16
104789,82,684.99,8.35,41.77,5.22,8.72,2025-04-18,2025-10-16
417789,81,684.99,8.46,42.28,3.35,8.75,2025-04-18,2025-10-16
104069,82,684.86,8.35,41.76,3.15,8.72,2025-04-18,2025-10-16
417094,82,684.8,8.35,41.76,8.0,8.73,2025-04-18,2025-10-16
333961,80,684.8,8.56,42.8,8.0,8.82,2025-04-18,2025-10-16
504834,81,684.8,8.45,42.27,8.0,8.62,2025-04-18,2025-10-16
505618,81,684.71,8.45,42.27,7.95,9.25,2025-04-18,2025-10-16
506532,64,684.69,10.7,53.49,4.0,14.4,2025-04-18,2025-10-15
416542,81,684.63,8.45,42.26,8.0,8.63,2025-04-18,2025-10-16
104450,58,684.6,11.8,59.02,4.25,15.05,2025-04-20,2025-10-14
202684,81,684.6,8.45,42.26,5.43,8.7,2025-04-18,2025-10-16
505529,82,684.53,8.35,41.74,6.52,10.12,2025-04-18,2025-10-16
422063,82,684.5,8.35,41.74,1.75,9.63,2025-04-18,2025-10-16
501253,58,684.48,11.8,59.01,4.0,13.32,2025-04-18,2025-10-12
506544,66,684.33,10.37,51.84,8.0,10.7,2025-04-19,2025-10-07
401168,81,684.3,8.45,42.24,5.38,9.45,2025-04-18,2025-10-16
103575,81,684.28,8.45,42.24,8.0,8.63,2025-04-18,2025-10-16
422080,81,684.24,8.45,42.24,7.63,9.0,2025-04-18,2025-10-16
501058,59,684.19,11.6,57.98,4.45,13.03,2025-04-20,2025-10-16
500763,81,683.94,8.44,42.22,5.0,8.62,2025-04-18,2025-10-16
414843,81,683.93,8.44,42.22,7.5,8.9,2025-04-18,2025-10-16
418671,68,683.92,10.06,50.29,0.07,24.0,2025-04-18,2025-09-26
506458,83,683.9,8.24,41.2,3.88,9.07,2025-04-18,2025-10-16
506770,81,683.88,8.44,42.21,5.77,8.8,2025-04-18,2025-10-16
202994,81,683.81,8.44,42.21,7.52,8.7,2025-04-18,2025-10-16
336744,82,683.8,8.34,41.7,3.43,8.83,2025-04-18,2025-10-16
505440,82,683.79,8.34,41.69,3.77,8.95,2025-04-18,2025-10-16
505319,82,683.78,8.34,41.69,4.52,8.55,2025-04-18,2025-10-16
11458,84,683.75,8.14,40.7,2.72,8.82,2025-04-18,2025-10-16
505147,82,683.66,8.34,41.69,3.37,10.43,2025-04-18,2025-10-16
500684,81,683.64,8.44,42.2,4.28,9.5,2025-04-18,2025-10-16
103089,82,683.61,8.34,41.68,7.5,8.5,2025-04-18,2025-10-16
506389,82,683.57,8.34,41.68,4.52,9.5,2025-04-18,2025-10-16
505767,81,683.49,8.44,42.19,4.82,8.78,2025-04-18,2025-10-16
405365,64,683.38,10.68,53.39,0.03,24.0,2025-04-21,2025-09-26
335478,81,683.35,8.44,42.18,5.23,8.62,2025-04-18,2025-10-16
409645,81,683.33,8.44,42.18,7.28,9.98,2025-04-18,2025-10-10
502937,56,683.33,12.2,61.01,4.4,12.95,2025-04-19,2025-10-13
101063,81,683.32,8.44,42.18,8.0,8.55,2025-04-18,2025-10-16
503355,81,683.14,8.43,42.17,8.0,8.95,2025-04-18,2025-10-16
101671,55,683.09,12.42,62.1,8.28,12.63,2025-04-18,2025-10-16
104715,85,683.04,8.04,40.18,1.73,9.25,2025-04-18,2025-10-16
104392,81,682.98,8.43,42.16,4.72,8.68,2025-04-18,2025-10-16
200643,81,682.93,8.43,42.16,5.03,9.0,2025-04-18,2025-10-16
422562,85,682.81,8.03,40.17,1.88,9.25,2025-04-18,2025-10-16
101894,82,682.71,8.33,41.63,7.48,8.62,2025-04-18,2025-10-16
506385,83,682.7,8.23,41.13,2.55,9.97,2025-04-18,2025-10-16
102120,105,682.7,6.5,32.51,0.25,10.92,2025-04-18,2025-10-16
422305,82,682.67,8.33,41.63,3.47,8.65,2025-04-18,2025-10-16
101071,83,682.66,8.22,41.12,0.02,8.62,2025-04-18,2025-10-16
422616,63,682.61,10.84,54.18,4.0,13.2,2025-04-19,2025-10-16
205548,76,682.59,8.98,44.91,8.0,16.5,2025-04-18,2025-10-10
103451,84,682.58,8.13,40.63,3.13,8.8,2025-04-18,2025-10-16
504341,81,682.55,8.43,42.13,5.55,9.2,2025-04-18,2025-10-16
507843,81,682.44,8.43,42.13,5.78,10.18,2025-04-18,2025-10-16
102017,83,682.43,8.22,41.11,2.0,9.03,2025-04-18,2025-10-16
503185,67,682.4,10.19,50.93,1.0,12.5,2025-04-21,2025-10-15
507458,80,682.36,8.53,42.65,8.0,8.9,2025-04-18,2025-10-16
105186,82,682.29,8.32,41.6,0.1,9.25,2025-04-18,2025-10-16
419658,80,682.29,8.53,42.64,8.0,15.48,2025-04-18,2025-10-16
105291,83,682.28,8.22,41.1,0.5,8.83,2025-04-18,2025-10-16
507015,82,682.28,8.32,41.6,3.7,9.1,2025-04-18,2025-10-16
104229,82,682.19,8.32,41.6,5.97,8.53,2025-04-18,2025-10-16
422600,80,682.18,8.53,42.64,5.02,16.0,2025-04-18,2025-10-16
507144,82,682.01,8.32,41.59,4.58,9.17,2025-04-18,2025-10-16
416746,82,681.98,8.32,41.58,4.5,8.82,2025-04-18,2025-10-16
422528,81,681.95,8.42,42.1,4.37,8.7,2025-04-18,2025-10-16
406360,82,681.93,8.32,41.58,2.13,9.23,2025-04-18,2025-10-16
506473,84,681.9,8.12,40.59,2.83,8.65,2025-04-18,2025-10-16
505204,81,681.88,8.42,42.09,2.08,8.83,2025-04-18,2025-10-16
501930,80,681.84,8.52,42.61,6.85,9.55,2025-04-18,2025-10-16
418243,55,681.82,12.4,61.98,8.55,13.17,2025-04-19,2025-10-14
409182,83,681.82,8.21,41.07,3.62,9.82,2025-04-18,2025-10-16
506435,81,681.8,8.42,42.09,5.08,8.7,2025-04-18,2025-10-16
421108,81,681.77,8.42,42.08,6.95,8.65,2025-04-18,2025-10-16
503354,81,681.72,8.42,42.08,6.17,8.63,2025-04-18,2025-10-16
334170,81,681.71,8.42,42.08,4.92,9.02,2025-04-18,2025-10-16
505539,81,681.7,8.42,42.08,3.83,9.38,2025-04-18,2025-10-16
105440,83,681.69,8.21,41.07,3.5,9.03,2025-04-18,2025-10-16
115599,81,681.67,8.42,42.08,5.0,8.67,2025-04-18,2025-10-16
503241,80,681.66,8.52,42.6,8.0,8.67,2025-04-18,2025-10-16
506607,82,681.66,8.31,41.56,0.38,8.77,2025-04-18,2025-10-16
505478,81,681.63,8.42,42.08,3.37,8.68,2025-04-18,2025-10-16
501824,80,681.6,8.52,42.6,7.5,10.02,2025-04-18,2025-10-16
409606,80,681.57,8.52,42.6,8.0,8.75,2025-04-18,2025-10-16
506418,83,681.56,8.21,41.06,1.38,9.48,2025-04-18,2025-10-16
507098,82,681.44,8.31,41.55,2.07,8.77,2025-04-18,2025-10-16
420296,82,681.42,8.31,41.55,3.58,9.17,2025-04-18,2025-10-16
504343,81,681.42,8.41,42.06,4.23,8.8,2025-04-18,2025-10-16
101836,58,681.4,11.75,58.74,4.05,16.33,2025-04-18,2025-10-15
505514,80,681.35,8.52,42.58,8.0,8.75,2025-04-18,2025-10-16
505531,80,681.33,8.52,42.58,3.5,12.55,2025-04-18,2025-10-03
422631,60,681.27,11.35,56.77,1.0,19.92,2025-04-18,2025-09-27
507802,80,681.2,8.51,42.57,8.0,8.7,2025-04-18,2025-10-16
202110,66,681.13,10.32,51.6,6.0,10.9,2025-04-18,2025-10-11
202137,59,681.07,11.54,57.72,1.0,16.6,2025-04-21,2025-10-15
503868,68,681.03,10.02,50.08,1.82,16.5,2025-04-18,2025-10-13
201379,82,680.93,8.3,41.52,1.25,8.55,2025-04-18,2025-10-16
408752,55,680.91,12.38,61.9,5.05,12.93,2025-04-18,2025-10-16
506812,83,680.9,8.2,41.02,3.8,9.9,2025-04-18,2025-10-16
502957,81,680.89,8.41,42.03,4.3,9.95,2025-04-18,2025-10-16
501993,84,680.88,8.11,40.53,5.22,8.7,2025-04-18,2025-10-16
403907,81,680.84,8.41,42.03,4.05,8.65,2025-04-18,2025-10-16
336679,80,680.78,8.51,42.55,7.68,9.72,2025-04-18,2025-10-16
102973,81,680.77,8.4,42.02,4.5,9.45,2025-04-18,2025-10-16
103976,82,680.74,8.3,41.51,3.98,8.62,2025-04-18,2025-10-16
408228,81,680.64,8.4,42.01,1.38,8.65,2025-04-18,2025-10-16
105434,81,680.61,8.4,42.01,7.03,8.78,2025-04-18,2025-10-16
414041,65,680.49,10.47,52.35,10.0,13.53,2025-04-18,2025-10-16
504902,81,680.49,8.4,42.01,2.17,8.82,2025-04-18,2025-10-16
403849,81,680.44,8.4,42.0,5.88,8.88,2025-04-18,2025-10-16
502824,81,680.42,8.4,42.0,4.53,10.28,2025-04-18,2025-10-16
103462,81,680.41,8.4,42.0,5.03,9.45,2025-04-18,2025-10-16
506493,83,680.4,8.2,40.99,1.85,10.43,2025-04-18,2025-10-16
105571,82,680.39,8.3,41.49,4.18,8.83,2025-04-18,2025-10-16
104031,84,680.37,8.1,40.5,2.5,9.17,2025-04-18,2025-10-16
104556,83,680.31,8.2,40.98,2.75,8.7,2025-04-18,2025-10-16
506496,82,680.24,8.3,41.48,3.1,8.7,2025-04-18,2025-10-16
102339,56,680.24,12.15,60.74,8.5,13.0,2025-04-18,2025-10-13
336796,82,680.24,8.3,41.48,5.5,8.67,2025-04-18,2025-10-16
421308,80,680.2,8.5,42.51,6.53,8.82,2025-04-18,2025-10-16
104310,80,680.18,8.5,42.51,5.83,13.75,2025-04-18,2025-10-16
201223,81,680.18,8.4,41.99,6.6,8.58,2025-04-18,2025-10-16
105203,82,680.16,8.29,41.47,3.08,9.6,2025-04-18,2025-10-16
334422,81,680.06,8.4,41.98,6.57,8.63,2025-04-18,2025-10-16
507752,80,680.05,8.5,42.5,7.5,9.65,2025-04-18,2025-10-16
417910,81,680.04,8.4,41.98,4.65,9.08,2025-04-18,2025-10-16
104779,71,680.04,9.58,47.89,5.18,11.27,2025-04-21,2025-10-16
502528,85,680.0,8.0,40.0,8.0,8.0,2025-04-18,2025-08-12
101993,68,680.0,10.0,50.0,10.0,10.0,2025-04-21,2025-08-14
506952,68,679.94,10.0,50.0,3.22,11.13,2025-04-18,2025-10-16
409183,69,679.94,9.85,49.27,1.1,19.95,2025-04-22,2025-10-02
503273,82,679.93,8.29,41.46,4.2,10.08,2025-04-18,2025-10-16
501749,81,679.65,8.39,41.95,5.0,9.5,2025-04-18,2025-10-16
507317,83,679.62,8.19,40.94,0.78,15.35,2025-04-18,2025-10-16
507693,65,679.52,10.45,52.27,7.38,13.12,2025-04-18,2025-10-16
104071,81,679.49,8.39,41.94,4.93,10.45,2025-04-18,2025-10-16
507201,82,679.47,8.29,41.43,5.13,8.57,2025-04-18,2025-10-16
105501,81,679.47,8.39,41.94,6.75,8.58,2025-04-18,2025-10-16
506426,82,679.43,8.29,41.43,5.07,9.07,2025-04-18,2025-10-16
501709,80,679.41,8.49,42.46,6.23,9.87,2025-04-18,2025-10-16
507681,80,679.39,8.49,42.46,8.0,8.58,2025-04-18,2025-10-16
419598,81,679.32,8.39,41.93,4.9,8.85,2025-04-18,2025-10-16
421870,82,679.26,8.28,41.42,1.82,10.0,2025-04-18,2025-10-16
507188,70,679.23,9.7,48.52,2.5,12.68,2025-04-18,2025-10-10
414229,81,679.2,8.39,41.93,7.6,8.6,2025-04-18,2025-10-16
502861,83,679.2,8.18,40.92,3.57,10.0,2025-04-18,2025-10-16
416499,66,679.09,10.29,51.45,2.28,13.08,2025-04-18,2025-10-16
409346,81,679.07,8.38,41.92,3.7,9.83,2025-04-18,2025-10-16
413963,80,678.97,8.49,42.44,6.6,8.87,2025-04-18,2025-10-16
336779,94,678.78,7.22,36.11,1.6,10.78,2025-04-18,2025-10-16
408703,81,678.74,8.38,41.9,4.27,9.13,2025-04-18,2025-10-16
205350,70,678.72,9.7,48.48,8.0,18.33,2025-04-18,2025-09-24
507598,80,678.64,8.48,42.42,8.0,8.67,2025-04-18,2025-10-16
10541,81,678.63,8.38,41.89,6.25,8.73,2025-04-18,2025-10-16
104828,82,678.6,8.28,41.38,3.32,15.45,2025-04-18,2025-10-16
501319,82,678.6,8.28,41.38,4.58,9.75,2025-04-18,2025-10-16
505439,81,678.36,8.37,41.87,4.1,8.65,2025-04-18,2025-10-16
506447,81,678.34,8.37,41.87,4.03,8.93,2025-04-18,2025-10-16
421972,81,678.31,8.37,41.87,5.1,9.17,2025-04-18,2025-10-16
506436,83,678.31,8.17,40.86,3.57,10.7,2025-04-18,2025-10-16
415651,82,678.29,8.27,41.36,3.12,9.53,2025-04-18,2025-10-16
420372,80,678.27,8.48,42.39,8.0,8.65,2025-04-18,2025-10-16
506659,81,678.24,8.37,41.87,0.72,8.63,2025-04-18,2025-10-16
200622,80,678.19,8.48,42.39,8.0,8.8,2025-04-18,2025-10-16
408059,81,678.17,8.37,41.86,4.02,8.65,2025-04-18,2025-10-16
507669,81,678.15,8.37,41.86,3.0,15.48,2025-04-18,2025-10-16
105528,82,678.08,8.27,41.35,4.23,9.47,2025-04-18,2025-10-16
101475,71,677.96,9.55,47.74,4.73,16.57,2025-04-18,2025-10-16
503427,81,677.9,8.37,41.85,4.12,8.87,2025-04-18,2025-10-16
502936,81,677.89,8.37,41.85,8.0,8.62,2025-04-18,2025-10-16
506182,81,677.85,8.37,41.84,6.92,8.98,2025-04-18,2025-10-16
417083,55,677.74,12.32,61.61,8.0,13.58,2025-04-18,2025-10-12
102084,80,677.72,8.47,42.36,6.47,8.63,2025-04-18,2025-10-15
506052,81,677.67,8.37,41.83,3.92,9.1,2025-04-18,2025-10-16
111306,82,677.66,8.26,41.32,4.97,8.58,2025-04-18,2025-10-16
504110,87,677.64,7.79,38.94,1.05,8.67,2025-04-18,2025-10-16
301513,65,677.61,10.42,52.12,10.0,11.03,2025-04-19,2025-10-10
114966,68,677.61,9.96,49.82,8.0,12.42,2025-04-18,2025-09-26
417381,80,677.58,8.47,42.35,6.82,8.82,2025-04-18,2025-10-16
140118,82,677.51,8.26,41.31,4.47,9.42,2025-04-18,2025-10-16
104603,82,677.49,8.26,41.31,1.43,9.6,2025-04-18,2025-10-16
105014,83,677.48,8.16,40.81,1.7,8.58,2025-04-18,2025-10-16
421837,58,677.46,11.68,58.4,0.37,13.52,2025-04-18,2025-10-12
420564,81,677.4,8.36,41.81,4.38,9.03,2025-04-18,2025-10-16
101356,81,677.39,8.36,41.81,5.5,9.27,2025-04-18,2025-10-16
410800,81,677.37,8.36,41.81,6.5,8.6,2025-04-18,2025-10-16
506915,80,677.27,8.47,42.33,7.18,8.85,2025-04-18,2025-10-16
102443,81,677.18,8.36,41.8,5.12,8.55,2025-04-18,2025-10-16
422474,81,677.16,8.36,41.8,5.22,9.5,2025-04-18,2025-10-16
500413,83,677.15,8.16,40.79,1.0,10.77,2025-04-18,2025-10-16
506646,81,677.15,8.36,41.8,6.1,9.55,2025-04-18,2025-10-16
505254,81,677.13,8.36,41.8,6.17,8.55,2025-04-18,2025-10-16
201663,87,677.11,7.78,38.91,2.12,9.65,2025-04-18,2025-10-16
505824,82,677.06,8.26,41.28,2.45,8.67,2025-04-18,2025-10-16
418929,80,677.06,8.46,42.32,3.92,10.02,2025-04-18,2025-10-16
507397,62,677.06,10.92,54.6,4.0,13.35,2025-04-18,2025-10-08
503228,76,677.02,8.91,44.54,2.85,14.37,2025-04-18,2025-10-03
202952,62,676.95,10.92,54.59,4.0,12.98,2025-04-19,2025-10-02
410974,73,676.93,9.27,46.37,7.47,16.52,2025-04-18,2025-10-16
334090,80,676.87,8.46,42.3,1.0,9.78,2025-04-18,2025-10-16
111928,59,676.83,11.47,57.36,1.0,14.23,2025-04-21,2025-10-15
507680,80,676.82,8.46,42.3,4.5,8.97,2025-04-18,2025-10-16
502875,81,676.81,8.36,41.78,7.23,8.83,2025-04-18,2025-10-16
418820,82,676.79,8.25,41.27,4.12,9.93,2025-04-18,2025-10-16
506413,82,676.66,8.25,41.26,3.97,10.02,2025-04-18,2025-10-16
507398,81,676.64,8.35,41.77,5.7,8.72,2025-04-18,2025-10-16
103800,80,676.62,8.46,42.29,8.0,8.87,2025-04-19,2025-10-15
418669,81,676.59,8.35,41.76,4.17,10.1,2025-04-18,2025-10-16
418980,67,676.55,10.1,50.49,4.0,13.43,2025-04-18,2025-10-09
407819,80,676.51,8.46,42.28,5.55,9.0,2025-04-18,2025-10-16
505022,81,676.47,8.35,41.76,5.43,8.87,2025-04-18,2025-10-16
503139,81,676.45,8.35,41.76,5.15,10.25,2025-04-18,2025-10-16
506024,79,676.43,8.56,42.81,5.52,11.32,2025-04-18,2025-10-16
413745,80,676.37,8.45,42.27,8.0,8.65,2025-04-18,2025-10-10
507647,69,676.37,9.8,49.01,0.4,15.15,2025-04-18,2025-07-07
414769,81,676.33,8.35,41.75,5.97,8.57,2025-04-18,2025-10-16
401204,82,676.32,8.25,41.24,0.28,9.27,2025-04-18,2025-10-16
201399,81,676.28,8.35,41.75,4.15,8.88,2025-04-18,2025-10-16
412327,57,676.22,11.86,59.32,1.0,32.5,2025-04-18,2025-10-08
417329,80,676.18,8.45,42.26,7.6,9.3,2025-04-18,2025-10-16
505893,79,676.17,8.56,42.8,2.62,10.82,2025-04-18,2025-10-16
410412,81,676.16,8.35,41.74,3.97,8.62,2025-04-18,2025-10-16
417935,66,676.01,10.24,51.21,3.75,12.25,2025-04-18,2025-10-15
402041,80,675.9,8.45,42.24,5.28,8.85,2025-04-18,2025-10-16
410287,81,675.89,8.34,41.72,4.85,9.03,2025-04-18,2025-10-16
422172,85,675.78,7.95,39.75,0.8,11.0,2025-04-18,2025-10-16
415832,81,675.77,8.34,41.71,7.83,8.7,2025-04-18,2025-10-16
500754,82,675.73,8.24,41.2,3.92,9.05,2025-04-18,2025-10-16
15083,82,675.65,8.24,41.2,3.5,9.05,2025-04-18,2025-10-16
335614,81,675.61,8.34,41.7,5.08,8.62,2025-04-18,2025-10-16
421032,81,675.48,8.34,41.7,4.5,8.63,2025-04-18,2025-10-16
116268,80,675.46,8.44,42.22,8.0,8.68,2025-04-18,2025-10-16
105184,83,675.45,8.14,40.69,2.87,10.1,2025-04-18,2025-10-16
408884,80,675.42,8.44,42.21,8.0,8.77,2025-04-18,2025-10-16
410556,81,675.31,8.34,41.69,4.02,9.6,2025-04-18,2025-10-16
416867,77,675.29,8.77,43.85,6.7,9.9,2025-04-18,2025-10-16
418497,81,675.28,8.34,41.68,4.0,8.73,2025-04-18,2025-10-16
417410,82,675.16,8.23,41.17,3.92,9.93,2025-04-18,2025-10-16
421761,80,675.16,8.44,42.2,6.37,9.08,2025-04-18,2025-10-16
410517,62,675.13,10.89,54.45,10.0,11.72,2025-04-21,2025-10-16
503997,81,675.09,8.33,41.67,4.5,8.72,2025-04-18,2025-10-16
503463,80,675.08,8.44,42.19,5.95,8.62,2025-04-18,2025-10-16
401294,81,675.07,8.33,41.67,2.32,9.33,2025-04-18,2025-10-16
105082,82,675.06,8.23,41.16,6.38,10.03,2025-04-18,2025-10-16
505668,81,675.06,8.33,41.67,2.85,9.38,2025-04-18,2025-10-16
416634,64,674.96,10.55,52.73,2.0,13.6,2025-04-21,2025-10-16
130128,82,674.91,8.23,41.15,4.0,8.58,2025-04-18,2025-10-16
506463,81,674.87,8.33,41.66,4.08,9.5,2025-04-18,2025-10-16
413927,81,674.86,8.33,41.66,4.53,8.65,2025-04-18,2025-10-16
412369,52,674.81,12.98,64.89,12.0,14.15,2025-04-18,2025-10-14
418210,80,674.66,8.43,42.17,6.03,8.6,2025-04-18,2025-10-16
205495,80,674.66,8.43,42.17,7.75,9.1,2025-04-18,2025-10-16
507439,67,674.65,10.07,50.35,0.87,12.85,2025-04-18,2025-10-16
507203,55,674.55,12.26,61.32,8.0,13.15,2025-04-18,2025-10-11
501228,82,674.51,8.23,41.13,2.25,9.97,2025-04-18,2025-10-16
421722,81,674.38,8.33,41.63,3.43,8.85,2025-04-18,2025-10-16
101493,79,674.36,8.54,42.68,6.3,11.02,2025-04-18,2025-09-25
417776,55,674.29,12.26,61.3,5.12,13.93,2025-04-18,2025-10-07
413660,81,674.21,8.32,41.62,4.08,8.78,2025-04-18,2025-10-16
506946,82,674.18,8.22,41.11,1.02,8.7,2025-04-18,2025-10-16
419070,80,674.11,8.43,42.13,7.22,9.05,2025-04-18,2025-10-16
407921,80,674.1,8.43,42.13,5.05,8.77,2025-04-18,2025-10-16
422408,65,674.1,10.37,51.85,4.47,12.47,2025-04-21,2025-10-16
202991,82,674.04,8.22,41.1,5.52,8.78,2025-04-18,2025-10-16
506419,81,674.0,8.32,41.6,5.03,8.7,2025-04-18,2025-10-16
202590,80,674.0,8.43,42.13,7.75,8.93,2025-04-18,2025-10-16
408663,65,673.92,10.37,51.84,10.0,10.57,2025-04-22,2025-10-16
503957,81,673.88,8.32,41.6,3.48,9.58,2025-04-18,2025-10-16
500628,55,673.83,12.25,61.26,4.0,16.55,2025-04-18,2025-10-16
501715,66,673.78,10.21,51.04,4.9,10.5,2025-04-18,2025-10-15
410823,81,673.76,8.32,41.59,4.6,8.7,2025-04-18,2025-10-16
420180,81,673.75,8.32,41.59,4.57,8.75,2025-04-18,2025-10-16
14506,81,673.72,8.32,41.59,3.03,8.62,2025-04-18,2025-10-16
413212,80,673.66,8.42,42.1,5.95,9.42,2025-04-18,2025-10-16
336404,80,673.63,8.42,42.1,5.0,8.75,2025-04-18,2025-10-16
506479,80,673.49,8.42,42.09,6.57,8.8,2025-04-18,2025-10-16
408043,82,673.47,8.21,41.07,1.48,8.68,2025-04-18,2025-10-16
502768,80,673.44,8.42,42.09,7.75,8.92,2025-04-18,2025-10-16
413680,77,673.41,8.75,43.73,7.22,9.65,2025-04-18,2025-10-16
503798,79,673.21,8.52,42.61,5.98,9.13,2025-04-18,2025-10-16
503740,65,673.15,10.36,51.78,0.65,11.02,2025-04-18,2025-10-10
416740,81,673.07,8.31,41.55,3.65,9.22,2025-04-18,2025-10-16
104713,73,673.07,9.22,46.1,0.5,11.88,2025-04-21,2025-10-16
414046,80,673.05,8.41,42.07,6.7,8.65,2025-04-18,2025-10-16
502079,78,672.93,8.63,43.14,7.0,11.33,2025-04-18,2025-10-10
11610,86,672.92,7.82,39.12,0.9,9.65,2025-04-18,2025-10-16
502355,83,672.91,8.11,40.54,8.0,8.5,2025-04-18,2025-10-16
503438,80,672.9,8.41,42.06,4.92,8.72,2025-04-18,2025-10-16
507169,81,672.79,8.31,41.53,5.45,8.72,2025-04-18,2025-10-16
505322,81,672.77,8.31,41.53,1.78,15.58,2025-04-18,2025-10-16
102029,82,672.71,8.2,41.02,5.98,10.73,2025-04-18,2025-10-16
413495,65,672.62,10.35,51.74,5.63,14.83,2025-04-18,2025-10-10
418983,80,672.58,8.41,42.04,7.8,9.17,2025-04-18,2025-10-16
417743,55,672.42,12.23,61.13,2.0,13.3,2025-04-19,2025-10-09
11691,82,672.35,8.2,41.0,5.02,8.58,2025-04-18,2025-10-16
416690,65,672.33,10.34,51.72,0.22,17.0,2025-04-18,2025-10-01
103784,82,672.29,8.2,40.99,2.5,9.3,2025-04-18,2025-10-16
503536,82,672.19,8.2,40.99,0.03,8.9,2025-04-18,2025-10-16
202649,80,672.18,8.4,42.01,5.7,8.73,2025-04-18,2025-10-16
421535,83,672.14,8.1,40.49,3.5,8.83,2025-04-18,2025-10-16
417137,80,672.09,8.4,42.01,6.58,9.0,2025-04-18,2025-10-16
505967,84,672.05,8.0,40.0,1.5,8.98,2025-04-18,2025-10-16
103571,80,671.99,8.4,42.0,4.25,9.77,2025-04-18,2025-10-16
421464,89,671.95,7.55,37.75,3.93,9.02,2025-04-18,2025-10-16
101684,79,671.89,8.5,42.52,7.72,8.75,2025-04-19,2025-10-16
202838,80,671.79,8.4,41.99,8.0,8.62,2025-04-18,2025-10-16
103216,58,671.76,11.58,57.91,1.0,16.3,2025-04-19,2025-10-13
505370,81,671.76,8.29,41.47,2.73,9.13,2025-04-18,2025-10-16
104938,82,671.71,8.19,40.96,2.95,10.0,2025-04-18,2025-10-16
201983,81,671.62,8.29,41.46,4.63,9.13,2025-04-18,2025-10-16
506678,59,671.6,11.38,56.92,1.0,13.18,2025-04-18,2025-10-13
104001,82,671.6,8.19,40.95,5.9,10.17,2025-04-18,2025-10-16
505406,79,671.59,8.5,42.51,3.92,15.45,2025-04-18,2025-10-16
505295,83,671.55,8.09,40.45,1.65,9.83,2025-04-18,2025-10-16
417365,78,671.46,8.61,43.04,5.25,10.23,2025-04-18,2025-10-16
421005,78,671.42,8.61,43.04,2.17,13.43,2025-04-18,2025-09-27
503398,86,671.34,7.81,39.03,1.38,8.8,2025-04-18,2025-10-16
102441,81,671.34,8.29,41.44,3.43,9.58,2025-04-18,2025-10-16
408747,80,671.24,8.39,41.95,2.42,8.7,2025-04-18,2025-10-16
504995,81,671.14,8.29,41.43,2.5,8.62,2025-04-18,2025-10-16
500838,80,671.11,8.39,41.94,4.85,9.48,2025-04-18,2025-10-16
406401,80,671.02,8.39,41.94,4.5,8.93,2025-04-18,2025-10-16
504375,82,670.98,8.18,40.91,3.98,12.08,2025-04-20,2025-10-16
507391,60,670.91,11.18,55.91,4.0,13.12,2025-04-18,2025-10-14
101058,57,670.9,11.77,58.85,4.0,12.72,2025-04-21,2025-10-16
503125,56,670.85,11.98,59.9,4.0,12.72,2025-04-20,2025-10-14
412573,82,670.79,8.18,40.9,2.92,8.73,2025-04-18,2025-10-16
506481,81,670.78,8.28,41.41,3.0,8.65,2025-04-18,2025-10-16
101645,79,670.68,8.49,42.45,8.0,8.72,2025-04-19,2025-10-16
504285,82,670.68,8.18,40.9,2.7,9.02,2025-04-18,2025-10-16
414363,55,670.67,12.19,60.97,3.0,12.88,2025-04-20,2025-10-16
404607,66,670.57,10.16,50.8,5.52,11.5,2025-04-18,2025-10-15
201539,80,670.51,8.38,41.91,5.5,9.55,2025-04-18,2025-10-16
101506,81,670.49,8.28,41.39,3.17,9.3,2025-04-18,2025-10-16
104111,84,670.35,7.98,39.9,1.53,9.0,2025-04-18,2025-10-16
101734,81,670.31,8.28,41.38,4.85,9.62,2025-04-18,2025-10-16
507406,80,670.26,8.38,41.89,4.38,9.13,2025-04-18,2025-10-16
130110,81,670.17,8.27,41.37,5.47,8.77,2025-04-18,2025-10-16
506740,80,670.09,8.38,41.88,1.25,9.52,2025-04-18,2025-10-16
503927,82,670.08,8.17,40.86,3.32,8.75,2025-04-18,2025-10-16
105187,59,669.98,11.36,56.78,8.17,15.75,2025-04-21,2025-10-15
415363,80,669.96,8.37,41.87,4.27,9.52,2025-04-18,2025-10-16
421629,82,669.93,8.17,40.85,1.63,10.33,2025-04-18,2025-10-16
504198,81,669.92,8.27,41.35,0.72,9.3,2025-04-18,2025-10-16
500949,55,669.8,12.18,60.89,4.0,12.92,2025-04-24,2025-10-16
507638,84,669.73,7.97,39.86,0.13,8.82,2025-04-18,2025-10-16
421720,80,669.7,8.37,41.86,6.1,8.85,2025-04-18,2025-10-16
403556,81,669.64,8.27,41.34,1.33,9.67,2025-04-18,2025-10-16
105472,81,669.61,8.27,41.33,6.43,8.82,2025-04-18,2025-10-16
504487,81,669.56,8.27,41.33,4.52,9.13,2025-04-18,2025-10-16
502980,82,669.55,8.17,40.83,2.22,8.63,2025-04-18,2025-10-16
130054,80,669.52,8.37,41.84,8.0,8.68,2025-04-18,2025-10-16
421370,67,669.51,9.99,49.96,3.0,10.82,2025-04-18,2025-10-16
412713,81,669.51,8.27,41.33,4.08,9.32,2025-04-18,2025-10-16
407925,79,669.42,8.47,42.37,8.0,9.1,2025-04-18,2025-10-16
422243,80,669.33,8.37,41.83,4.07,9.4,2025-04-18,2025-10-16
506834,76,669.31,8.81,44.03,4.0,10.5,2025-04-18,2025-10-16
103043,64,669.31,10.46,52.29,9.5,11.17,2025-04-18,2025-10-16
12842,92,669.31,7.28,36.38,4.0,8.63,2025-04-18,2025-10-16
414709,82,669.26,8.16,40.81,4.78,9.48,2025-04-18,2025-10-16
418801,53,669.21,12.63,63.13,12.0,13.12,2025-04-18,2025-10-14
401177,78,669.17,8.58,42.9,6.95,10.03,2025-04-18,2025-10-10
15283,81,669.15,8.26,41.31,4.0,8.65,2025-04-18,2025-10-16
408461,54,669.14,12.39,61.96,4.0,12.97,2025-04-18,2025-10-15
102342,77,669.09,8.69,43.45,8.0,10.92,2025-04-18,2025-09-28
507147,79,669.02,8.47,42.34,8.0,8.73,2025-04-18,2025-10-16
417057,53,668.99,12.62,63.11,12.0,13.12,2025-04-18,2025-10-08
502420,71,668.98,9.42,47.11,4.37,16.63,2025-04-18,2025-09-29
202510,80,668.9,8.36,41.81,6.77,8.88,2025-04-18,2025-10-16
504581,79,668.88,8.47,42.33,8.0,8.75,2025-04-18,2025-10-16
416421,64,668.87,10.45,52.26,8.93,11.27,2025-04-18,2025-10-16
421101,82,668.74,8.16,40.78,4.5,9.47,2025-04-18,2025-10-16
02356,83,668.72,8.06,40.28,7.93,10.95,2025-04-20,2025-10-16
413966,80,668.69,8.36,41.79,3.93,9.92,2025-04-18,2025-10-16
503955,80,668.67,8.36,41.79,4.22,10.6,2025-04-18,2025-10-16
420014,79,668.66,8.46,42.32,8.0,8.65,2025-04-18,2025-10-16
422623,81,668.63,8.25,41.27,2.92,11.53,2025-04-18,2025-10-16
504248,82,668.6,8.15,40.77,1.25,8.58,2025-04-18,2025-10-16
421784,81,668.58,8.25,41.27,2.67,8.77,2025-04-18,2025-10-16
507460,80,668.45,8.36,41.78,3.43,9.03,2025-04-18,2025-10-16
501756,83,668.43,8.05,40.27,1.82,12.0,2025-04-19,2025-10-16
419703,55,668.41,12.15,60.76,4.35,24.0,2025-04-20,2025-10-11
409607,79,668.4,8.46,42.3,2.8,10.5,2025-04-18,2025-10-10
103704,81,668.31,8.25,41.25,4.98,8.9,2025-04-18,2025-10-16
401019,79,668.26,8.46,42.29,4.57,9.35,2025-04-18,2025-10-16
202132,54,668.25,12.38,61.88,2.0,12.98,2025-04-18,2025-10-14
420269,83,668.23,8.05,40.25,1.3,10.0,2025-04-18,2025-10-16
203813,80,668.22,8.35,41.76,4.95,8.7,2025-04-18,2025-10-16
505490,80,668.11,8.35,41.76,2.87,9.2,2025-04-18,2025-10-16
507456,78,668.09,8.57,42.83,6.25,10.0,2025-04-18,2025-10-16
503679,82,668.01,8.15,40.73,1.02,8.63,2025-04-18,2025-10-16
501846,82,668.0,8.15,40.73,4.55,9.93,2025-04-18,2025-10-16
417927,80,668.0,8.35,41.75,6.98,8.77,2025-04-18,2025-10-16
504543,87,667.85,7.68,38.38,1.23,10.53,2025-04-18,2025-10-16
336476,80,667.85,8.35,41.74,7.75,9.0,2025-04-18,2025-10-16
13778,79,667.71,8.45,42.26,8.0,8.65,2025-04-18,2025-10-16
336720,74,667.66,9.02,45.11,2.53,12.7,2025-04-19,2025-10-16
422278,81,667.66,8.24,41.21,1.8,11.25,2025-04-18,2025-10-16
104720,56,667.64,11.92,59.61,4.1,14.48,2025-04-19,2025-10-13
414713,82,667.64,8.14,40.71,2.67,8.68,2025-04-18,2025-10-16
105509,55,667.63,12.14,60.69,4.52,16.77,2025-04-18,2025-10-16
507435,61,667.6,10.94,54.72,4.0,13.37,2025-04-18,2025-10-14
502435,79,667.52,8.45,42.25,6.57,9.48,2025-04-18,2025-10-16
104067,81,667.51,8.24,41.2,0.93,9.07,2025-04-18,2025-10-16
405406,79,667.5,8.45,42.25,8.0,8.5,2025-04-18,2025-10-16
413489,80,667.48,8.34,41.72,4.7,8.7,2025-04-18,2025-10-16
504156,68,667.32,9.81,49.07,1.28,11.37,2025-04-21,2025-10-16
421114,80,667.3,8.34,41.71,5.92,9.07,2025-04-18,2025-10-16
505504,80,667.24,8.34,41.7,2.47,8.72,2025-04-18,2025-10-16
401084,79,667.23,8.45,42.23,7.75,9.3,2025-04-18,2025-10-16
10822,90,667.07,7.41,37.06,1.1,10.0,2025-04-18,2025-10-16
10324,79,667.03,8.44,42.22,6.85,8.7,2025-04-18,2025-10-16
404908,71,667.0,9.39,46.97,0.5,16.5,2025-04-19,2025-10-11
103323,60,666.91,11.12,55.58,1.0,16.42,2025-04-21,2025-10-16
502052,84,666.87,7.94,39.69,6.5,8.98,2025-04-18,2025-10-16
419146,84,666.83,7.94,39.69,1.3,8.63,2025-04-18,2025-10-16
419698,65,666.79,10.26,51.29,2.0,22.5,2025-04-18,2025-10-16
102088,55,666.73,12.12,60.61,1.0,13.3,2025-04-18,2025-10-15
421321,82,666.69,8.13,40.65,1.5,11.5,2025-04-18,2025-10-16
413873,82,666.67,8.13,40.65,1.75,9.33,2025-04-18,2025-10-16
504617,71,666.65,9.39,46.95,8.55,9.6,2025-04-18,2025-10-15
104949,79,666.55,8.44,42.19,4.58,9.15,2025-04-18,2025-10-16
502974,80,666.42,8.33,41.65,4.4,9.0,2025-04-18,2025-10-16
402220,80,666.41,8.33,41.65,4.5,10.0,2025-04-18,2025-10-16
102870,55,666.4,12.12,60.58,4.0,14.47,2025-04-19,2025-10-13
422445,66,666.4,10.1,50.48,3.48,11.05,2025-04-18,2025-10-15
101696,79,666.28,8.43,42.17,7.07,9.75,2025-04-18,2025-10-16
413081,60,666.23,11.1,55.52,4.0,17.03,2025-04-20,2025-10-09
418499,80,666.22,8.33,41.64,5.0,9.5,2025-04-18,2025-10-16
505725,55,666.19,12.11,60.56,7.78,12.83,2025-04-22,2025-10-16
503250,71,666.17,9.38,46.91,2.85,14.03,2025-04-18,2025-09-27
505491,80,666.11,8.33,41.63,4.0,8.8,2025-04-18,2025-10-16
104674,81,666.02,8.22,41.11,2.98,9.0,2025-04-18,2025-10-16
412528,54,666.0,12.33,61.67,1.0,17.13,2025-04-18,2025-10-16
408188,80,665.89,8.32,41.62,4.15,9.47,2025-04-18,2025-10-16
501806,55,665.81,12.11,60.53,8.37,12.95,2025-04-21,2025-10-16
406379,83,665.8,8.02,40.11,2.95,9.35,2025-04-18,2025-10-16
104661,58,665.55,11.48,57.38,1.0,12.93,2025-04-18,2025-10-14
409466,87,665.46,7.65,38.24,7.0,8.77,2025-04-18,2025-10-16
413028,57,665.46,11.67,58.37,1.0,16.42,2025-04-18,2025-10-16
502799,81,665.41,8.21,41.07,4.98,8.85,2025-04-18,2025-10-16
417665,53,665.39,12.55,62.77,8.9,16.45,2025-04-18,2025-10-16
418092,70,665.32,9.5,47.52,8.0,16.07,2025-04-18,2025-09-27
420370,78,665.27,8.53,42.65,5.73,9.88,2025-04-18,2025-10-16
506298,54,665.23,12.32,61.6,3.85,13.05,2025-04-18,2025-10-11
401188,81,665.22,8.21,41.06,2.63,9.72,2025-04-18,2025-10-16
407891,65,665.21,10.23,51.17,8.0,10.63,2025-04-18,2025-10-10
417920,66,665.1,10.08,50.39,5.38,11.2,2025-04-18,2025-10-16
503547,79,665.0,8.42,42.09,5.0,8.5,2025-04-18,2025-10-16
103713,79,664.96,8.42,42.09,4.53,9.55,2025-04-18,2025-10-16
409625,78,664.94,8.52,42.62,8.0,9.42,2025-04-19,2025-10-09
507209,78,664.9,8.52,42.62,8.0,8.83,2025-04-18,2025-10-16
507733,80,664.86,8.31,41.55,0.98,8.63,2025-04-18,2025-10-16
502037,78,664.83,8.52,42.62,8.0,8.78,2025-04-18,2025-10-10
418535,79,664.82,8.42,42.08,3.03,8.65,2025-04-18,2025-10-16
11770,79,664.78,8.41,42.07,5.23,8.58,2025-04-18,2025-10-16
507124,79,664.72,8.41,42.07,7.78,9.02,2025-04-18,2025-10-16
417142,79,664.68,8.41,42.07,5.5,9.03,2025-04-18,2025-10-16
409917,79,664.67,8.41,42.07,5.0,10.78,2025-04-18,2025-10-10
201678,79,664.58,8.41,42.06,7.97,8.63,2025-04-18,2025-10-16
105475,79,664.56,8.41,42.06,5.8,8.73,2025-04-18,2025-10-16
507013,78,664.47,8.52,42.59,7.93,9.73,2025-04-18,2025-10-16
504360,81,664.41,8.2,41.01,2.25,8.73,2025-04-18,2025-10-16
201169,83,664.32,8.0,40.02,1.88,10.58,2025-04-18,2025-10-16
503371,81,664.31,8.2,41.01,1.28,8.78,2025-04-18,2025-10-16
420806,78,664.31,8.52,42.58,8.0,9.27,2025-04-18,2025-10-16
414818,55,664.28,12.08,60.39,4.48,13.03,2025-04-18,2025-10-09
420323,79,664.18,8.41,42.04,6.98,8.7,2025-04-18,2025-10-16
409266,80,664.12,8.3,41.51,1.33,10.43,2025-04-18,2025-10-16
104973,81,664.12,8.2,41.0,3.72,9.15,2025-04-18,2025-10-16
507606,78,664.1,8.51,42.57,8.0,9.2,2025-04-18,2025-10-16
409295,79,664.07,8.41,42.03,5.03,9.05,2025-04-18,2025-10-16
501896,80,664.05,8.3,41.5,3.25,10.88,2025-04-18,2025-10-16
412013,66,664.03,10.06,50.31,8.0,10.83,2025-04-18,2025-10-16
504040,83,664.03,8.0,40.0,1.45,8.82,2025-04-18,2025-10-16
102268,56,664.0,11.86,59.29,1.0,15.92,2025-04-18,2025-10-16
417631,79,663.95,8.4,42.02,6.52,8.82,2025-04-18,2025-10-16
417376,83,663.93,8.0,40.0,1.02,10.9,2025-04-18,2025-10-16
500596,81,663.93,8.2,40.98,0.5,9.67,2025-04-18,2025-10-09
11191,80,663.91,8.3,41.49,4.07,9.58,2025-04-18,2025-10-16
104792,54,663.9,12.29,61.47,4.0,16.8,2025-04-19,2025-10-08
336033,65,663.89,10.21,51.07,0.93,10.93,2025-04-18,2025-10-16
506295,63,663.78,10.54,52.68,4.0,16.55,2025-04-18,2025-10-11
203905,54,663.69,12.29,61.45,0.08,13.23,2025-04-22,2025-10-14
101598,82,663.67,8.09,40.47,5.05,17.38,2025-04-18,2025-10-16
201734,78,663.43,8.51,42.53,6.18,15.18,2025-04-18,2025-10-16
104961,79,663.42,8.4,41.99,5.62,9.08,2025-04-18,2025-10-16
505407,80,663.4,8.29,41.46,4.2,8.68,2025-04-18,2025-10-16
504095,81,663.32,8.19,40.95,4.5,8.85,2025-04-18,2025-10-16
414968,79,663.26,8.4,41.98,5.67,9.07,2025-04-18,2025-10-16
407820,80,663.26,8.29,41.45,4.52,8.7,2025-04-18,2025-10-16
130222,80,663.24,8.29,41.45,4.28,8.6,2025-04-18,2025-10-16
410243,79,663.05,8.39,41.97,5.08,8.62,2025-04-18,2025-10-16
102218,80,662.95,8.29,41.43,5.1,8.52,2025-04-18,2025-10-16
507307,78,662.9,8.5,42.49,7.48,9.75,2025-04-21,2025-10-16
420186,82,662.84,8.08,40.42,3.3,8.95,2025-04-18,2025-10-16
301871,79,662.72,8.39,41.94,4.5,9.48,2025-04-18,2025-10-16
104893,81,662.68,8.18,40.91,2.45,8.55,2025-04-18,2025-10-16
103039,80,662.68,8.28,41.42,4.92,10.63,2025-04-18,2025-10-16
422115,55,662.66,12.05,60.24,4.0,12.87,2025-04-18,2025-10-16
417907,80,662.56,8.28,41.41,3.75,11.08,2025-04-18,2025-10-16
417295,80,662.56,8.28,41.41,4.5,9.18,2025-04-18,2025-10-16
404343,78,662.53,8.49,42.47,1.3,16.03,2025-04-18,2025-10-03
411978,66,662.49,10.04,50.19,9.0,12.55,2025-04-21,2025-10-16
422399,65,662.47,10.19,50.96,6.57,10.55,2025-04-18,2025-10-16
503464,79,662.45,8.39,41.93,4.0,8.92,2025-04-18,2025-10-16
422603,81,662.45,8.18,40.89,2.78,8.95,2025-04-18,2025-10-16
504055,79,662.42,8.39,41.93,4.2,8.7,2025-04-18,2025-10-16
117740,66,662.38,10.04,50.18,0.25,24.0,2025-04-18,2025-09-26
415265,81,662.33,8.18,40.88,3.87,8.88,2025-04-18,2025-10-16
407718,93,662.28,7.12,35.61,4.12,8.67,2025-04-18,2025-10-16
104358,80,662.27,8.28,41.39,4.0,10.55,2025-04-18,2025-10-16
422551,78,662.16,8.49,42.45,0.82,12.5,2025-04-18,2025-10-16
115202,66,662.15,10.03,50.16,5.02,10.63,2025-04-21,2025-10-16
505235,78,662.13,8.49,42.44,8.0,9.25,2025-04-18,2025-10-16
415105,80,662.1,8.28,41.38,4.02,12.05,2025-04-18,2025-10-16
113270,58,662.05,11.41,57.07,2.62,12.8,2025-04-23,2025-10-15
503862,78,662.01,8.49,42.44,7.9,9.25,2025-04-18,2025-10-16
400615,67,661.97,9.88,49.4,0.18,15.38,2025-04-19,2025-09-24
421669,64,661.96,10.34,51.72,7.8,21.0,2025-04-18,2025-09-29
411119,54,661.92,12.26,61.29,4.0,12.85,2025-04-21,2025-10-15
422317,80,661.92,8.27,41.37,5.2,9.0,2025-04-18,2025-10-16
406484,80,661.89,8.27,41.37,3.88,8.65,2025-04-18,2025-10-16
130178,82,661.83,8.07,40.36,4.0,8.63,2025-04-18,2025-10-16
506201,53,661.76,12.49,62.43,8.5,16.7,2025-04-19,2025-10-16
104835,78,661.73,8.48,42.42,7.83,9.37,2025-04-18,2025-09-24
102554,80,661.67,8.27,41.35,2.58,8.58,2025-04-18,2025-10-15
419545,81,661.65,8.17,40.84,1.43,8.77,2025-04-18,2025-10-16
409373,78,661.6,8.48,42.41,8.0,8.65,2025-04-18,2025-10-16
102578,53,661.52,12.48,62.41,2.5,16.72,2025-04-18,2025-10-13
202591,78,661.43,8.48,42.4,8.0,8.62,2025-04-18,2025-10-10
105526,81,661.43,8.17,40.83,2.22,10.85,2025-04-18,2025-10-16
420828,78,661.42,8.48,42.4,6.0,11.65,2025-04-18,2025-10-10
105333,79,661.4,8.37,41.86,5.63,8.73,2025-04-18,2025-10-16
507109,56,661.33,11.81,59.05,0.5,13.18,2025-04-19,2025-10-16
506761,79,661.25,8.37,41.85,6.53,8.73,2025-04-18,2025-10-16
506261,82,661.16,8.06,40.31,0.62,8.62,2025-04-18,2025-10-16
507722,80,661.12,8.26,41.32,1.18,10.07,2025-04-18,2025-10-16
419603,79,661.12,8.37,41.84,7.82,9.05,2025-04-18,2025-10-16
336445,67,661.0,9.87,49.33,8.0,10.85,2025-04-18,2025-09-26
420078,77,661.0,8.58,42.92,4.0,12.5,2025-04-20,2025-10-16
101795,65,660.98,10.17,50.84,4.27,11.15,2025-04-21,2025-10-16
501084,55,660.88,12.02,60.08,2.07,13.28,2025-04-18,2025-10-16
506773,80,660.64,8.26,41.29,2.12,9.37,2025-04-18,2025-10-16
503046,78,660.56,8.47,42.34,4.45,11.17,2025-04-18,2025-10-16
501818,81,660.48,8.15,40.77,4.8,9.25,2025-04-18,2025-10-16
507787,80,660.44,8.26,41.28,3.0,9.12,2025-04-18,2025-10-16
500896,72,660.4,9.17,45.86,5.62,16.05,2025-04-18,2025-10-16
414130,80,660.36,8.25,41.27,1.57,9.08,2025-04-18,2025-10-16
334006,80,660.33,8.25,41.27,4.3,10.12,2025-04-18,2025-10-16
501355,80,660.32,8.25,41.27,5.5,8.53,2025-04-18,2025-10-16
502331,55,660.31,12.01,60.03,4.0,17.47,2025-04-18,2025-10-15
403143,86,660.31,7.68,38.39,0.85,12.3,2025-04-18,2025-10-16
506231,79,660.28,8.36,41.79,4.35,9.25,2025-04-18,2025-10-16
303457,79,660.25,8.36,41.79,7.63,9.88,2025-04-18,2025-09-26
502233,78,660.1,8.46,42.31,5.2,13.07,2025-04-18,2025-10-15
413039,78,660.08,8.46,42.31,8.0,8.88,2025-04-18,2025-10-16
421381,63,660.06,10.48,52.39,4.55,17.0,2025-04-18,2025-10-03
116229,79,659.74,8.35,41.76,5.0,9.0,2025-04-18,2025-10-16
15368,79,659.64,8.35,41.75,4.5,9.0,2025-04-18,2025-10-16
422564,80,659.6,8.25,41.22,1.37,9.98,2025-04-18,2025-10-16
415712,80,659.58,8.24,41.22,1.57,9.5,2025-04-18,2025-10-16
414905,57,659.55,11.57,57.86,8.0,13.18,2025-04-18,2025-10-16
506749,81,659.53,8.14,40.71,0.35,11.2,2025-04-18,2025-10-16
406808,70,659.32,9.42,47.09,0.75,12.03,2025-04-18,2025-10-16
412015,80,659.23,8.24,41.2,3.02,9.32,2025-04-18,2025-10-16
103888,56,659.14,11.77,58.85,1.0,13.08,2025-04-18,2025-10-12
114648,79,659.12,8.34,41.72,4.0,8.62,2025-04-18,2025-10-15
100793,79,659.11,8.34,41.72,1.5,10.03,2025-04-18,2025-10-16
104930,78,659.1,8.45,42.25,8.0,9.7,2025-04-18,2025-10-14
334236,53,659.06,12.44,62.18,4.0,24.0,2025-04-18,2025-10-10
414711,77,659.04,8.56,42.79,8.0,9.2,2025-04-18,2025-10-16
505511,78,658.96,8.45,42.24,4.0,12.08,2025-04-18,2025-10-16
415389,56,658.89,11.77,58.83,4.0,13.18,2025-04-18,2025-10-08
506234,75,658.85,8.78,43.92,2.15,19.52,2025-04-18,2025-10-10
506303,54,658.82,12.2,61.0,4.0,13.85,2025-04-19,2025-10-15
505092,74,658.7,8.9,44.51,7.93,15.65,2025-04-18,2025-10-03
101210,73,658.69,9.02,45.12,7.87,10.72,2025-04-18,2025-09-26
502631,57,658.68,11.56,57.78,3.75,16.05,2025-04-18,2025-10-10
101929,70,658.55,9.41,47.04,1.0,16.22,2025-04-21,2025-10-16
410588,64,658.53,10.29,51.45,0.62,10.9,2025-04-18,2025-10-16
409456,78,658.5,8.44,42.21,8.0,8.5,2025-04-18,2025-10-10
403165,79,658.44,8.33,41.67,5.0,10.02,2025-04-18,2025-10-16
504884,79,658.38,8.33,41.67,4.47,9.5,2025-04-18,2025-10-16
422336,64,658.33,10.29,51.43,2.0,13.85,2025-04-18,2025-10-11
111361,82,658.29,8.03,40.14,1.0,8.85,2025-04-18,2025-10-16
104342,65,658.22,10.13,50.63,5.0,11.17,2025-04-21,2025-10-16
502408,80,658.19,8.23,41.14,3.38,8.58,2025-04-18,2025-10-16
104693,55,658.0,11.96,59.82,1.0,13.92,2025-04-18,2025-10-16
415122,51,657.99,12.9,64.51,5.03,16.87,2025-04-19,2025-10-14
413874,62,657.93,10.61,53.06,9.75,14.6,2025-04-21,2025-10-09
101672,53,657.81,12.41,62.06,7.0,13.08,2025-04-18,2025-10-16
203358,63,657.79,10.44,52.21,4.0,13.2,2025-04-21,2025-10-15
417646,81,657.61,8.12,40.59,3.75,9.3,2025-04-18,2025-10-16
506799,79,657.6,8.32,41.62,5.13,8.7,2025-04-18,2025-10-16
419653,80,657.54,8.22,41.1,4.87,9.47,2025-04-18,2025-10-16
101687,53,657.47,12.41,62.03,7.83,13.83,2025-04-19,2025-10-15
506492,79,657.35,8.32,41.6,4.0,8.87,2025-04-18,2025-10-16
115820,77,657.28,8.54,42.68,8.37,9.02,2025-04-18,2025-10-10
505188,53,657.28,12.4,62.01,4.58,12.98,2025-04-21,2025-10-16
502776,80,657.21,8.22,41.08,6.25,8.92,2025-04-18,2025-10-16
506706,86,657.2,7.64,38.21,0.5,8.68,2025-04-19,2025-10-15
410981,52,657.16,12.64,63.19,12.0,13.33,2025-04-18,2025-10-15
102747,79,657.15,8.32,41.59,0.63,21.0,2025-04-18,2025-10-16
507301,78,657.1,8.42,42.12,3.92,8.67,2025-04-18,2025-10-16
101443,71,657.01,9.25,46.27,8.0,16.0,2025-04-18,2025-10-16
505007,78,656.97,8.42,42.11,3.72,9.6,2025-04-18,2025-10-16
104772,53,656.89,12.39,61.97,7.82,13.17,2025-04-19,2025-10-14
505937,79,656.88,8.31,41.57,4.58,8.58,2025-04-18,2025-10-16
11576,83,656.77,7.91,39.56,2.63,9.97,2025-04-18,2025-10-16
402601,79,656.75,8.31,41.57,3.05,8.8,2025-04-18,2025-10-16
505986,80,656.64,8.21,41.04,2.0,9.22,2025-04-18,2025-10-16
103102,80,656.62,8.21,41.04,7.07,8.57,2025-04-18,2025-10-14
421986,80,656.61,8.21,41.04,3.45,8.67,2025-04-18,2025-10-16
418433,53,656.52,12.39,61.94,12.0,12.98,2025-04-18,2025-10-16
202419,79,656.5,8.31,41.55,5.0,9.5,2025-04-18,2025-10-16
105257,77,656.33,8.52,42.62,8.0,8.93,2025-04-18,2025-10-16
130240,82,656.25,8.0,40.02,1.5,8.97,2025-04-18,2025-10-16
507352,60,656.15,10.94,54.68,4.0,12.95,2025-04-22,2025-10-15
419532,64,656.12,10.25,51.26,1.0,12.68,2025-04-18,2025-10-11
418532,79,656.08,8.3,41.52,5.02,10.78,2025-04-18,2025-10-16
507750,82,656.07,8.0,40.0,2.42,8.7,2025-04-18,2025-10-16
506561,81,655.93,8.1,40.49,0.58,8.72,2025-04-18,2025-10-16
415987,53,655.9,12.38,61.88,2.5,16.43,2025-04-23,2025-10-12
506025,78,655.72,8.41,42.03,5.12,8.73,2025-04-18,2025-10-16
420951,55,655.71,11.92,59.61,0.37,13.22,2025-04-18,2025-10-14
422089,80,655.7,8.2,40.98,1.28,9.42,2025-04-18,2025-10-16
417879,53,655.51,12.37,61.84,4.0,12.88,2025-04-19,2025-10-07
506605,79,655.46,8.3,41.48,6.75,8.88,2025-04-18,2025-10-16
404046,53,655.42,12.37,61.83,5.43,13.27,2025-04-22,2025-10-11
506445,84,655.36,7.8,39.01,1.62,8.6,2025-04-18,2025-10-16
506247,74,655.23,8.85,44.27,7.52,16.65,2025-04-19,2025-10-15
504218,78,655.23,8.4,42.0,5.5,8.65,2025-04-18,2025-10-16
130133,79,655.1,8.29,41.46,3.9,8.8,2025-04-18,2025-10-16
105342,79,655.04,8.29,41.46,1.13,12.13,2025-04-18,2025-10-16
422732,51,654.89,12.84,64.2,12.0,13.98,2025-04-18,2025-10-10
11964,81,654.86,8.08,40.42,1.57,8.8,2025-04-18,2025-10-16
202125,77,654.85,8.5,42.52,8.0,8.65,2025-04-18,2025-10-09
202982,78,654.85,8.4,41.98,5.13,8.67,2025-04-18,2025-10-10
408002,79,654.8,8.29,41.44,4.08,11.25,2025-04-18,2025-10-16
105321,80,654.76,8.18,40.92,1.37,9.33,2025-04-18,2025-10-15
103706,79,654.68,8.29,41.44,4.5,10.03,2025-04-18,2025-10-16
200764,58,654.57,11.29,56.43,0.75,15.47,2025-04-18,2025-10-09
104799,80,654.45,8.18,40.9,3.97,8.55,2025-04-18,2025-10-16
14221,58,654.42,11.28,56.42,1.0,12.78,2025-04-18,2025-10-15
505338,80,654.35,8.18,40.9,2.25,12.0,2025-04-18,2025-10-16
201107,77,654.35,8.5,42.49,7.5,10.37,2025-04-18,2025-10-16
413441,83,654.21,7.88,39.41,2.0,8.85,2025-04-18,2025-10-16
203796,78,654.13,8.39,41.93,7.65,8.68,2025-04-18,2025-10-11
203797,78,654.12,8.39,41.93,7.65,8.68,2025-04-18,2025-10-11
409849,70,654.12,9.34,46.72,7.1,18.63,2025-04-18,2025-07-07
102412,75,653.85,8.72,43.59,6.42,12.18,2025-04-20,2025-10-15
203146,64,653.77,10.22,51.08,1.0,11.02,2025-04-18,2025-10-07
421966,54,653.73,12.11,60.53,1.0,12.83,2025-04-18,2025-10-13
105582,53,653.69,12.33,61.67,4.0,13.78,2025-04-18,2025-10-14
422100,78,653.66,8.38,41.9,3.82,9.15,2025-04-18,2025-10-16
422738,53,653.65,12.33,61.67,4.0,12.87,2025-04-18,2025-10-14
503188,82,653.57,7.97,39.85,4.8,8.6,2025-04-18,2025-10-16
415487,80,653.56,8.17,40.85,0.42,9.42,2025-04-18,2025-10-16
419884,59,653.55,11.08,55.39,4.0,17.0,2025-04-18,2025-10-11
500432,52,653.5,12.57,62.84,8.0,16.5,2025-04-18,2025-10-08
420430,56,653.46,11.67,58.34,4.0,16.38,2025-04-19,2025-10-09
101772,69,653.39,9.47,47.35,8.0,10.77,2025-04-18,2025-10-16
505953,65,653.38,10.05,50.26,8.0,17.5,2025-04-18,2025-09-23
402156,66,653.35,9.9,49.5,8.0,12.5,2025-04-18,2025-10-16
421188,78,652.95,8.37,41.86,3.75,11.5,2025-04-18,2025-10-16
403522,78,652.91,8.37,41.85,6.35,8.67,2025-04-18,2025-10-10
410807,73,652.8,8.94,44.71,6.82,9.6,2025-04-18,2025-10-16
101668,79,652.77,8.26,41.31,0.77,10.58,2025-04-18,2025-10-16
422184,53,652.69,12.31,61.57,2.0,13.1,2025-04-24,2025-10-09
505172,78,652.59,8.37,41.83,4.97,8.83,2025-04-18,2025-10-16
500706,81,652.47,8.06,40.28,3.43,9.9,2025-04-18,2025-10-16
507694,81,652.45,8.05,40.27,2.48,8.75,2025-04-18,2025-10-16
104000,77,652.41,8.47,42.36,8.0,9.13,2025-04-18,2025-10-16
409007,78,652.39,8.36,41.82,7.5,8.97,2025-04-18,2025-10-16
415050,53,652.37,12.31,61.54,4.0,17.1,2025-04-18,2025-10-08
506802,80,652.29,8.15,40.77,7.95,9.28,2025-04-18,2025-10-16
419668,78,652.27,8.36,41.81,4.22,11.12,2025-04-18,2025-10-16
420282,82,652.25,7.95,39.77,2.87,8.55,2025-04-18,2025-10-16
407997,56,652.23,11.65,58.23,10.0,13.5,2025-04-22,2025-10-10
411802,78,652.13,8.36,41.8,2.0,9.13,2025-04-18,2025-10-10
422332,79,651.88,8.25,41.26,5.25,10.02,2025-04-18,2025-10-16
421890,52,651.86,12.54,62.68,12.0,13.05,2025-04-19,2025-10-13
506967,80,651.82,8.15,40.74,2.3,12.67,2025-04-18,2025-10-16
403791,77,651.81,8.47,42.33,8.0,10.72,2025-04-18,2025-10-16
303585,54,651.67,12.07,60.34,2.47,13.95,2025-04-21,2025-10-15
105238,75,651.55,8.69,43.44,2.52,10.0,2025-04-18,2025-10-16
416444,53,651.54,12.29,61.47,4.0,16.6,2025-04-18,2025-10-15
104211,56,651.39,11.63,58.16,2.95,13.75,2025-04-21,2025-10-15
103525,63,651.3,10.34,51.69,3.73,10.92,2025-04-18,2025-10-16
102055,65,651.29,10.02,50.1,2.5,12.33,2025-04-18,2025-09-26
416734,71,651.16,9.17,45.86,0.5,9.65,2025-04-18,2025-10-16
409308,80,651.08,8.14,40.69,8.0,8.5,2025-04-18,2025-10-16
507002,81,651.07,8.04,40.19,7.82,8.22,2025-04-18,2025-10-16
507207,57,651.02,11.42,57.11,5.57,16.88,2025-04-18,2025-07-19
504181,58,650.95,11.22,56.12,4.0,16.37,2025-04-19,2025-10-13
507006,78,650.79,8.34,41.72,0.5,9.27,2025-04-18,2025-10-04
102713,76,650.68,8.56,42.81,8.0,8.78,2025-04-18,2025-10-16
410722,53,650.65,12.28,61.38,4.87,12.95,2025-04-19,2025-10-16
105560,53,650.59,12.28,61.38,4.25,13.13,2025-04-19,2025-10-15
500533,62,650.49,10.49,52.46,7.43,16.03,2025-04-18,2025-10-08
414545,79,650.39,8.23,41.16,6.13,8.8,2025-04-18,2025-10-16
422146,64,650.39,10.16,50.81,2.0,23.4,2025-04-21,2025-10-03
505957,78,650.31,8.34,41.69,2.42,8.7,2025-04-18,2025-10-16
506218,73,650.21,8.91,44.53,1.97,12.48,2025-04-18,2025-10-10
409448,69,650.19,9.42,47.12,1.0,12.12,2025-04-18,2025-10-10
335853,60,650.18,10.84,54.18,8.0,13.37,2025-04-21,2025-10-09
405085,53,650.16,12.27,61.34,0.75,13.38,2025-04-20,2025-10-16
505523,59,650.15,11.02,55.1,6.0,24.0,2025-04-18,2025-09-25
415263,63,650.05,10.32,51.59,4.58,17.37,2025-04-22,2025-10-11
900111,80,650.01,8.13,40.63,1.23,9.53,2025-04-18,2025-10-10
506420,111,650.0,5.86,29.28,0.43,11.28,2025-04-18,2025-10-16
500809,61,649.96,10.66,53.28,2.0,13.53,2025-04-19,2025-10-11
203461,64,649.88,10.15,50.77,4.0,13.03,2025-04-21,2025-10-16
504845,75,649.87,8.66,43.32,7.82,16.27,2025-04-18,2025-10-16
416599,80,649.83,8.12,40.61,2.0,9.25,2025-04-18,2025-10-16
111931,78,649.81,8.33,41.65,6.0,8.7,2025-04-18,2025-10-16
420571,76,649.76,8.55,42.75,5.63,13.57,2025-04-18,2025-10-03
501999,77,649.73,8.44,42.19,6.67,8.72,2025-04-18,2025-10-16
407197,78,649.72,8.33,41.65,5.0,8.62,2025-04-18,2025-10-16
403746,77,649.65,8.44,42.19,7.83,9.52,2025-04-18,2025-10-16
503016,79,649.63,8.22,41.12,1.28,8.67,2025-04-18,2025-10-16
506219,78,649.57,8.33,41.64,5.57,8.53,2025-04-18,2025-10-16
418917,64,649.55,10.15,50.75,7.98,10.88,2025-04-21,2025-10-16
418491,81,649.52,8.02,40.09,0.5,9.63,2025-04-18,2025-10-16
104205,84,649.43,7.73,38.66,0.57,9.0,2025-04-18,2025-10-16
419596,52,649.4,12.49,62.44,12.0,13.02,2025-04-22,2025-10-08
505288,62,649.24,10.47,52.36,4.32,13.93,2025-04-18,2025-10-10
102895,77,649.16,8.43,42.15,7.9,9.32,2025-04-18,2025-10-15
505179,78,648.87,8.32,41.59,6.13,8.6,2025-04-18,2025-10-16
419735,53,648.72,12.24,61.2,1.0,13.07,2025-04-18,2025-10-14
506456,77,648.69,8.42,42.12,8.0,8.62,2025-04-18,2025-10-16
15278,77,648.67,8.42,42.12,6.47,8.92,2025-04-18,2025-10-16
503028,83,648.63,7.81,39.07,1.12,12.0,2025-04-18,2025-10-16
408781,77,648.62,8.42,42.12,8.0,8.62,2025-04-18,2025-10-10
507356,54,648.61,12.01,60.06,3.0,16.62,2025-04-24,2025-10-10
105160,56,648.54,11.58,57.91,2.33,16.95,2025-04-18,2025-10-13
501702,54,648.4,12.01,60.04,5.1,12.9,2025-04-18,2025-10-15
11108,80,648.21,8.1,40.51,2.82,8.67,2025-04-18,2025-10-16
421662,78,648.15,8.31,41.55,3.0,9.08,2025-04-18,2025-10-16
503921,55,647.97,11.78,58.91,1.0,13.0,2025-04-21,2025-10-16
200537,76,647.84,8.52,42.62,4.45,9.15,2025-04-18,2025-10-10
420957,77,647.8,8.41,42.06,5.9,9.57,2025-04-18,2025-10-16
505745,79,647.77,8.2,41.0,1.6,12.0,2025-04-18,2025-10-16
422594,78,647.66,8.3,41.52,4.65,9.0,2025-04-18,2025-10-16
506718,76,647.64,8.52,42.61,7.03,10.17,2025-04-18,2025-10-16
103461,78,647.41,8.3,41.5,4.62,8.92,2025-04-18,2025-10-10
502078,64,647.37,10.12,50.58,6.05,10.65,2025-04-18,2025-10-11
410290,78,647.29,8.3,41.49,4.13,8.98,2025-04-18,2025-10-16
103154,80,647.25,8.09,40.45,6.73,9.02,2025-04-20,2025-10-16
505909,77,647.14,8.4,42.02,5.53,8.68,2025-04-18,2025-10-16
422043,80,647.13,8.09,40.45,0.37,10.33,2025-04-18,2025-10-16
506720,52,647.09,12.44,62.22,8.0,13.02,2025-04-18,2025-10-16
503144,54,647.03,11.98,59.91,3.57,12.78,2025-04-21,2025-10-15
413372,55,646.98,11.76,58.82,0.75,16.62,2025-04-19,2025-10-09
421208,80,646.94,8.09,40.43,0.38,9.02,2025-04-18,2025-10-13
104296,55,646.81,11.76,58.8,1.0,16.5,2025-04-21,2025-10-16
506466,83,646.68,7.79,38.96,1.08,8.85,2025-04-18,2025-10-16
414591,65,646.65,9.95,49.74,5.1,11.1,2025-04-21,2025-10-16
502647,77,646.56,8.4,41.98,2.4,9.0,2025-04-18,2025-10-16
413391,52,646.55,12.43,62.17,5.05,13.03,2025-04-20,2025-10-14
101676,52,646.5,12.43,62.16,1.0,13.87,2025-04-18,2025-10-12
111080,76,646.47,8.51,42.53,4.63,9.15,2025-04-18,2025-10-16
412442,78,646.45,8.29,41.44,4.63,8.83,2025-04-18,2025-10-16
410881,77,646.44,8.4,41.98,5.93,8.83,2025-04-18,2025-10-16
203696,75,646.42,8.62,43.09,7.68,9.38,2025-04-18,2025-10-10
409653,74,646.42,8.74,43.68,5.88,15.42,2025-04-18,2025-09-24
101650,64,646.37,10.1,50.5,3.15,10.52,2025-04-21,2025-10-16
334078,77,646.03,8.39,41.95,1.53,10.75,2025-04-18,2025-10-16
104405,52,645.98,12.42,62.11,4.55,13.05,2025-04-18,2025-10-16
505884,80,645.75,8.07,40.36,0.8,8.62,2025-04-18,2025-10-16
418087,52,645.62,12.42,62.08,5.1,13.28,2025-04-20,2025-10-11
336638,77,645.56,8.38,41.92,3.37,8.62,2025-04-18,2025-10-10
336688,76,645.55,8.49,42.47,7.6,10.0,2025-04-18,2025-10-10
105051,57,645.46,11.32,56.62,1.0,13.25,2025-04-18,2025-10-13
120617,77,645.46,8.38,41.91,5.72,9.72,2025-04-18,2025-10-16
105544,56,645.4,11.53,57.63,1.0,12.92,2025-04-19,2025-10-15
15674,80,645.26,8.07,40.33,0.87,9.12,2025-04-18,2025-10-16
418630,62,645.14,10.41,52.03,8.0,11.5,2025-04-18,2025-10-10
421714,65,645.1,9.92,49.62,2.0,12.37,2025-04-18,2025-10-03
111930,52,644.98,12.4,62.02,8.0,13.07,2025-04-21,2025-10-16
502620,77,644.93,8.38,41.88,3.97,8.62,2025-04-18,2025-10-10
336682,77,644.87,8.37,41.87,1.55,9.27,2025-04-18,2025-10-10
505276,78,644.83,8.27,41.34,2.8,9.08,2025-04-18,2025-10-16
500591,50,644.71,12.89,64.47,12.0,13.75,2025-04-19,2025-10-13
506423,80,644.68,8.06,40.29,4.07,8.63,2025-04-18,2025-10-16
506743,57,644.48,11.31,56.53,1.0,16.0,2025-04-19,2025-10-15
415054,63,644.35,10.23,51.14,0.15,24.0,2025-04-18,2025-09-26
502207,54,644.32,11.93,59.66,3.85,13.22,2025-04-19,2025-10-15
500816,74,644.16,8.7,43.52,4.0,16.68,2025-04-20,2025-10-16
416999,77,644.0,8.36,41.82,4.9,9.32,2025-04-18,2025-10-16
06109,79,643.62,8.15,40.74,8.0,10.43,2025-04-18,2025-10-16
13902,59,643.51,10.91,54.53,3.9,16.5,2025-04-18,2025-10-10
204043,77,643.47,8.36,41.78,4.55,14.8,2025-04-18,2025-10-16
401043,66,643.47,9.75,48.75,3.85,14.48,2025-04-18,2025-10-08
411240,111,643.47,5.8,28.99,0.23,14.0,2025-04-18,2025-10-09
408906,67,643.36,9.6,48.01,4.0,12.77,2025-04-19,2025-10-13
500769,53,643.33,12.14,60.69,7.0,13.02,2025-04-21,2025-10-16
102475,52,643.32,12.37,61.86,12.0,12.53,2025-04-19,2025-10-13
506638,77,643.27,8.35,41.77,2.88,10.53,2025-04-18,2025-10-16
335245,76,643.18,8.46,42.31,5.95,9.57,2025-04-18,2025-10-16
200533,76,643.11,8.46,42.31,8.0,9.25,2025-04-18,2025-10-10
104452,77,643.07,8.35,41.76,0.75,16.08,2025-04-20,2025-10-16
501811,55,642.88,11.69,58.44,5.95,12.5,2025-04-18,2025-10-09
416701,52,642.85,12.36,61.81,5.12,12.88,2025-04-19,2025-10-12
418262,54,642.84,11.9,59.52,1.27,13.03,2025-04-18,2025-10-16
506192,77,642.75,8.35,41.74,4.7,9.38,2025-04-18,2025-10-16
418655,69,642.57,9.31,46.56,7.83,14.53,2025-04-18,2025-10-04
411377,76,642.49,8.45,42.27,6.0,9.93,2025-04-18,2025-10-10
507441,60,642.45,10.71,53.54,4.0,13.33,2025-04-20,2025-10-14
507581,78,642.44,8.24,41.18,2.0,9.0,2025-04-18,2025-10-16
411350,83,642.35,7.74,38.7,2.18,9.2,2025-04-18,2025-10-16
335534,78,642.25,8.23,41.17,7.93,8.95,2025-04-20,2025-10-16
506469,81,642.23,7.93,39.64,3.98,8.67,2025-04-19,2025-10-16
504208,80,642.09,8.03,40.13,6.67,9.18,2025-04-18,2025-10-16
507436,64,642.02,10.03,50.16,1.5,12.93,2025-04-18,2025-10-11
403727,63,641.84,10.19,50.94,3.73,16.05,2025-04-18,2025-10-03
111557,62,641.58,10.35,51.74,3.72,20.0,2025-04-18,2025-10-03
101915,51,641.57,12.58,62.9,8.27,16.53,2025-04-22,2025-10-08
410502,76,641.54,8.44,42.21,6.87,9.93,2025-04-18,2025-10-08
416864,53,641.51,12.1,60.52,3.0,14.92,2025-04-18,2025-10-09
421663,81,641.47,7.92,39.6,0.5,8.57,2025-04-18,2025-10-16
202674,52,641.45,12.34,61.68,4.52,13.25,2025-04-21,2025-10-14
415815,53,641.36,12.1,60.51,0.72,12.83,2025-04-19,2025-10-14
201559,64,641.24,10.02,50.1,4.67,11.1,2025-04-18,2025-10-15
504773,53,641.23,12.1,60.49,1.0,16.37,2025-04-19,2025-10-16
105182,52,641.22,12.33,61.66,1.0,13.87,2025-04-19,2025-10-13
105621,53,641.19,12.1,60.49,4.55,16.2,2025-04-18,2025-10-13
507008,78,641.16,8.22,41.1,4.88,10.07,2025-04-18,2025-10-16
414103,56,641.16,11.45,57.25,4.0,13.07,2025-04-24,2025-10-16
101960,90,641.09,7.12,35.62,3.92,8.5,2025-04-18,2025-10-16
420506,76,641.0,8.43,42.17,7.78,9.7,2025-04-18,2025-10-16
413324,51,641.0,12.57,62.84,12.0,13.18,2025-04-21,2025-10-16
505334,78,640.9,8.22,41.08,0.57,9.27,2025-04-18,2025-10-10
504494,80,640.85,8.01,40.05,1.5,8.8,2025-04-18,2025-10-16
417738,52,640.81,12.32,61.62,4.58,12.87,2025-04-18,2025-10-16
504928,71,640.69,9.02,45.12,7.45,17.25,2025-04-18,2025-09-24
421690,59,640.66,10.86,54.29,0.5,16.62,2025-04-20,2025-10-15
505747,58,640.57,11.04,55.22,6.1,14.88,2025-04-18,2025-09-27
503699,77,640.5,8.32,41.59,3.07,10.75,2025-04-18,2025-10-16
105611,55,640.37,11.64,58.22,1.0,12.98,2025-04-18,2025-10-12
421915,54,640.34,11.86,59.29,1.0,16.53,2025-04-18,2025-10-11
101094,73,640.2,8.77,43.85,3.98,16.22,2025-04-18,2025-10-16
507635,73,640.13,8.77,43.84,2.27,14.37,2025-04-18,2025-10-16
505014,52,640.12,12.31,61.55,4.0,13.52,2025-04-24,2025-10-14
417674,73,640.09,8.77,43.84,7.88,14.2,2025-04-18,2025-10-16
420375,60,640.04,10.67,53.34,4.0,12.85,2025-04-18,2025-10-14
505916,53,639.95,12.07,60.37,1.0,16.08,2025-04-23,2025-10-13
405767,56,639.85,11.43,57.13,8.0,12.62,2025-04-18,2025-10-13
412649,66,639.58,9.69,48.45,7.1,10.88,2025-04-18,2025-10-16
505220,53,639.54,12.07,60.33,4.43,12.95,2025-04-22,2025-10-14
411325,79,639.54,8.1,40.48,0.92,8.63,2025-04-18,2025-10-16
506079,54,639.52,11.84,59.21,1.0,12.6,2025-04-23,2025-10-13
505589,53,639.31,12.06,60.31,4.0,13.08,2025-04-19,2025-10-14
403770,73,639.21,8.76,43.78,7.55,9.42,2025-04-18,2025-09-26
505598,72,639.16,8.88,44.39,7.1,15.03,2025-04-18,2025-09-26
407203,62,639.09,10.31,51.54,8.0,10.72,2025-04-22,2025-10-10
414254,80,639.03,7.99,39.94,1.82,9.47,2025-04-18,2025-10-16
417975,79,639.0,8.09,40.44,8.0,8.5,2025-04-21,2025-10-16
418081,51,638.99,12.53,62.65,12.0,13.1,2025-04-18,2025-10-10
422743,53,638.79,12.05,60.26,4.0,13.03,2025-04-21,2025-10-16
101888,50,638.74,12.77,63.87,10.05,17.28,2025-04-18,2025-07-06
507204,63,638.72,10.14,50.69,4.0,12.83,2025-04-19,2025-10-09
118327,76,638.6,8.4,42.01,7.98,8.83,2025-04-18,2025-10-10
415038,78,638.5,8.19,40.93,2.9,17.47,2025-04-18,2025-09-26
416551,78,638.47,8.19,40.93,0.5,8.8,2025-04-18,2025-10-16
503318,69,638.19,9.25,46.25,6.5,16.83,2025-04-19,2025-09-23
101114,61,638.07,10.46,52.3,10.0,10.58,2025-04-21,2025-10-16
503249,76,638.05,8.4,41.98,7.43,9.17,2025-04-18,2025-10-10
111564,56,637.98,11.39,56.96,9.8,12.7,2025-04-19,2025-10-10
507413,63,637.95,10.13,50.63,6.23,11.23,2025-04-18,2025-10-10
415436,78,637.77,8.18,40.88,1.23,8.63,2025-04-18,2025-10-16
501471,53,637.76,12.03,60.17,4.5,13.08,2025-04-24,2025-10-12
416396,83,637.76,7.68,38.42,1.67,8.62,2025-04-18,2025-10-16
506464,79,637.66,8.07,40.36,7.93,8.23,2025-04-20,2025-10-16
417899,73,637.63,8.73,43.67,3.0,12.05,2025-04-18,2025-10-16
14425,78,637.6,8.17,40.87,2.75,9.05,2025-04-18,2025-10-16
418529,76,637.46,8.39,41.94,4.6,8.67,2025-04-18,2025-10-10
336752,80,637.46,7.97,39.84,0.23,8.7,2025-04-18,2025-10-16
505604,53,637.41,12.03,60.13,4.0,13.57,2025-04-18,2025-10-10
503048,74,637.41,8.61,43.07,8.0,8.7,2025-04-18,2025-10-16
421028,53,637.41,12.03,60.13,4.0,16.63,2025-04-21,2025-10-15
501964,57,637.35,11.18,55.91,0.02,12.92,2025-04-18,2025-07-08
408121,77,637.34,8.28,41.39,4.1,8.77,2025-04-18,2025-10-16
507453,76,637.3,8.39,41.93,4.27,8.62,2025-04-18,2025-10-10
500625,54,637.14,11.8,58.99,3.03,13.15,2025-04-18,2025-10-10
507072,54,636.98,11.8,58.98,1.0,14.8,2025-04-19,2025-10-15
203544,75,636.95,8.49,42.46,7.85,8.8,2025-04-18,2025-10-10
410044,75,636.83,8.49,42.46,7.15,11.77,2025-04-18,2025-09-22
416287,53,636.8,12.02,60.08,4.0,13.9,2025-04-23,2025-10-16
15049,76,636.74,8.38,41.89,3.13,9.0,2025-04-18,2025-10-16
415119,60,636.71,10.61,53.06,8.12,17.9,2025-04-18,2025-10-02
506515,53,636.66,12.01,60.06,4.0,16.87,2025-04-18,2025-10-11
415638,60,636.64,10.61,53.05,4.0,12.87,2025-04-18,2025-10-11
417777,77,636.62,8.27,41.34,6.1,8.55,2025-04-18,2025-10-16
335563,55,636.59,11.57,57.87,2.4,19.98,2025-04-18,2025-09-26
104149,52,636.58,12.24,61.21,8.37,12.78,2025-04-19,2025-10-14
501713,75,636.44,8.49,42.43,3.0,10.5,2025-04-18,2025-10-03
412760,76,636.21,8.37,41.86,3.5,8.62,2025-04-18,2025-10-10
415826,52,636.09,12.23,61.16,3.0,13.07,2025-04-21,2025-10-16
420669,52,636.01,12.23,61.15,4.0,12.83,2025-04-18,2025-10-16
506563,53,635.98,12.0,60.0,4.0,12.97,2025-04-18,2025-10-15
101297,71,635.79,8.95,44.77,4.0,12.87,2025-04-18,2025-10-13
507857,54,635.78,11.77,58.87,1.08,12.78,2025-04-21,2025-10-15
406362,75,635.77,8.48,42.38,1.62,15.5,2025-04-18,2025-10-03
506791,75,635.74,8.48,42.38,3.25,9.77,2025-04-18,2025-10-16
102394,55,635.69,11.56,57.79,4.38,16.53,2025-04-20,2025-10-13
506511,53,635.69,11.99,59.97,4.0,13.23,2025-04-18,2025-10-14
419041,63,635.56,10.09,50.44,2.0,11.3,2025-04-21,2025-10-16
407420,75,635.42,8.47,42.36,6.88,10.52,2025-04-18,2025-10-16
412399,53,635.4,11.99,59.94,1.0,12.78,2025-04-19,2025-10-14
204589,69,635.39,9.21,46.04,1.0,15.0,2025-04-18,2025-10-09
402663,67,635.31,9.48,47.41,1.1,11.53,2025-04-18,2025-09-24
102600,76,635.3,8.36,41.8,5.0,9.07,2025-04-18,2025-10-16
505793,56,635.24,11.34,56.72,0.03,13.62,2025-04-18,2025-10-15
411985,75,635.22,8.47,42.35,1.6,14.88,2025-04-18,2025-10-16
419023,50,635.17,12.7,63.52,4.72,17.23,2025-04-18,2025-10-10
405234,62,635.07,10.24,51.22,2.75,13.72,2025-04-18,2025-10-03
501162,76,635.03,8.36,41.78,4.33,11.72,2025-04-18,2025-10-16
413146,51,634.98,12.45,62.25,12.0,12.73,2025-04-18,2025-10-16
102732,72,634.86,8.82,44.09,8.0,12.6,2025-04-18,2025-09-27
421938,64,634.73,9.92,49.59,3.1,13.93,2025-04-18,2025-10-01
104125,55,634.71,11.54,57.7,4.0,12.5,2025-04-18,2025-10-15
502350,79,634.67,8.03,40.17,1.5,8.88,2025-04-18,2025-10-16
506311,59,634.62,10.76,53.78,1.55,24.0,2025-04-18,2025-09-26
102606,61,634.62,10.4,52.02,1.02,18.05,2025-04-18,2025-10-01
414443,50,634.61,12.69,63.46,4.0,16.88,2025-04-18,2025-10-11
506525,55,634.6,11.54,57.69,4.0,13.05,2025-04-18,2025-10-10
408730,76,634.57,8.35,41.75,6.8,8.92,2025-04-18,2025-10-16
421978,54,634.53,11.75,58.75,4.0,13.67,2025-04-18,2025-10-16
422174,77,634.5,8.24,41.2,4.37,9.17,2025-04-21,2025-10-16
203961,77,634.29,8.24,41.19,3.23,10.12,2025-04-18,2025-10-15
406873,75,634.21,8.46,42.28,5.8,9.48,2025-04-18,2025-10-16
506893,83,634.16,7.64,38.2,4.0,20.0,2025-04-19,2025-10-16
421397,52,634.14,12.19,60.97,1.0,13.12,2025-04-24,2025-10-14
506531,51,634.03,12.43,62.16,2.7,13.2,2025-04-18,2025-10-11
420432,58,633.98,10.93,54.65,2.0,13.38,2025-04-20,2025-10-15
422422,63,633.97,10.06,50.32,5.37,10.57,2025-04-18,2025-10-16
203060,60,633.85,10.56,52.82,10.0,12.07,2025-04-18,2025-09-24
413388,51,633.45,12.42,62.1,4.0,13.62,2025-04-18,2025-10-16
507180,64,633.44,9.9,49.49,6.43,12.53,2025-04-21,2025-10-10
403564,79,633.43,8.02,40.09,2.0,8.82,2025-04-18,2025-10-16
505586,54,633.4,11.73,58.65,2.0,13.57,2025-04-18,2025-10-15
505806,61,633.36,10.38,51.91,7.0,11.32,2025-04-18,2025-10-10
420679,53,633.32,11.95,59.75,4.0,13.08,2025-04-18,2025-10-16
506230,75,633.3,8.44,42.22,6.23,10.67,2025-04-18,2025-10-16
420935,79,633.23,8.02,40.08,4.18,9.47,2025-04-19,2025-10-16
506296,51,633.15,12.41,62.07,4.0,13.58,2025-04-18,2025-10-09
422668,75,633.03,8.44,42.2,1.38,9.88,2025-04-18,2025-10-16
413376,52,632.96,12.17,60.86,4.47,13.67,2025-04-18,2025-10-16
420958,61,632.86,10.37,51.87,0.9,16.0,2025-04-18,2025-10-03
105310,52,632.84,12.17,60.85,1.0,12.75,2025-04-21,2025-10-16
333657,60,632.83,10.55,52.74,4.0,13.15,2025-04-19,2025-10-16
418302,69,632.68,9.17,45.85,1.0,10.58,2025-04-18,2025-10-10
507353,58,632.65,10.91,54.54,4.0,12.87,2025-04-18,2025-10-16
502333,59,632.52,10.72,53.6,3.4,13.2,2025-04-18,2025-10-11
500623,53,632.29,11.93,59.65,4.4,13.23,2025-04-18,2025-10-10
503363,55,632.25,11.5,57.48,0.05,13.72,2025-04-19,2025-10-16
104484,77,632.14,8.21,41.05,2.22,9.78,2025-04-18,2025-10-16
105616,56,632.05,11.29,56.43,4.0,12.5,2025-04-22,2025-10-14
507432,57,631.97,11.09,55.44,4.0,13.27,2025-04-18,2025-10-11
420773,65,631.82,9.72,48.6,2.0,13.05,2025-04-18,2025-10-10
103838,78,631.77,8.1,40.5,0.5,9.13,2025-04-18,2025-10-16
415057,60,631.73,10.53,52.64,0.1,24.0,2025-04-19,2025-09-26
506621,78,631.73,8.1,40.5,1.58,11.0,2025-04-18,2025-09-24
507703,52,631.68,12.15,60.74,4.8,16.13,2025-04-18,2025-10-15
412634,50,631.57,12.63,63.16,8.48,16.6,2025-04-18,2025-10-15
200428,65,631.5,9.72,48.58,6.5,18.0,2025-04-18,2025-07-05
502180,71,631.44,8.89,44.47,8.0,13.93,2025-04-18,2025-09-27
420981,52,631.41,12.14,60.71,4.0,13.2,2025-04-19,2025-10-15
501348,52,631.4,12.14,60.71,4.0,12.97,2025-04-18,2025-10-15
101981,60,631.26,10.52,52.61,9.5,11.1,2025-04-18,2025-10-15
203332,51,631.18,12.38,61.88,10.6,12.88,2025-04-18,2025-10-11
422427,78,630.97,8.09,40.45,0.42,8.63,2025-04-18,2025-10-16
200399,80,630.95,7.89,39.43,1.35,9.73,2025-04-18,2025-10-16
202139,62,630.89,10.18,50.88,3.5,13.05,2025-04-18,2025-10-09
503203,51,630.85,12.37,61.85,4.8,13.1,2025-04-19,2025-10-16
421582,75,630.8,8.41,42.05,4.43,10.17,2025-04-18,2025-10-16
504392,51,630.8,12.37,61.84,1.0,13.98,2025-04-19,2025-10-16
418524,72,630.75,8.76,43.8,8.0,9.1,2025-04-18,2025-10-10
410047,50,630.64,12.61,63.06,12.0,13.25,2025-04-21,2025-10-16
103907,76,630.58,8.3,41.49,3.42,8.62,2025-04-18,2025-10-09
505041,67,630.44,9.41,47.05,8.85,9.68,2025-04-18,2025-10-16
419711,52,630.42,12.12,60.62,1.0,13.12,2025-04-21,2025-10-15
418066,53,630.38,11.89,59.47,1.0,13.3,2025-04-18,2025-10-16
421512,57,630.3,11.06,55.29,4.3,12.82,2025-04-18,2025-10-13
505467,53,630.27,11.89,59.46,1.0,12.92,2025-04-22,2025-10-15
502688,64,630.24,9.85,49.24,5.95,10.93,2025-04-18,2025-10-10
104734,52,629.99,12.12,60.58,1.0,12.78,2025-04-19,2025-10-13
422345,77,629.91,8.18,40.9,2.77,9.25,2025-04-18,2025-10-16
503342,52,629.86,12.11,60.56,11.7,12.5,2025-04-19,2025-10-13
505587,51,629.85,12.35,61.75,4.0,12.93,2025-04-21,2025-10-16
203530,55,629.84,11.45,57.26,1.0,12.87,2025-04-22,2025-10-16
421854,52,629.84,12.11,60.56,4.0,13.13,2025-04-18,2025-10-15
502252,65,629.79,9.69,48.45,2.0,14.9,2025-04-18,2025-10-03
422604,50,629.61,12.59,62.96,12.0,13.3,2025-04-20,2025-10-13
104284,76,629.56,8.28,41.42,1.4,14.05,2025-04-19,2025-09-24
420209,53,629.42,11.88,59.38,4.0,13.0,2025-04-18,2025-10-15
502596,74,629.22,8.5,42.51,7.5,9.63,2025-04-18,2025-10-10
419517,52,629.2,12.1,60.5,8.0,12.7,2025-04-18,2025-10-15
507010,78,629.09,8.07,40.33,3.92,9.6,2025-04-19,2025-10-16
420255,62,629.06,10.15,50.73,7.38,10.77,2025-04-18,2025-10-16
104273,70,629.04,8.99,44.93,8.0,16.3,2025-04-18,2025-09-24
104373,75,629.0,8.39,41.93,3.0,8.57,2025-04-18,2025-10-16
103631,74,628.92,8.5,42.49,3.75,10.27,2025-04-18,2025-10-16
417101,51,628.83,12.33,61.65,4.0,14.12,2025-04-18,2025-10-16
121121,81,628.71,7.76,38.81,4.1,9.08,2025-04-18,2025-10-16
416849,51,628.7,12.33,61.64,4.0,12.77,2025-04-18,2025-10-16
101391,72,628.64,8.73,43.66,3.8,11.07,2025-04-18,2025-10-16
418343,53,628.6,11.86,59.3,4.0,12.83,2025-04-18,2025-10-15
506702,66,628.57,9.52,47.62,4.57,11.53,2025-04-18,2025-10-16
418758,51,628.46,12.32,61.61,4.93,12.85,2025-04-18,2025-10-11
203470,52,628.44,12.09,60.43,1.0,14.02,2025-04-18,2025-10-13
103842,56,628.34,11.22,56.1,3.48,14.18,2025-04-18,2025-10-12
503272,49,628.22,12.82,64.1,8.53,17.13,2025-04-19,2025-10-08
11169,89,628.0,7.06,35.28,4.0,11.48,2025-04-18,2025-10-16
101347,51,627.88,12.31,61.56,11.72,13.63,2025-04-22,2025-10-11
411065,68,627.74,9.23,46.16,5.58,13.5,2025-04-18,2025-09-26
410788,54,627.72,11.62,58.12,0.75,12.9,2025-04-19,2025-10-16
500522,77,627.62,8.15,40.75,0.12,9.0,2025-04-18,2025-10-16
203704,51,627.45,12.3,61.51,8.52,12.52,2025-04-20,2025-10-14
101447,74,627.29,8.48,42.38,1.0,12.78,2025-04-18,2025-10-16
201808,62,627.29,10.12,50.59,4.0,13.02,2025-04-21,2025-10-09
418635,51,627.14,12.3,61.48,5.42,12.98,2025-04-20,2025-10-16
506414,76,626.98,8.25,41.25,4.07,8.63,2025-04-18,2025-10-16
105379,50,626.91,12.54,62.69,1.0,13.78,2025-04-18,2025-10-14
201893,67,626.86,9.36,46.78,6.7,16.47,2025-04-18,2025-09-21
413612,67,626.81,9.36,46.78,8.0,16.08,2025-04-18,2025-10-03
130119,81,626.79,7.74,38.69,3.95,8.32,2025-04-18,2025-10-16
503839,52,626.71,12.05,60.26,8.15,13.57,2025-04-18,2025-10-16
303676,85,626.7,7.37,36.86,1.0,12.6,2025-04-18,2025-10-16
504381,75,626.68,8.36,41.78,7.32,8.62,2025-04-18,2025-10-10
102230,73,626.57,8.58,42.92,2.15,16.7,2025-04-18,2025-10-16
507564,75,626.49,8.35,41.77,4.05,9.53,2025-04-18,2025-10-16
500759,58,626.37,10.8,54.0,0.75,12.92,2025-04-18,2025-10-10
501088,60,626.36,10.44,52.2,2.5,16.43,2025-04-18,2025-10-10
201436,75,626.34,8.35,41.76,5.63,9.17,2025-04-18,2025-10-16
502626,53,626.17,11.81,59.07,4.02,12.77,2025-04-19,2025-10-16
400798,74,626.07,8.46,42.3,8.0,8.77,2025-04-18,2025-09-24
505131,51,626.04,12.28,61.38,5.13,14.03,2025-04-18,2025-10-14
503611,74,626.0,8.46,42.3,6.5,9.5,2025-04-18,2025-10-16
504880,56,625.98,11.18,55.89,4.0,12.72,2025-04-18,2025-10-16
414028,69,625.97,9.07,45.36,6.75,12.55,2025-04-18,2025-09-26
204508,50,625.94,12.52,62.59,12.0,12.67,2025-04-20,2025-10-15
102936,77,625.93,8.13,40.64,2.12,9.32,2025-04-18,2025-10-16
420516,53,625.92,11.81,59.05,1.0,12.92,2025-04-19,2025-10-11
502081,51,625.64,12.27,61.34,5.12,12.62,2025-04-22,2025-10-11
422361,61,625.6,10.26,51.28,2.0,15.12,2025-04-18,2025-10-02
505992,75,625.53,8.34,41.7,5.85,8.73,2025-04-18,2025-10-16
413404,69,625.34,9.06,45.31,5.97,17.97,2025-04-18,2025-09-24
409639,74,625.25,8.45,42.25,8.0,8.58,2025-04-18,2025-09-23
414477,51,625.24,12.26,61.3,2.0,16.47,2025-04-21,2025-10-16
507671,76,625.2,8.23,41.13,3.57,9.02,2025-04-18,2025-10-16
500866,51,625.11,12.26,61.29,7.0,13.0,2025-04-18,2025-10-14
101159,54,625.04,11.57,57.87,7.58,16.5,2025-04-19,2025-10-16
506073,51,625.0,12.25,61.27,8.08,12.78,2025-04-19,2025-10-15
421652,50,624.96,12.5,62.5,0.17,16.5,2025-04-22,2025-10-10
104244,50,624.95,12.5,62.49,12.0,12.92,2025-04-21,2025-10-16
406889,51,624.87,12.25,61.26,5.0,12.6,2025-04-23,2025-10-15
501148,53,624.79,11.79,58.94,4.0,13.45,2025-04-19,2025-10-16
505733,72,624.78,8.68,43.39,6.15,9.28,2025-04-18,2025-10-03
101823,73,624.76,8.56,42.79,3.0,14.5,2025-04-18,2025-10-16
500786,77,624.66,8.11,40.56,1.0,8.82,2025-04-18,2025-10-16
301665,51,624.66,12.25,61.24,8.0,12.62,2025-04-19,2025-10-16
506512,52,624.6,12.01,60.06,4.0,13.23,2025-04-18,2025-10-14
412804,51,624.6,12.25,61.24,7.77,12.93,2025-04-22,2025-10-11
104749,74,624.58,8.44,42.2,8.02,8.57,2025-04-18,2025-09-24
405098,54,624.52,11.57,57.83,4.0,13.65,2025-04-18,2025-10-15
504955,56,624.5,11.15,55.76,2.0,12.58,2025-04-23,2025-10-08
418069,57,624.41,10.95,54.77,2.0,13.27,2025-04-23,2025-10-11
407199,75,624.25,8.32,41.62,4.0,8.9,2025-04-18,2025-10-16
420058,55,624.15,11.35,56.74,4.0,15.18,2025-04-19,2025-10-04
501915,69,624.13,9.05,45.23,8.0,16.95,2025-04-18,2025-09-24
507576,50,624.09,12.48,62.41,5.08,13.3,2025-04-18,2025-10-16
422176,50,624.07,12.48,62.41,12.0,13.02,2025-04-18,2025-10-13
203040,63,624.01,9.9,49.52,1.5,10.72,2025-04-22,2025-10-16
420766,50,623.94,12.48,62.39,12.0,12.8,2025-04-24,2025-10-13
505160,76,623.86,8.21,41.04,1.02,9.57,2025-04-18,2025-10-16
414824,82,623.58,7.6,38.02,2.42,9.85,2025-04-18,2025-10-16
406971,64,623.55,9.74,48.71,4.0,14.02,2025-04-21,2025-10-16
101503,70,623.55,8.91,44.54,8.0,10.72,2025-04-18,2025-09-26
409573,51,623.36,12.22,61.11,0.37,12.9,2025-04-18,2025-10-15
503353,71,623.34,8.78,43.9,2.98,14.5,2025-04-18,2025-09-26
102933,73,623.19,8.54,42.68,0.08,9.33,2025-04-21,2025-10-16
112167,60,623.16,10.39,51.93,4.15,13.1,2025-04-18,2025-09-27
103464,53,623.07,11.76,58.78,4.15,12.5,2025-04-21,2025-10-16
413188,50,623.03,12.46,62.3,12.0,12.92,2025-04-18,2025-10-12
421852,52,623.02,11.98,59.91,0.75,13.4,2025-04-18,2025-10-15
411846,61,623.01,10.21,51.07,7.93,11.18,2025-04-18,2025-10-16
507371,74,623.0,8.42,42.09,5.68,10.05,2025-04-18,2025-10-16
113574,74,622.91,8.42,42.09,8.0,8.58,2025-04-18,2025-10-16
412676,57,622.84,10.93,54.64,4.92,14.02,2025-04-18,2025-10-09
505621,61,622.82,10.21,51.05,1.73,19.95,2025-04-18,2025-10-10
416477,58,622.7,10.74,53.68,1.0,14.47,2025-04-18,2025-10-15
420914,50,622.53,12.45,62.25,5.12,13.33,2025-04-20,2025-10-15
102100,75,622.51,8.3,41.5,1.5,10.4,2025-04-21,2025-09-26
422328,76,622.19,8.19,40.93,4.58,10.17,2025-04-18,2025-10-16
422744,51,622.15,12.2,61.0,1.0,12.95,2025-04-18,2025-10-16
418629,51,621.78,12.19,60.96,2.5,16.35,2025-04-18,2025-10-09
411094,51,621.66,12.19,60.95,4.0,12.9,2025-04-19,2025-10-15
201420,50,621.59,12.43,62.16,4.8,16.88,2025-04-21,2025-10-16
101785,71,621.43,8.75,43.76,3.95,16.53,2025-04-21,2025-10-16
506427,74,621.41,8.4,41.99,4.03,8.6,2025-04-18,2025-10-16
420379,74,621.4,8.4,41.99,5.07,8.82,2025-04-18,2025-10-10
505846,50,621.29,12.43,62.13,4.65,13.58,2025-04-19,2025-10-16
507100,50,621.23,12.42,62.12,3.0,13.13,2025-04-21,2025-10-16
503607,53,621.22,11.72,58.61,4.3,12.52,2025-04-18,2025-10-16
410390,74,621.1,8.39,41.97,4.17,9.05,2025-04-18,2025-10-15
104077,52,621.08,11.94,59.72,4.0,13.8,2025-04-18,2025-10-13
506072,49,620.81,12.67,63.35,8.87,14.9,2025-04-21,2025-10-16
419699,54,620.71,11.49,57.47,1.0,16.62,2025-04-18,2025-10-09
335629,52,620.57,11.93,59.67,8.0,14.23,2025-04-18,2025-10-16
200508,49,620.51,12.66,63.32,8.0,16.77,2025-04-19,2025-10-07
420061,64,620.51,9.7,48.48,0.75,24.0,2025-04-18,2025-10-03
422717,48,620.44,12.93,64.63,12.0,17.08,2025-04-18,2025-10-16
419719,51,620.42,12.17,60.83,4.0,16.4,2025-04-18,2025-10-15
422096,52,620.42,11.93,59.66,4.0,16.83,2025-04-20,2025-10-11
422066,66,620.23,9.4,46.99,8.0,10.5,2025-04-18,2025-09-24
105375,51,620.11,12.16,60.8,5.63,13.67,2025-04-20,2025-10-12
414356,51,620.1,12.16,60.79,5.12,13.03,2025-04-18,2025-10-16
102718,58,620.0,10.69,53.45,8.0,12.0,2025-04-21,2025-10-16
201667,68,619.84,9.12,45.58,8.0,16.63,2025-04-18,2025-09-24
505805,50,619.79,12.4,61.98,4.58,12.93,2025-04-21,2025-10-14
201595,78,619.77,7.95,39.73,2.13,8.2,2025-04-18,2025-10-16
200826,74,619.66,8.37,41.87,8.0,8.9,2025-04-18,2025-10-16
301078,74,619.64,8.37,41.87,8.0,8.75,2025-04-21,2025-10-10
402288,73,619.56,8.49,42.44,6.87,10.7,2025-04-18,2025-10-16
506728,81,619.45,7.65,38.24,1.22,9.95,2025-04-18,2025-10-16
414342,63,619.43,9.83,49.16,2.25,13.95,2025-04-21,2025-10-16
417761,53,619.37,11.69,58.43,4.57,16.55,2025-04-18,2025-10-08
416533,52,619.37,11.91,59.55,1.0,16.92,2025-04-18,2025-10-11
420125,73,619.31,8.48,42.42,8.0,9.1,2025-04-18,2025-10-03
506160,60,619.27,10.32,51.61,4.65,10.63,2025-04-18,2025-10-16
506307,52,619.04,11.9,59.52,4.0,13.23,2025-04-18,2025-10-08
200647,70,619.01,8.84,44.21,2.0,10.62,2025-04-18,2025-10-10
103663,52,618.99,11.9,59.52,3.85,13.08,2025-04-22,2025-10-16
104971,73,618.98,8.48,42.4,0.02,15.55,2025-04-18,2025-09-24
416869,49,618.87,12.63,63.15,8.68,13.65,2025-04-22,2025-10-16
507465,73,618.37,8.47,42.35,2.02,14.0,2025-04-18,2025-10-15
507106,55,618.28,11.24,56.21,3.58,12.5,2025-04-21,2025-10-16
502899,61,618.19,10.13,50.67,2.0,16.5,2025-04-18,2025-10-03
503948,49,617.83,12.61,63.04,8.98,13.43,2025-04-21,2025-10-16
505730,52,617.79,11.88,59.4,4.05,13.13,2025-04-18,2025-10-09
501878,49,617.7,12.61,63.03,12.33,13.07,2025-04-22,2025-10-16
504593,65,617.59,9.5,47.51,1.97,12.52,2025-04-18,2025-10-15
104193,73,617.55,8.46,42.3,5.97,11.23,2025-04-19,2025-10-03
105035,53,617.55,11.65,58.26,1.0,13.25,2025-04-18,2025-10-16
503412,53,617.53,11.65,58.26,7.97,16.0,2025-04-21,2025-10-16
503276,49,617.52,12.6,63.01,8.0,16.5,2025-04-18,2025-10-12
417216,59,617.46,10.47,52.33,8.83,10.72,2025-04-21,2025-10-09
505192,50,617.45,12.35,61.75,3.95,13.13,2025-04-18,2025-10-16
403645,50,617.44,12.35,61.74,8.35,13.08,2025-04-18,2025-10-13
502091,73,617.41,8.46,42.29,7.43,8.68,2025-04-18,2025-10-16
410665,51,617.33,12.1,60.52,1.0,16.05,2025-04-19,2025-10-15
413818,75,617.24,8.23,41.15,1.68,12.52,2025-04-18,2025-10-03
507443,57,617.14,10.83,54.14,4.0,13.35,2025-04-18,2025-10-08
505656,72,617.08,8.57,42.85,2.42,19.23,2025-04-18,2025-09-27
505997,49,617.06,12.59,62.97,11.85,16.63,2025-04-19,2025-10-16
503841,50,617.0,12.34,61.7,4.93,12.98,2025-04-22,2025-10-16
505820,51,616.85,12.1,60.48,4.23,12.85,2025-04-18,2025-10-16
334021,73,616.8,8.45,42.25,5.92,8.87,2025-04-18,2025-10-10
505626,59,616.6,10.45,52.25,4.0,17.33,2025-04-21,2025-10-09
408321,52,616.59,11.86,59.29,1.0,16.48,2025-04-19,2025-10-11
417260,66,616.56,9.34,46.71,8.0,9.73,2025-04-18,2025-09-24
500892,62,616.54,9.94,49.72,2.0,18.5,2025-04-18,2025-09-30
415676,51,616.54,12.09,60.45,2.0,16.23,2025-04-18,2025-10-10
103447,55,616.46,11.21,56.04,3.97,13.15,2025-04-22,2025-10-16
421210,51,616.46,12.09,60.44,1.22,16.53,2025-04-21,2025-10-08
419809,60,616.41,10.27,51.37,8.0,10.55,2025-04-18,2025-10-10
410314,66,616.39,9.34,46.7,4.08,12.27,2025-04-18,2025-07-07
501985,60,616.37,10.27,51.36,5.9,10.83,2025-04-18,2025-10-03
419252,51,616.26,12.08,60.42,8.5,13.37,2025-04-19,2025-10-13
105107,52,616.12,11.85,59.24,1.0,15.17,2025-04-18,2025-10-12
418402,50,616.09,12.32,61.61,5.98,13.02,2025-04-20,2025-10-16
409599,78,616.05,7.9,39.49,7.5,8.03,2025-04-18,2025-10-10
500648,59,616.04,10.44,52.21,8.12,10.82,2025-04-18,2025-10-10
104885,70,615.89,8.8,43.99,7.9,16.4,2025-04-19,2025-10-15
507433,56,615.85,11.0,54.99,4.0,13.08,2025-04-18,2025-10-15
103075,49,615.81,12.57,62.84,12.0,16.52,2025-04-19,2025-10-09
409328,51,615.69,12.07,60.36,1.0,16.53,2025-04-19,2025-10-16
104159,62,615.67,9.93,49.65,2.0,24.0,2025-04-18,2025-09-25
105123,50,615.58,12.31,61.56,5.6,12.88,2025-04-22,2025-10-15
503918,65,615.54,9.47,47.35,8.0,10.27,2025-04-18,2025-10-16
203480,59,615.43,10.43,52.16,8.0,11.1,2025-04-18,2025-10-02
418895,49,615.37,12.56,62.79,12.0,17.07,2025-04-22,2025-10-09
102357,55,615.37,11.19,55.94,1.0,13.05,2025-04-18,2025-10-16
420700,66,615.26,9.32,46.61,3.17,11.78,2025-04-18,2025-10-16
506482,89,615.05,6.91,34.55,6.0,8.0,2025-04-18,2025-10-16
506518,52,614.96,11.83,59.13,4.0,13.08,2025-04-18,2025-10-14
408149,50,614.9,12.3,61.49,4.0,13.65,2025-04-19,2025-10-11
415907,49,614.88,12.55,62.74,12.0,13.58,2025-04-24,2025-10-16
420503,50,614.87,12.3,61.49,2.0,16.0,2025-04-18,2025-10-10
105303,74,614.84,8.31,41.54,2.48,9.63,2025-04-18,2025-10-16
303509,51,614.8,12.05,60.27,5.45,12.72,2025-04-19,2025-10-13
503900,53,614.73,11.6,57.99,4.0,13.0,2025-04-21,2025-10-14
505307,52,614.71,11.82,59.11,4.87,12.88,2025-04-18,2025-10-10
420904,50,614.53,12.29,61.45,4.98,24.0,2025-04-19,2025-10-09
201051,69,614.51,8.91,44.53,3.0,13.78,2025-04-18,2025-10-03
101615,84,614.5,7.32,36.58,4.98,9.93,2025-04-18,2025-10-16
504031,53,614.46,11.59,57.97,4.45,12.92,2025-04-18,2025-10-11
501298,52,614.23,11.81,59.06,4.0,13.5,2025-04-21,2025-10-10
503210,50,614.03,12.28,61.4,10.1,14.5,2025-04-18,2025-10-10
417962,54,614.03,11.37,56.85,4.0,16.0,2025-04-18,2025-10-09
506707,56,613.99,10.96,54.82,4.0,12.87,2025-04-22,2025-10-16
120414,72,613.96,8.53,42.64,4.13,8.72,2025-04-18,2025-10-16
505910,61,613.9,10.06,50.32,5.78,10.57,2025-04-21,2025-09-25
417922,67,613.85,9.16,45.81,1.78,10.2,2025-04-21,2025-10-16
409842,49,613.81,12.53,62.63,4.8,16.5,2025-04-21,2025-10-08
335020,59,613.78,10.4,52.02,6.0,14.1,2025-04-22,2025-10-08
502274,50,613.73,12.27,61.37,8.37,16.47,2025-04-18,2025-10-16
102196,72,613.66,8.52,42.62,8.0,8.7,2025-04-21,2025-10-16
12040,73,613.63,8.41,42.03,8.0,8.68,2025-04-18,2025-10-16
504958,56,613.63,10.96,54.79,8.28,13.03,2025-04-18,2025-10-16
422662,50,613.59,12.27,61.36,5.07,12.92,2025-04-21,2025-10-16
506245,72,613.5,8.52,42.6,4.0,13.5,2025-04-18,2025-10-16
506294,50,613.41,12.27,61.34,4.0,13.05,2025-04-18,2025-10-15
502409,50,613.38,12.27,61.34,2.0,13.57,2025-04-20,2025-10-14
506930,49,613.32,12.52,62.58,8.8,13.78,2025-04-23,2025-10-14
412209,48,613.2,12.77,63.87,12.0,13.93,2025-04-22,2025-10-15
103722,63,613.18,9.73,48.67,4.0,10.57,2025-04-21,2025-10-16
101371,64,613.1,9.58,47.9,4.08,11.12,2025-04-18,2025-10-15
101551,60,613.1,10.22,51.09,8.22,10.97,2025-04-21,2025-10-16
416104,74,612.98,8.28,41.42,4.65,8.62,2025-04-18,2025-10-07
11280,84,612.89,7.3,36.48,3.42,11.92,2025-04-18,2025-10-15
102024,80,612.77,7.66,38.3,1.02,9.12,2025-04-18,2025-10-16
503320,74,612.76,8.28,41.4,1.3,9.55,2025-04-18,2025-10-16
417141,51,612.71,12.01,60.07,4.38,12.78,2025-04-18,2025-10-09
506783,75,612.71,8.17,40.85,2.83,8.63,2025-04-18,2025-10-16
421657,50,612.69,12.25,61.27,5.1,12.92,2025-04-19,2025-10-15
502472,55,612.61,11.14,55.69,0.8,12.77,2025-04-18,2025-10-03
415667,51,612.61,12.01,60.06,1.0,12.97,2025-04-18,2025-10-12
102140,67,612.48,9.14,45.71,4.95,10.08,2025-04-18,2025-10-16
408328,50,612.48,12.25,61.25,4.42,13.08,2025-04-18,2025-10-16
504451,51,612.35,12.01,60.03,4.0,16.75,2025-04-24,2025-10-09
504599,48,612.33,12.76,63.78,3.15,16.72,2025-04-18,2025-10-16
507334,61,612.29,10.04,50.19,4.25,10.97,2025-04-18,2025-10-03
405150,49,612.19,12.49,62.47,12.0,13.0,2025-04-19,2025-10-15
335694,56,612.11,10.93,54.65,8.0,13.02,2025-04-21,2025-10-16
506855,72,612.06,8.5,42.5,7.13,10.02,2025-04-18,2025-10-16
422630,54,612.01,11.33,56.67,1.63,16.62,2025-04-21,2025-10-03
505536,55,611.99,11.13,55.64,4.0,13.02,2025-04-18,2025-10-04
507464,71,611.96,8.62,43.1,5.33,14.38,2025-04-18,2025-09-23
417338,50,611.91,12.24,61.19,4.0,13.13,2025-04-18,2025-10-14
421595,49,611.86,12.49,62.43,8.57,12.88,2025-04-18,2025-10-16
412994,75,611.76,8.16,40.78,4.37,10.28,2025-04-18,2025-10-16
201989,73,611.68,8.38,41.9,4.03,12.0,2025-04-18,2025-09-24
104138,69,611.67,8.86,44.32,0.02,13.72,2025-04-18,2025-09-24
500993,51,611.62,11.99,59.96,8.18,16.62,2025-04-18,2025-10-13
102351,50,611.61,12.23,61.16,8.07,12.9,2025-04-18,2025-10-16
505797,78,611.31,7.84,39.19,5.9,8.67,2025-04-18,2025-10-16
505418,51,611.28,11.99,59.93,1.2,13.43,2025-04-20,2025-10-08
421829,50,611.23,12.22,61.12,3.0,12.72,2025-04-18,2025-10-15
503523,50,611.16,12.22,61.12,4.0,12.97,2025-04-18,2025-10-16
105178,53,611.12,11.53,57.65,1.0,13.37,2025-04-18,2025-10-16
503020,50,611.12,12.22,61.11,4.98,12.85,2025-04-18,2025-10-14
104544,52,611.02,11.75,58.75,1.0,13.28,2025-04-19,2025-10-15
500968,81,611.01,7.54,37.72,3.3,8.5,2025-04-21,2025-10-16
502908,51,610.98,11.98,59.9,4.0,13.25,2025-04-19,2025-10-16
505652,54,610.96,11.31,56.57,4.0,17.47,2025-04-21,2025-10-11
14272,77,610.95,7.93,39.67,3.0,8.58,2025-04-18,2025-10-16
402977,49,610.93,12.47,62.34,12.0,12.77,2025-04-22,2025-10-14
417339,51,610.86,11.98,59.89,3.82,13.32,2025-04-21,2025-10-16
334938,73,610.82,8.37,41.84,8.0,8.5,2025-04-18,2025-09-24
400803,73,610.74,8.37,41.83,6.0,8.67,2025-04-18,2025-10-16
505473,51,610.73,11.98,59.88,1.0,13.05,2025-04-23,2025-10-16
507448,67,610.71,9.12,45.58,8.32,16.67,2025-04-18,2025-09-23
504264,69,610.68,8.85,44.25,1.15,12.83,2025-04-18,2025-07-15
506517,52,610.66,11.74,58.72,2.0,13.35,2025-04-18,2025-10-11
507045,49,610.63,12.46,62.31,8.6,13.7,2025-04-19,2025-10-16
503474,74,610.54,8.25,41.25,3.02,8.63,2025-04-18,2025-10-03
413782,49,610.24,12.45,62.27,4.5,13.55,2025-04-18,2025-10-16
422696,48,610.23,12.71,63.57,7.12,16.53,2025-04-18,2025-10-16
416253,55,610.21,11.09,55.47,4.0,13.1,2025-04-18,2025-10-13
507054,49,610.19,12.45,62.26,5.18,12.87,2025-04-21,2025-10-15
105404,50,610.15,12.2,61.01,8.12,12.75,2025-04-21,2025-10-16
507166,49,610.09,12.45,62.25,3.57,13.67,2025-04-18,2025-10-11
420993,48,610.05,12.71,63.55,9.23,16.58,2025-04-22,2025-10-14
402043,57,610.05,10.7,53.51,8.0,12.55,2025-04-18,2025-07-04
105343,68,610.03,8.97,44.86,1.12,16.48,2025-04-18,2025-10-16
418185,49,609.7,12.44,62.21,2.0,13.42,2025-04-22,2025-10-11
503620,60,609.65,10.16,50.8,2.0,16.12,2025-04-18,2025-10-03
414201,61,609.58,9.99,49.97,0.03,24.0,2025-04-18,2025-09-24
419644,48,609.52,12.7,63.49,12.0,13.93,2025-04-19,2025-10-16
421466,76,609.45,8.02,40.1,2.65,10.37,2025-04-18,2025-10-16
104814,53,609.23,11.49,57.47,1.0,13.33,2025-04-22,2025-10-16
200932,56,609.19,10.88,54.39,9.8,12.5,2025-04-18,2025-10-16
506313,72,609.08,8.46,42.3,0.52,11.5,2025-04-18,2025-10-16
336047,72,609.04,8.46,42.29,7.95,8.97,2025-04-18,2025-10-16
418977,49,608.97,12.43,62.14,4.95,12.85,2025-04-20,2025-10-16
200568,72,608.93,8.46,42.29,6.28,8.68,2025-04-18,2025-10-16
104659,52,608.88,11.71,58.55,4.0,12.68,2025-04-21,2025-10-16
506468,85,608.72,7.16,35.81,6.0,18.02,2025-04-18,2025-10-16
501719,51,608.7,11.94,59.68,2.0,12.93,2025-04-18,2025-10-16
502206,49,608.66,12.42,62.11,2.07,15.2,2025-04-18,2025-10-03
410941,50,608.56,12.17,60.86,1.0,13.07,2025-04-19,2025-10-15
503274,49,608.46,12.42,62.09,4.8,13.05,2025-04-18,2025-10-15
505754,71,608.37,8.57,42.84,3.37,11.28,2025-04-18,2025-09-24
504257,50,608.35,12.17,60.83,4.0,13.08,2025-04-22,2025-10-16
406768,52,608.3,11.7,58.49,0.92,12.98,2025-04-19,2025-10-15
407618,56,608.28,10.86,54.31,4.0,23.92,2025-04-18,2025-10-03
401388,72,608.25,8.45,42.24,5.82,10.82,2025-04-18,2025-09-24
502392,51,608.08,11.92,59.62,5.52,13.27,2025-04-23,2025-10-16
418168,70,607.94,8.68,43.42,5.0,11.8,2025-04-19,2025-09-27
505803,52,607.94,11.69,58.46,4.0,13.08,2025-04-22,2025-10-09
101512,70,607.67,8.68,43.41,0.9,17.15,2025-04-18,2025-09-26
500991,49,607.66,12.4,62.01,4.27,12.87,2025-04-22,2025-10-15
420045,71,607.63,8.56,42.79,4.62,8.97,2025-04-18,2025-10-16
506753,50,607.6,12.15,60.76,4.0,13.13,2025-04-18,2025-10-11
420966,50,607.55,12.15,60.76,2.0,12.9,2025-04-21,2025-10-13
420990,50,607.5,12.15,60.75,0.02,13.1,2025-04-19,2025-10-15
418672,51,607.46,11.91,59.55,2.0,12.9,2025-04-21,2025-10-16
501944,49,607.45,12.4,61.98,9.37,12.78,2025-04-18,2025-10-08
412140,48,607.4,12.65,63.27,4.0,13.92,2025-04-20,2025-10-11
501222,47,607.33,12.92,64.61,12.0,13.43,2025-04-19,2025-10-07
505395,59,607.31,10.29,51.47,10.0,10.75,2025-04-22,2025-10-16
415660,68,607.1,8.93,44.64,8.0,11.3,2025-04-18,2025-09-26
421343,52,607.09,11.67,58.37,1.0,14.28,2025-04-18,2025-10-10
11997,72,606.94,8.43,42.15,4.27,10.57,2025-04-18,2025-10-16
101586,52,606.79,11.67,58.35,4.0,12.5,2025-04-19,2025-10-15
414618,59,606.78,10.28,51.42,2.0,11.25,2025-04-21,2025-10-16
506609,75,606.77,8.09,40.45,0.42,10.27,2025-04-18,2025-10-16
507057,63,606.75,9.63,48.15,1.0,16.0,2025-04-21,2025-10-10
335810,93,606.58,6.52,32.61,1.0,9.0,2025-04-18,2025-10-16
503392,68,606.55,8.92,44.6,0.5,12.5,2025-04-18,2025-10-09
415790,49,606.35,12.37,61.87,12.0,12.87,2025-04-18,2025-10-09
505576,51,606.34,11.89,59.45,1.22,16.3,2025-04-20,2025-10-16
417364,48,606.24,12.63,63.15,12.0,13.37,2025-04-22,2025-10-13
413403,74,606.15,8.19,40.96,0.27,10.2,2025-04-18,2025-10-16
420341,52,606.01,11.65,58.27,0.07,16.43,2025-04-19,2025-10-07
413367,72,605.79,8.41,42.07,4.67,9.62,2025-04-18,2025-10-16
412989,68,605.78,8.91,44.54,7.93,14.93,2025-04-20,2025-09-23
505612,51,605.54,11.87,59.37,1.0,13.53,2025-04-21,2025-10-16
105510,70,605.42,8.65,43.24,8.0,9.05,2025-04-18,2025-09-23
505850,65,605.36,9.31,46.57,6.2,14.97,2025-04-19,2025-09-27
507713,50,605.17,12.1,60.52,2.2,15.08,2025-04-22,2025-10-15
404786,61,605.16,9.92,49.6,3.15,10.5,2025-04-18,2025-10-16
410270,70,605.16,8.65,43.23,6.35,12.78,2025-04-18,2025-09-24
506970,49,604.92,12.35,61.73,5.07,23.9,2025-04-20,2025-10-16
302480,60,604.86,10.08,50.4,2.12,13.43,2025-04-18,2025-09-23
205483,74,604.76,8.17,40.86,2.87,8.53,2025-04-18,2025-10-10
503883,51,604.68,11.86,59.28,8.12,12.62,2025-04-18,2025-10-05
507128,52,604.64,11.63,58.14,1.0,12.73,2025-04-18,2025-10-14
116029,51,604.61,11.86,59.28,1.0,13.02,2025-04-18,2025-10-13
104281,74,604.6,8.17,40.85,1.25,9.17,2025-04-18,2025-10-16
502593,52,603.96,11.61,58.07,3.27,13.78,2025-04-19,2025-10-16
418058,72,603.85,8.39,41.93,5.1,9.48,2025-04-18,2025-10-16
401543,50,603.83,12.08,60.38,1.0,14.03,2025-04-21,2025-10-14
501168,72,603.78,8.39,41.93,4.75,9.28,2025-04-18,2025-10-03
502109,48,603.68,12.58,62.88,8.47,16.53,2025-04-18,2025-10-15
506534,71,603.59,8.5,42.51,6.7,10.45,2025-04-18,2025-10-16
505799,52,603.44,11.6,58.02,4.3,12.9,2025-04-22,2025-10-09
401067,72,603.39,8.38,41.9,6.9,8.62,2025-04-18,2025-09-24
421472,63,603.34,9.58,47.88,1.0,12.88,2025-04-21,2025-10-10
504805,50,603.26,12.07,60.33,5.37,12.83,2025-04-18,2025-10-09
102208,50,603.06,12.06,60.31,2.87,12.62,2025-04-18,2025-10-16
502687,49,603.06,12.31,61.54,6.57,12.57,2025-04-21,2025-10-09
105140,48,603.02,12.56,62.81,4.97,13.65,2025-04-21,2025-10-16
103736,50,602.8,12.06,60.28,4.0,12.95,2025-04-18,2025-10-12
103269,51,602.78,11.82,59.1,4.0,12.9,2025-04-19,2025-10-15
422456,71,602.75,8.49,42.45,7.0,10.4,2025-04-18,2025-10-16
414245,49,602.57,12.3,61.49,8.0,17.02,2025-04-18,2025-10-10
501902,67,602.57,8.99,44.97,7.57,16.42,2025-04-18,2025-09-24
418418,49,602.52,12.3,61.48,0.12,13.18,2025-04-24,2025-10-14
418078,50,602.45,12.05,60.25,4.0,16.0,2025-04-18,2025-10-11
409574,50,602.39,12.05,60.24,1.0,13.02,2025-04-21,2025-10-15
411250,46,602.39,13.1,65.48,8.6,16.88,2025-04-23,2025-10-10
101235,70,602.31,8.6,43.02,8.0,12.55,2025-04-18,2025-09-26
400963,72,602.26,8.36,41.82,6.27,10.98,2025-04-18,2025-09-24
105156,52,602.23,11.58,57.91,4.47,12.67,2025-04-21,2025-10-13
409329,65,602.16,9.26,46.32,7.45,16.63,2025-04-18,2025-07-04
504881,50,602.14,12.04,60.21,1.0,12.9,2025-04-20,2025-10-16
507424,71,602.13,8.48,42.4,3.42,12.15,2025-04-18,2025-09-26
111515,48,602.06,12.54,62.71,12.0,13.5,2025-04-18,2025-10-11
418683,49,602.02,12.29,61.43,1.0,13.05,2025-04-18,2025-10-15
101891,58,601.91,10.38,51.89,1.0,17.2,2025-04-21,2025-10-10
407691,51,601.86,11.8,59.01,1.0,13.22,2025-04-22,2025-10-16
101105,63,601.75,9.55,47.76,6.5,12.0,2025-04-19,2025-10-16
100801,67,601.74,8.98,44.91,7.5,24.0,2025-04-18,2025-10-10
101989,52,601.55,11.57,57.84,4.97,16.43,2025-04-19,2025-10-16
502540,52,601.51,11.57,57.84,1.0,13.22,2025-04-18,2025-10-16
416130,48,601.41,12.53,62.65,12.0,13.02,2025-04-18,2025-10-10
401039,49,601.37,12.27,61.36,4.9,12.98,2025-04-18,2025-10-08
506257,56,601.34,10.74,53.69,4.0,13.0,2025-04-22,2025-10-10
201823,56,601.13,10.73,53.67,8.0,11.58,2025-04-18,2025-10-16
419170,49,601.12,12.27,61.34,2.0,13.35,2025-04-23,2025-10-16
417964,48,601.1,12.52,62.61,12.0,13.03,2025-04-18,2025-10-14
411063,73,600.93,8.23,41.16,4.0,11.33,2025-04-19,2025-10-16
506796,63,600.89,9.54,47.69,7.65,20.5,2025-04-18,2025-09-22
501041,72,600.85,8.35,41.73,2.7,15.48,2025-04-18,2025-10-16
416960,46,600.84,13.06,65.31,4.63,17.38,2025-04-18,2025-06-13
507657,50,600.78,12.02,60.08,4.0,13.12,2025-04-18,2025-10-15
503213,66,600.53,9.1,45.49,4.5,16.07,2025-04-18,2025-09-24
400360,49,600.48,12.25,61.27,2.0,16.63,2025-04-21,2025-10-09
102142,54,600.46,11.12,55.6,3.88,13.42,2025-04-18,2025-10-16
414247,48,600.46,12.51,62.55,12.0,13.13,2025-04-18,2025-10-15
422105,58,600.36,10.35,51.76,8.0,14.0,2025-04-18,2025-07-08
101156,77,600.34,7.8,38.98,2.95,10.45,2025-04-18,2025-10-16
415367,58,600.24,10.35,51.74,5.65,19.67,2025-04-18,2025-10-12
105252,50,600.22,12.0,60.02,1.0,13.37,2025-04-18,2025-10-13
500438,49,600.16,12.25,61.24,4.0,13.08,2025-04-19,2025-10-14
507085,48,600.08,12.5,62.51,12.2,12.78,2025-04-18,2025-10-16
502634,53,600.07,11.32,56.61,6.07,16.75,2025-04-22,2025-10-07
104818,65,600.05,9.23,46.16,1.87,12.42,2025-04-18,2025-10-15
414258,47,600.03,12.77,63.83,12.0,24.0,2025-04-18,2025-10-15
104046,66,599.77,9.09,45.44,6.02,11.15,2025-04-18,2025-09-24
506003,48,599.75,12.49,62.47,11.4,12.68,2025-04-18,2025-10-15
413360,65,599.73,9.23,46.13,5.63,17.28,2025-04-18,2025-09-24
102426,70,599.64,8.57,42.83,6.37,9.17,2025-04-18,2025-10-16
101087,68,599.46,8.82,44.08,3.77,11.68,2025-04-18,2025-09-24
412329,48,599.28,12.49,62.43,8.6,13.02,2025-04-20,2025-10-07
200650,49,599.27,12.23,61.15,2.0,12.93,2025-04-18,2025-10-09
507966,71,599.08,8.44,42.19,5.78,8.67,2025-05-05,2025-10-16
505729,49,599.04,12.23,61.13,8.37,16.25,2025-04-22,2025-10-09
505961,48,598.94,12.48,62.39,12.25,12.58,2025-04-18,2025-10-09
402617,49,598.91,12.22,61.11,8.33,12.9,2025-04-18,2025-10-10
506021,52,598.9,11.52,57.59,0.62,13.4,2025-04-18,2025-10-14
507442,55,598.81,10.89,54.44,4.5,13.25,2025-04-21,2025-10-11
507400,49,598.73,12.22,61.09,5.12,12.7,2025-04-18,2025-10-08
505984,76,598.69,7.88,39.39,1.0,8.73,2025-04-18,2025-10-16
501783,67,598.5,8.93,44.66,0.02,20.0,2025-04-20,2025-09-23
505583,53,598.5,11.29,56.46,2.0,13.25,2025-04-23,2025-10-09
507579,49,598.47,12.21,61.07,3.77,13.4,2025-04-18,2025-10-10
505625,53,598.34,11.29,56.45,1.0,12.73,2025-04-23,2025-10-15
105364,76,598.24,7.87,39.36,3.97,9.13,2025-04-18,2025-09-24
103456,82,598.02,7.29,36.46,2.02,8.83,2025-04-18,2025-10-16
417731,49,598.0,12.2,61.02,0.37,12.97,2025-04-22,2025-10-14
104291,67,597.97,8.92,44.62,7.08,24.0,2025-04-18,2025-10-10
503393,49,597.95,12.2,61.02,1.0,12.65,2025-04-20,2025-10-16
505907,49,597.68,12.2,60.99,4.0,13.07,2025-04-22,2025-10-15
418542,50,597.54,11.95,59.75,8.5,13.3,2025-04-18,2025-10-15
101069,52,597.5,11.49,57.45,1.0,13.7,2025-04-18,2025-10-12
500989,71,597.19,8.41,42.06,0.32,15.52,2025-04-21,2025-10-03
114782,49,597.14,12.19,60.93,4.73,13.93,2025-04-21,2025-10-09
414679,57,597.14,10.48,52.38,1.6,13.95,2025-04-22,2025-10-10
505762,65,597.13,9.19,45.93,1.0,10.38,2025-04-21,2025-10-10
104324,52,597.05,11.48,57.41,5.05,13.1,2025-04-18,2025-10-14
505630,55,596.92,10.85,54.27,4.0,13.08,2025-04-18,2025-10-16
103710,71,596.87,8.41,42.03,4.55,9.53,2025-04-18,2025-10-16
414551,49,596.85,12.18,60.9,4.0,12.73,2025-04-18,2025-10-10
404810,58,596.73,10.29,51.44,2.0,12.5,2025-04-19,2025-10-04
417914,73,596.65,8.17,40.87,3.0,9.07,2025-04-18,2025-10-16
414794,51,596.59,11.7,58.49,4.52,17.53,2025-04-18,2025-09-23
500721,49,596.58,12.18,60.88,2.0,12.53,2025-04-18,2025-10-13
502587,48,596.57,12.43,62.14,4.0,13.02,2025-04-24,2025-10-16
507420,69,596.51,8.65,43.23,8.0,8.98,2025-04-18,2025-09-27
417685,65,596.44,9.18,45.88,6.03,9.98,2025-04-18,2025-09-24
505624,53,596.36,11.25,56.26,4.0,13.03,2025-04-20,2025-10-07
202940,57,596.35,10.46,52.31,5.4,13.52,2025-04-18,2025-09-26
101557,61,596.28,9.78,48.88,0.58,10.65,2025-04-21,2025-09-25
422737,49,596.24,12.17,60.84,4.0,13.05,2025-04-19,2025-10-16
130097,72,596.23,8.28,41.4,6.93,8.65,2025-04-18,2025-10-16
200473,48,596.07,12.42,62.09,12.0,12.53,2025-04-21,2025-10-15
503236,49,596.05,12.16,60.82,4.0,12.98,2025-04-19,2025-10-08
103163,71,595.92,8.39,41.97,4.5,11.0,2025-04-18,2025-10-16
504879,73,595.87,8.16,40.81,2.2,11.52,2025-04-18,2025-10-15
301283,47,595.85,12.68,63.39,12.0,13.7,2025-04-19,2025-10-16
421609,64,595.83,9.31,46.55,0.25,13.77,2025-04-18,2025-09-20
505105,58,595.82,10.27,51.36,7.98,13.05,2025-04-18,2025-09-26
413400,48,595.68,12.41,62.05,7.8,12.93,2025-04-21,2025-10-16
104774,49,595.65,12.16,60.78,4.5,15.08,2025-04-18,2025-10-16
502317,50,595.58,11.91,59.56,2.0,13.03,2025-04-18,2025-10-16
408359,49,595.56,12.15,60.77,4.0,16.75,2025-04-21,2025-10-11
422344,47,595.53,12.67,63.35,12.0,13.5,2025-04-22,2025-10-16
419019,59,595.45,10.09,50.46,8.0,10.75,2025-04-18,2025-10-16
500946,48,595.32,12.4,62.01,2.0,24.0,2025-04-18,2025-10-03
102566,69,595.3,8.63,43.14,5.92,9.63,2025-04-18,2025-10-16
503481,49,595.27,12.15,60.74,4.28,12.85,2025-04-22,2025-10-14
504377,69,595.27,8.63,43.14,3.62,14.43,2025-04-18,2025-09-26
422165,72,595.26,8.27,41.34,4.37,8.85,2025-04-18,2025-10-16
412814,59,595.24,10.09,50.44,7.52,10.83,2025-04-18,2025-07-08
412637,53,595.23,11.23,56.15,0.32,24.0,2025-04-18,2025-09-22
506162,48,595.19,12.4,62.0,4.0,13.22,2025-04-20,2025-10-15
416774,73,595.19,8.15,40.77,2.0,11.5,2025-04-21,2025-09-24
503972,70,595.14,8.5,42.51,4.88,9.4,2025-04-18,2025-10-03
102774,72,594.9,8.26,41.31,2.0,9.02,2025-04-18,2025-10-16
420992,49,594.89,12.14,60.7,1.0,13.35,2025-04-18,2025-10-14
101862,68,594.88,8.75,43.74,2.93,10.7,2025-04-18,2025-09-26
505409,49,594.86,12.14,60.7,4.08,12.53,2025-04-23,2025-10-10
200265,55,594.81,10.81,54.07,1.0,15.95,2025-04-18,2025-10-09
506293,50,594.75,11.9,59.47,2.0,13.0,2025-04-18,2025-10-15
408972,57,594.67,10.43,52.16,2.0,12.0,2025-04-18,2025-10-10
420497,50,594.53,11.89,59.45,2.0,13.18,2025-04-18,2025-10-11
506446,89,594.46,6.68,33.4,3.97,14.77,2025-04-18,2025-10-15
105615,47,594.41,12.65,63.24,12.0,16.02,2025-04-18,2025-10-12
409089,48,594.17,12.38,61.89,4.47,12.87,2025-04-21,2025-10-15
412636,45,594.15,13.2,66.02,2.0,16.58,2025-04-18,2025-10-09
102528,57,594.03,10.42,52.11,10.0,11.08,2025-04-18,2025-10-16
505659,66,594.0,9.0,45.0,3.0,10.37,2025-04-18,2025-09-23
507596,67,593.96,8.87,44.33,1.42,13.43,2025-04-18,2025-09-23
104297,48,593.93,12.37,61.87,8.5,14.52,2025-04-18,2025-10-15
200818,50,593.81,11.88,59.38,1.75,16.45,2025-04-18,2025-10-10
404920,49,593.81,12.12,60.59,11.58,12.5,2025-04-18,2025-10-11
504491,48,593.62,12.37,61.84,12.0,12.5,2025-04-18,2025-10-16
502643,46,593.51,12.9,64.51,7.2,13.88,2025-04-20,2025-10-10
422231,49,593.47,12.11,60.56,0.63,16.53,2025-04-18,2025-10-11
412146,49,593.43,12.11,60.55,4.0,12.63,2025-04-21,2025-10-16
412471,67,593.42,8.86,44.29,3.43,17.0,2025-04-22,2025-09-27
502770,49,593.27,12.11,60.54,4.0,12.78,2025-04-20,2025-09-25
102042,60,593.2,9.89,49.43,2.0,12.45,2025-04-22,2025-10-16
202515,55,593.17,10.78,53.92,3.72,14.38,2025-04-18,2025-10-09
416374,50,593.17,11.86,59.32,3.0,12.8,2025-04-22,2025-10-11
406416,48,592.83,12.35,61.75,4.0,12.93,2025-04-19,2025-10-15
417734,47,592.72,12.61,63.06,12.0,17.0,2025-04-19,2025-10-15
419357,67,592.71,8.85,44.23,0.23,16.78,2025-04-21,2025-09-20
507058,68,592.69,8.72,43.58,2.03,10.5,2025-04-18,2025-09-24
415168,68,592.68,8.72,43.58,1.13,9.38,2025-04-18,2025-10-16
413629,66,592.53,8.98,44.89,7.92,11.22,2025-04-18,2025-09-26
417863,54,592.44,10.97,54.86,4.0,13.03,2025-04-23,2025-10-11
113414,70,592.4,8.46,42.31,8.0,8.58,2025-04-18,2025-10-16
103442,78,592.3,7.59,37.97,0.32,8.58,2025-04-18,2025-10-16
502685,48,592.0,12.33,61.67,4.0,12.82,2025-04-18,2025-10-16
503652,75,592.0,7.89,39.47,4.6,12.18,2025-04-19,2025-10-16
500511,59,591.89,10.03,50.16,8.0,11.37,2025-04-18,2025-10-16
421760,48,591.84,12.33,61.65,4.0,13.85,2025-04-21,2025-10-16
414574,50,591.66,11.83,59.17,2.62,13.58,2025-04-21,2025-10-14
102198,50,591.62,11.83,59.16,4.0,16.48,2025-04-19,2025-10-16
409605,72,591.5,8.22,41.08,0.15,9.0,2025-04-18,2025-10-10
105613,55,591.49,10.75,53.77,0.02,12.62,2025-04-21,2025-10-16
417730,52,591.48,11.37,56.87,1.0,13.48,2025-04-21,2025-10-12
507577,60,591.47,9.86,49.29,7.73,15.92,2025-04-18,2025-09-26
406115,51,591.43,11.6,57.98,0.5,13.07,2025-04-19,2025-10-13
507293,65,591.42,9.1,45.49,5.12,10.42,2025-04-18,2025-10-15
419042,53,591.37,11.16,55.79,3.38,13.1,2025-04-18,2025-10-10
410569,57,591.37,10.37,51.87,1.93,14.48,2025-04-18,2025-10-03
101730,70,591.31,8.45,42.24,8.0,8.68,2025-04-21,2025-10-16
505859,61,591.3,9.69,48.47,8.0,14.42,2025-04-18,2025-09-27
422741,49,591.28,12.07,60.33,1.0,12.67,2025-04-25,2025-10-15
410018,50,591.22,11.82,59.12,1.05,12.87,2025-04-21,2025-10-10
503603,50,591.21,11.82,59.12,4.73,12.78,2025-04-19,2025-10-08
102667,49,591.2,12.07,60.33,8.38,12.8,2025-04-19,2025-10-16
105173,69,591.16,8.57,42.84,5.0,9.28,2025-04-18,2025-10-16
400922,59,591.15,10.02,50.1,2.0,16.72,2025-04-18,2025-10-10
101290,68,591.11,8.69,43.46,8.0,12.62,2025-04-18,2025-09-24
201067,68,590.93,8.69,43.45,8.0,12.55,2025-04-18,2025-09-26
418692,48,590.74,12.31,61.54,4.8,13.02,2025-04-18,2025-10-15
103589,52,590.67,11.36,56.8,4.0,12.78,2025-04-18,2025-10-16
504100,49,590.6,12.05,60.27,1.0,13.32,2025-04-18,2025-10-15
417645,50,590.45,11.81,59.04,1.0,13.35,2025-04-18,2025-10-16
413732,67,590.39,8.81,44.06,0.6,12.08,2025-04-18,2025-09-26
410996,48,590.25,12.3,61.48,2.0,12.8,2025-04-22,2025-10-15
417293,68,590.24,8.68,43.4,3.57,16.62,2025-04-18,2025-10-03
506301,54,590.21,10.93,54.65,1.0,13.53,2025-04-18,2025-10-11
103306,57,590.16,10.35,51.77,1.0,12.82,2025-04-18,2025-10-14
401207,70,590.09,8.43,42.15,3.5,19.92,2025-04-18,2025-09-24
101412,75,590.08,7.87,39.34,3.95,10.22,2025-04-18,2025-10-16
412640,50,590.07,11.8,59.01,2.0,16.47,2025-04-18,2025-10-09
502846,58,590.0,10.17,50.86,1.85,14.23,2025-04-20,2025-10-03
421624,46,589.92,12.82,64.12,12.0,13.83,2025-04-24,2025-10-16
507642,79,589.85,7.47,37.33,1.18,12.0,2025-04-18,2025-10-16
422095,49,589.83,12.04,60.19,4.0,13.0,2025-04-18,2025-10-07
105077,50,589.83,11.8,58.98,1.0,15.23,2025-04-18,2025-10-12
101056,44,589.8,13.4,67.02,4.0,16.63,2025-04-18,2025-10-12
503191,49,589.79,12.04,60.18,8.5,12.9,2025-04-22,2025-10-16
413003,47,589.73,12.55,62.74,9.18,12.93,2025-04-19,2025-10-13
203815,49,589.7,12.03,60.17,4.0,13.3,2025-04-18,2025-10-10
104145,71,589.67,8.31,41.53,0.18,8.7,2025-04-20,2025-10-15
11523,68,589.59,8.67,43.35,2.15,13.1,2025-04-18,2025-09-24
400979,68,589.51,8.67,43.35,7.9,15.28,2025-04-18,2025-09-26
502245,59,589.42,9.99,49.95,0.18,12.5,2025-04-18,2025-10-15
501825,48,589.38,12.28,61.39,2.0,13.02,2025-04-28,2025-10-08
421382,59,589.37,9.99,49.95,2.95,13.32,2025-04-21,2025-10-08
417026,72,589.32,8.19,40.93,5.1,9.0,2025-04-18,2025-10-16
503583,49,589.13,12.02,60.12,9.35,12.5,2025-04-18,2025-10-16
413326,49,589.12,12.02,60.11,4.0,13.08,2025-04-18,2025-10-14
421957,48,589.02,12.27,61.36,0.83,12.9,2025-04-18,2025-10-16
502292,48,588.97,12.27,61.35,5.08,13.33,2025-04-20,2025-10-16
505849,68,588.94,8.66,43.3,7.48,15.5,2025-04-19,2025-09-27
105518,47,588.84,12.53,62.64,5.2,13.98,2025-04-18,2025-10-15
419890,46,588.76,12.8,64.0,8.5,16.5,2025-04-18,2025-07-08
506304,53,588.68,11.11,55.54,0.5,13.18,2025-04-18,2025-10-10
201518,49,588.66,12.01,60.07,4.0,13.12,2025-04-18,2025-10-10
422323,69,588.53,8.53,42.65,5.0,10.5,2025-04-21,2025-10-16
420997,48,588.51,12.26,61.3,4.0,15.7,2025-04-18,2025-10-07
418678,47,588.28,12.52,62.58,12.0,13.15,2025-04-22,2025-10-16
421326,57,588.22,10.32,51.6,8.0,12.52,2025-04-18,2025-09-24
505167,48,588.21,12.25,61.27,8.0,12.8,2025-04-18,2025-10-14
502909,47,588.15,12.51,62.57,12.0,12.97,2025-04-24,2025-10-16
414206,67,587.82,8.77,43.87,8.0,15.97,2025-04-18,2025-07-05
415082,51,587.79,11.53,57.63,2.1,16.27,2025-04-23,2025-10-03
416408,49,587.72,11.99,59.97,1.0,13.43,2025-04-18,2025-10-14
104619,69,587.71,8.52,42.59,4.4,12.52,2025-04-18,2025-09-24
420569,73,587.66,8.05,40.25,0.25,21.8,2025-04-18,2025-09-24
504221,48,587.63,12.24,61.21,4.8,12.83,2025-04-18,2025-10-14
405082,47,587.46,12.5,62.5,12.0,12.97,2025-04-18,2025-10-16
203635,48,587.42,12.24,61.19,4.0,13.37,2025-04-22,2025-10-09
414261,60,587.41,9.79,48.95,2.5,12.75,2025-04-18,2025-10-10
414222,59,587.16,9.95,49.76,0.67,15.78,2025-04-18,2025-09-26
101394,83,586.99,7.07,35.36,0.75,16.0,2025-04-19,2025-10-16
412218,68,586.99,8.63,43.16,3.93,16.23,2025-04-18,2025-09-24
407494,49,586.97,11.98,59.89,4.62,12.85,2025-04-21,2025-08-13
417755,49,586.86,11.98,59.88,4.0,16.78,2025-04-19,2025-10-11
507848,55,586.75,10.67,53.34,8.42,13.08,2025-04-21,2025-10-10
421962,57,586.73,10.29,51.47,2.0,13.12,2025-04-18,2025-10-10
202957,48,586.61,12.22,61.11,0.75,16.47,2025-04-19,2025-10-09
335068,58,586.47,10.11,50.56,8.0,11.55,2025-04-18,2025-10-15
336161,62,586.36,9.46,47.29,0.8,12.5,2025-04-21,2025-10-09
104471,51,586.32,11.5,57.48,1.0,12.5,2025-04-21,2025-10-16
102415,70,586.3,8.38,41.88,5.0,9.75,2025-04-21,2025-10-16
417370,58,586.23,10.11,50.54,3.22,11.23,2025-04-18,2025-09-24
504322,49,586.23,11.96,59.82,3.98,13.82,2025-04-18,2025-10-16
140091,68,586.22,8.62,43.1,2.73,9.9,2025-04-18,2025-09-26
506803,67,586.2,8.75,43.75,7.58,10.07,2025-04-18,2025-09-26
101215,62,586.11,9.45,47.27,1.0,13.05,2025-04-23,2025-10-15
200397,46,586.04,12.74,63.7,12.0,17.12,2025-04-19,2025-10-09
201058,62,586.02,9.45,47.26,1.87,11.85,2025-04-18,2025-10-03
101600,62,585.96,9.45,47.25,5.23,11.93,2025-04-18,2025-10-14
15061,50,585.82,11.72,58.58,4.48,16.38,2025-04-18,2025-10-05
500956,49,585.81,11.96,59.78,1.0,16.62,2025-04-18,2025-10-09
102721,57,585.71,10.28,51.38,4.0,12.58,2025-04-19,2025-10-14
505177,50,585.7,11.71,58.57,3.82,12.83,2025-04-18,2025-10-10
418486,49,585.5,11.95,59.74,4.12,12.82,2025-04-22,2025-10-09
505594,50,585.38,11.71,58.54,3.57,13.35,2025-04-18,2025-10-16
409533,50,585.28,11.71,58.53,4.55,16.62,2025-04-18,2025-10-12
502887,57,585.14,10.27,51.33,3.43,10.72,2025-04-23,2025-10-14
505224,49,585.1,11.94,59.7,5.1,12.62,2025-04-18,2025-10-15
502470,49,585.1,11.94,59.7,1.0,12.68,2025-04-23,2025-10-09
101864,69,585.05,8.48,42.39,8.0,8.6,2025-04-18,2025-09-24
421334,48,584.99,12.19,60.94,4.57,13.32,2025-04-20,2025-10-16
421627,70,584.8,8.35,41.77,7.7,9.18,2025-04-18,2025-10-16
406652,48,584.74,12.18,60.91,4.97,12.6,2025-04-22,2025-10-12
507292,47,584.73,12.44,62.21,4.5,16.4,2025-04-21,2025-10-09
101154,65,584.73,9.0,44.98,8.0,16.0,2025-04-18,2025-10-16
203305,49,584.73,11.93,59.67,1.0,12.85,2025-04-18,2025-10-09
419068,71,584.7,8.24,41.18,1.07,8.78,2025-04-18,2025-10-16
419173,47,584.59,12.44,62.19,12.0,12.9,2025-04-23,2025-10-07
506539,47,584.56,12.44,62.19,12.0,12.6,2025-04-19,2025-10-16
415051,57,584.47,10.25,51.27,0.3,13.63,2025-04-18,2025-10-01
412239,47,584.44,12.43,62.17,12.0,12.82,2025-04-18,2025-10-10
505804,47,584.3,12.43,62.16,5.63,13.37,2025-04-22,2025-10-16
104084,73,584.26,8.0,40.02,3.5,13.08,2025-04-19,2025-10-04
505385,46,584.23,12.7,63.5,12.0,13.52,2025-04-18,2025-10-11
502852,47,584.11,12.43,62.14,0.8,13.77,2025-04-18,2025-10-06
105183,52,584.11,11.23,56.16,4.08,12.62,2025-04-18,2025-10-16
422271,58,584.07,10.07,50.35,2.0,13.45,2025-04-18,2025-10-03
104379,69,584.06,8.46,42.32,8.0,8.65,2025-04-18,2025-10-16
412486,68,583.91,8.59,42.93,7.43,12.63,2025-04-18,2025-09-24
506752,69,583.85,8.46,42.31,1.5,14.12,2025-04-18,2025-09-26
506627,50,583.84,11.68,58.38,1.0,16.12,2025-04-22,2025-10-03
414006,59,583.83,9.9,49.48,2.0,18.42,2025-04-18,2025-10-03
301033,46,583.74,12.69,63.45,12.0,13.62,2025-04-21,2025-10-16
417655,51,583.69,11.44,57.22,1.8,20.0,2025-04-18,2025-10-01
503809,47,583.61,12.42,62.09,5.12,13.13,2025-04-18,2025-10-07
413334,49,583.48,11.91,59.54,2.0,16.5,2025-04-18,2025-10-10
12556,77,583.28,7.58,37.88,0.65,8.82,2025-04-18,2025-10-16
506725,95,583.13,6.14,30.69,3.5,13.05,2025-04-18,2025-10-16
419929,64,583.11,9.11,45.56,4.38,16.42,2025-04-20,2025-07-07
503102,68,582.96,8.57,42.86,0.75,13.5,2025-04-18,2025-09-24
103480,70,582.88,8.33,41.63,0.95,16.0,2025-04-18,2025-09-26
401262,56,582.83,10.41,52.04,1.95,12.88,2025-04-18,2025-09-22
420225,68,582.81,8.57,42.85,3.25,9.95,2025-04-18,2025-09-26
507044,69,582.79,8.45,42.23,6.4,8.72,2025-04-18,2025-10-16
505582,48,582.71,12.14,60.7,4.12,13.28,2025-04-21,2025-10-11
505939,52,582.65,11.2,56.02,0.53,19.08,2025-04-22,2025-10-03
506173,68,582.56,8.57,42.84,8.0,11.02,2025-04-18,2025-09-26
507565,68,582.56,8.57,42.84,7.5,10.02,2025-04-18,2025-09-26
507572,66,582.54,8.83,44.13,5.0,12.4,2025-04-18,2025-09-27
10536,72,582.47,8.09,40.45,3.5,8.52,2025-04-18,2025-10-16
501470,50,582.45,11.65,58.25,8.0,12.72,2025-04-19,2025-10-13
421110,49,582.43,11.89,59.43,4.0,16.25,2025-04-19,2025-10-09
410541,70,582.41,8.32,41.6,4.43,8.75,2025-04-18,2025-10-16
401311,60,582.37,9.71,48.53,0.5,16.72,2025-04-21,2025-10-09
505236,50,582.12,11.64,58.21,4.0,13.43,2025-04-18,2025-10-11
508054,68,582.12,8.56,42.8,8.0,9.62,2025-05-12,2025-10-15
507313,69,582.05,8.44,42.18,7.88,10.0,2025-04-18,2025-10-03
419390,57,581.94,10.21,51.05,4.0,16.83,2025-04-18,2025-09-30
203678,67,581.81,8.68,43.42,5.0,10.33,2025-04-18,2025-09-24
101346,47,581.78,12.38,61.89,12.0,12.97,2025-04-22,2025-10-11
506842,65,581.68,8.95,44.74,0.03,15.03,2025-04-18,2025-09-27
105316,69,581.57,8.43,42.14,4.88,14.82,2025-04-18,2025-09-24
421426,67,581.51,8.68,43.4,8.0,10.43,2025-04-18,2025-09-24
504595,66,581.32,8.81,44.04,7.78,13.28,2025-04-18,2025-10-11
501959,55,581.27,10.57,52.84,1.45,16.5,2025-04-18,2025-10-03
400984,37,581.26,15.71,78.55,8.0,16.58,2025-04-19,2025-10-11
400621,51,581.24,11.4,56.98,0.5,17.3,2025-04-25,2025-10-13
505575,47,581.19,12.37,61.83,5.13,13.93,2025-04-21,2025-10-15
112160,67,580.96,8.67,43.36,6.05,9.78,2025-04-18,2025-10-16
414777,51,580.95,11.39,56.96,4.48,12.83,2025-04-24,2025-10-14
506748,67,580.85,8.67,43.35,6.0,13.08,2025-04-18,2025-09-26
421679,68,580.83,8.54,42.71,8.0,12.85,2025-04-18,2025-09-26
105452,50,580.76,11.62,58.08,1.0,13.28,2025-04-23,2025-10-14
415257,58,580.61,10.01,50.05,3.08,11.03,2025-04-18,2025-10-16
418634,48,580.58,12.1,60.48,4.25,13.37,2025-04-19,2025-09-27
502115,51,580.41,11.38,56.9,4.5,12.92,2025-04-19,2025-10-14
104910,81,580.4,7.17,35.83,0.02,16.62,2025-04-18,2025-10-16
418549,48,580.29,12.09,60.45,8.15,16.5,2025-04-20,2025-10-08
204532,48,580.28,12.09,60.45,8.0,12.77,2025-04-18,2025-10-07
405262,73,579.9,7.94,39.72,2.97,10.52,2025-04-18,2025-09-23
504580,60,579.84,9.66,48.32,0.75,11.2,2025-04-18,2025-10-03
422220,56,579.78,10.35,51.77,5.6,12.48,2025-04-18,2025-09-24
419180,68,579.73,8.53,42.63,6.25,9.87,2025-04-18,2025-09-26
410261,48,579.69,12.08,60.38,3.97,13.08,2025-04-19,2025-10-15
418324,48,579.62,12.08,60.38,1.0,14.0,2025-04-18,2025-10-12
101129,67,579.6,8.65,43.25,8.0,9.52,2025-04-18,2025-10-15
422341,68,579.45,8.52,42.61,3.75,9.6,2025-04-18,2025-09-26
104984,82,579.33,7.07,35.33,4.37,8.5,2025-04-18,2025-10-16
506474,69,579.27,8.4,41.98,8.0,8.55,2025-04-18,2025-10-13
404804,67,579.15,8.64,43.22,4.08,12.67,2025-04-18,2025-10-15
507208,67,579.1,8.64,43.22,6.97,13.83,2025-04-18,2025-09-26
102075,65,579.08,8.91,44.54,4.63,12.5,2025-04-18,2025-10-15
505620,46,579.07,12.59,62.94,3.95,17.15,2025-04-18,2025-10-11
501151,51,579.05,11.35,56.77,4.0,13.52,2025-04-20,2025-10-10
01745,71,578.91,8.15,40.77,1.62,11.02,2025-04-18,2025-09-24
506262,67,578.9,8.64,43.2,1.8,10.27,2025-04-18,2025-09-24
101727,71,578.9,8.15,40.77,1.0,13.02,2025-04-18,2025-10-16
403703,69,578.82,8.39,41.94,1.0,12.5,2025-04-18,2025-10-09
203039,49,578.77,11.81,59.06,2.22,16.02,2025-04-18,2025-10-09
105432,50,578.76,11.58,57.88,4.32,12.67,2025-04-22,2025-10-16
416318,71,578.7,8.15,40.75,2.0,11.5,2025-04-18,2025-09-24
420500,46,578.52,12.58,62.88,12.0,13.15,2025-04-18,2025-10-07
503262,72,578.5,8.03,40.17,8.0,8.5,2025-04-18,2025-10-03
506537,50,578.36,11.57,57.84,1.0,12.82,2025-04-18,2025-10-16
412579,68,578.36,8.51,42.53,7.88,9.12,2025-04-21,2025-10-10
505005,46,578.31,12.57,62.86,12.0,13.02,2025-04-18,2025-10-09
417076,48,578.3,12.05,60.24,1.0,13.03,2025-04-21,2025-10-11
105517,51,578.18,11.34,56.68,1.0,13.25,2025-04-18,2025-10-15
418695,47,578.17,12.3,61.51,1.0,13.08,2025-04-20,2025-10-09
101523,68,578.14,8.5,42.51,4.5,9.23,2025-04-18,2025-10-14
414525,46,578.13,12.57,62.84,4.0,16.95,2025-04-19,2025-10-11
506297,49,578.11,11.8,58.99,4.0,12.93,2025-04-21,2025-10-10
413488,55,577.86,10.51,52.53,10.23,10.68,2025-04-18,2025-10-15
422314,68,577.78,8.5,42.48,4.38,9.4,2025-04-18,2025-09-26
105247,50,577.64,11.55,57.76,1.0,14.98,2025-04-22,2025-10-02
506579,67,577.52,8.62,43.1,7.92,16.18,2025-04-18,2025-09-24
413607,49,577.33,11.78,58.91,1.0,13.17,2025-04-19,2025-10-11
501402,67,577.29,8.62,43.08,6.3,16.03,2025-04-18,2025-09-24
505141,71,577.28,8.13,40.65,7.0,9.45,2025-04-21,2025-10-16
105179,65,577.11,8.88,44.39,8.0,10.0,2025-04-18,2025-09-24
507319,68,577.02,8.49,42.43,6.47,9.05,2025-04-18,2025-09-27
501411,52,576.98,11.1,55.48,1.0,12.73,2025-04-19,2025-10-13
503470,50,576.93,11.54,57.69,1.0,12.93,2025-04-18,2025-10-16
101591,47,576.83,12.27,61.36,2.0,12.83,2025-04-18,2025-10-14
414166,63,576.81,9.16,45.78,5.32,10.53,2025-04-18,2025-09-23
418514,57,576.68,10.12,50.59,7.08,15.93,2025-04-18,2025-09-26
421658,47,576.66,12.27,61.35,9.0,12.82,2025-04-19,2025-07-09
420961,46,576.66,12.54,62.68,4.93,14.57,2025-04-18,2025-10-16
200495,68,576.65,8.48,42.4,8.0,8.72,2025-04-18,2025-09-26
103152,68,576.65,8.48,42.4,7.08,9.07,2025-04-18,2025-09-26
409340,52,576.64,11.09,55.45,0.75,16.5,2025-04-18,2025-10-10
409644,67,576.57,8.61,43.03,8.0,9.23,2025-04-18,2025-09-24
422412,48,576.53,12.01,60.06,5.12,12.77,2025-04-21,2025-10-16
101491,68,576.51,8.48,42.39,8.0,8.53,2025-04-18,2025-09-24
503563,46,576.48,12.53,62.66,5.1,14.9,2025-04-18,2025-10-08
411265,45,576.23,12.81,64.03,4.0,16.6,2025-04-18,2025-10-09
416592,47,576.13,12.26,61.29,3.97,12.77,2025-04-18,2025-10-07
507769,58,576.03,9.93,49.66,7.85,16.52,2025-05-05,2025-09-24
506868,47,575.97,12.25,61.27,4.38,13.58,2025-04-19,2025-10-15
115726,47,575.8,12.25,61.26,0.5,13.23,2025-04-18,2025-10-15
105058,61,575.8,9.44,47.2,0.25,12.87,2025-04-19,2025-09-22
420673,57,575.67,10.1,50.5,7.82,12.5,2025-04-18,2025-10-11
201201,48,575.64,11.99,59.96,0.5,13.07,2025-04-18,2025-10-06
504113,71,575.57,8.11,40.53,0.8,8.85,2025-04-18,2025-10-03
421033,68,575.5,8.46,42.32,8.0,8.93,2025-04-18,2025-09-26
409000,65,575.48,8.85,44.27,4.05,12.7,2025-04-18,2025-09-26
505203,46,575.45,12.51,62.55,4.0,13.68,2025-04-18,2025-10-01
417717,51,575.36,11.28,56.41,4.0,13.37,2025-04-18,2025-09-30
101500,53,575.32,10.86,54.28,1.0,12.83,2025-04-19,2025-10-14
402121,47,575.29,12.24,61.2,8.0,12.73,2025-04-21,2025-10-14
503227,83,575.28,6.93,34.66,6.5,7.0,2025-04-18,2025-10-16
103261,47,575.26,12.24,61.2,4.88,13.05,2025-04-22,2025-10-16
102984,68,575.18,8.46,42.29,3.98,20.13,2025-04-18,2025-10-16
422540,68,575.09,8.46,42.29,6.05,9.5,2025-04-18,2025-09-26
111098,47,574.78,12.23,61.15,2.0,12.92,2025-04-22,2025-10-10
406921,64,574.76,8.98,44.9,6.5,16.52,2025-04-18,2025-09-25
204824,56,574.75,10.26,51.32,2.5,16.75,2025-04-18,2025-07-04
505581,49,574.66,11.73,58.64,4.0,13.18,2025-04-19,2025-10-13
503936,49,574.59,11.73,58.63,4.0,14.58,2025-04-18,2025-10-11
422058,56,574.53,10.26,51.3,7.6,16.23,2025-04-18,2025-07-04
503281,67,574.47,8.57,42.87,1.1,16.27,2025-04-18,2025-09-20
417676,46,574.23,12.48,62.42,12.0,12.88,2025-04-18,2025-10-14
103611,69,574.15,8.32,41.61,4.32,12.35,2025-04-18,2025-10-16
501312,58,574.01,9.9,49.48,4.0,16.5,2025-04-18,2025-10-16
407699,28,574.0,20.5,102.5,20.5,20.5,2025-09-09,2025-10-16
114516,50,573.98,11.48,57.4,1.0,12.98,2025-04-22,2025-10-15
506629,46,573.91,12.48,62.38,4.12,16.6,2025-04-18,2025-10-14
501396,56,573.73,10.25,51.23,1.75,16.08,2025-04-18,2025-09-29
507084,56,573.66,10.24,51.22,5.47,11.5,2025-04-18,2025-09-25
400706,46,573.58,12.47,62.35,12.0,12.78,2025-04-19,2025-10-14
202075,47,573.37,12.2,61.0,8.0,12.73,2025-04-18,2025-10-11
418881,51,573.34,11.24,56.21,4.0,16.28,2025-04-19,2025-10-11
415045,47,573.27,12.2,60.99,3.0,13.02,2025-04-23,2025-10-16
203633,66,573.23,8.69,43.43,1.0,15.28,2025-04-18,2025-09-24
502767,45,573.21,12.74,63.69,12.47,14.05,2025-04-20,2025-10-13
415899,46,573.12,12.46,62.3,8.42,13.0,2025-04-22,2025-10-14
503112,45,573.0,12.73,63.67,4.0,16.8,2025-04-18,2025-10-11
101240,61,572.98,9.39,46.97,4.23,10.0,2025-04-21,2025-10-16
101352,47,572.96,12.19,60.95,2.13,13.52,2025-04-18,2025-10-12
417333,47,572.71,12.19,60.93,4.0,13.12,2025-04-23,2025-10-09
415475,55,572.69,10.41,52.06,2.03,22.0,2025-04-18,2025-09-23
420664,47,572.54,12.18,60.91,4.42,14.0,2025-04-18,2025-10-14
503548,70,572.41,8.18,40.89,0.32,8.82,2025-04-18,2025-10-16
505332,65,572.31,8.8,44.02,1.6,16.4,2025-04-18,2025-10-03
505920,68,572.31,8.42,42.08,6.12,9.15,2025-04-18,2025-10-16
414066,48,572.09,11.92,59.59,4.8,13.03,2025-04-18,2025-10-10
103684,68,572.03,8.41,42.06,3.0,12.03,2025-04-18,2025-09-26
63537,67,571.98,8.54,42.69,0.75,11.0,2025-04-18,2025-10-16
502315,47,571.88,12.17,60.84,6.5,19.88,2025-04-24,2025-10-04
421847,46,571.88,12.43,62.16,5.03,12.98,2025-04-20,2025-10-09
500869,62,571.87,9.22,46.12,0.25,12.0,2025-04-18,2025-10-03
502718,47,571.83,12.17,60.83,5.07,13.17,2025-04-21,2025-10-14
503114,46,571.83,12.43,62.16,3.0,13.47,2025-04-19,2025-10-13
416002,68,571.81,8.41,42.04,6.98,8.65,2025-04-18,2025-09-27
334407,56,571.81,10.21,51.05,7.75,16.5,2025-04-19,2025-09-27
421860,46,571.8,12.43,62.15,5.1,13.23,2025-04-19,2025-10-16
506631,66,571.78,8.66,43.32,6.02,15.17,2025-04-18,2025-09-24
418675,47,571.66,12.16,60.81,4.0,13.02,2025-04-20,2025-10-15
506542,48,571.64,11.91,59.55,5.8,12.63,2025-04-21,2025-10-16
502192,72,571.6,7.94,39.69,4.05,16.0,2025-04-18,2025-10-16
421026,68,571.59,8.41,42.03,4.58,10.3,2025-04-18,2025-09-24
420493,47,571.51,12.16,60.8,0.6,13.05,2025-04-19,2025-10-11
12187,81,571.44,7.05,35.27,3.98,8.9,2025-04-18,2025-10-16
102871,64,571.43,8.93,44.64,4.0,12.5,2025-04-18,2025-10-16
505484,46,571.41,12.42,62.11,7.2,12.93,2025-04-19,2025-10-09
101893,65,571.25,8.79,43.94,5.08,9.15,2025-04-18,2025-10-16
503279,47,571.24,12.15,60.77,4.0,12.8,2025-04-24,2025-10-16
202106,63,571.21,9.07,45.33,3.0,10.65,2025-04-18,2025-10-16
502591,46,571.2,12.42,62.09,5.55,12.93,2025-04-21,2025-10-16
507805,67,571.2,8.53,42.63,8.0,8.82,2025-04-18,2025-09-24
406869,67,571.08,8.52,42.62,1.95,12.0,2025-04-18,2025-09-24
505535,48,571.02,11.9,59.48,4.58,12.5,2025-04-19,2025-10-09
101307,57,571.0,10.02,50.09,8.0,10.57,2025-04-21,2025-10-16
105212,72,570.68,7.93,39.63,0.3,8.85,2025-04-18,2025-10-16
102561,69,570.68,8.27,41.35,1.82,20.75,2025-04-18,2025-10-16
503266,58,570.58,9.84,49.19,4.3,12.6,2025-04-18,2025-07-08
418236,45,570.5,12.68,63.39,8.0,13.67,2025-04-21,2025-10-11
503259,61,570.5,9.35,46.76,2.88,13.08,2025-04-18,2025-10-03
502778,51,570.39,11.18,55.92,4.0,13.03,2025-04-21,2025-10-16
507185,46,570.32,12.4,61.99,12.0,12.73,2025-04-19,2025-10-16
102663,68,570.25,8.39,41.93,4.48,10.48,2025-04-21,2025-10-16
412286,57,570.23,10.0,50.02,1.0,18.0,2025-04-18,2025-07-04
422397,45,570.17,12.67,63.35,12.0,16.55,2025-04-19,2025-10-16
101659,66,570.02,8.64,43.18,1.82,12.47,2025-04-18,2025-09-24
334619,67,569.92,8.51,42.53,8.0,11.58,2025-04-18,2025-09-26
505814,46,569.81,12.39,61.94,4.0,13.4,2025-04-18,2025-10-08
104112,66,569.54,8.63,43.15,3.85,16.0,2025-04-21,2025-10-16
105589,49,569.49,11.62,58.11,4.12,12.6,2025-04-23,2025-10-13
410783,46,569.38,12.38,61.89,4.0,16.13,2025-04-20,2025-10-09
111942,48,569.36,11.86,59.31,4.0,16.68,2025-04-19,2025-09-24
405449,68,569.18,8.37,41.85,5.33,9.32,2025-04-18,2025-09-26
507407,57,569.02,9.98,49.91,3.98,12.5,2025-04-18,2025-10-10
418284,47,568.98,12.11,60.53,1.25,16.72,2025-04-19,2025-10-05
502347,46,568.95,12.37,61.84,4.0,13.12,2025-04-18,2025-10-13
417150,67,568.82,8.49,42.45,7.58,12.42,2025-04-18,2025-09-26
101049,67,568.77,8.49,42.45,8.0,8.53,2025-04-18,2025-09-24
506215,70,568.76,8.13,40.63,3.03,8.9,2025-04-18,2025-09-26
400771,68,568.64,8.36,41.81,4.03,8.65,2025-04-18,2025-09-26
421507,46,568.63,12.36,61.81,8.5,12.6,2025-04-22,2025-10-10
503208,46,568.63,12.36,61.81,4.0,13.08,2025-04-23,2025-10-11
203627,45,568.59,12.64,63.18,12.0,17.12,2025-04-18,2025-10-14
501030,51,568.57,11.15,55.74,7.4,12.52,2025-04-18,2025-09-27
503631,47,568.47,12.1,60.48,8.0,12.87,2025-04-22,2025-10-09
202134,51,568.46,11.15,55.73,8.42,13.92,2025-04-19,2025-10-11
411287,48,568.43,11.84,59.21,0.3,13.67,2025-04-18,2025-10-16
102586,67,568.3,8.48,42.41,2.5,18.0,2025-04-18,2025-10-03
402702,46,568.28,12.35,61.77,4.7,16.85,2025-04-18,2025-10-07
505314,71,568.27,8.0,40.02,2.02,8.62,2025-04-20,2025-09-30
506472,67,568.26,8.48,42.41,7.5,9.08,2025-04-21,2025-10-15
416117,45,568.24,12.63,63.14,8.55,16.62,2025-04-18,2025-10-11
410048,47,568.05,12.09,60.43,0.67,16.78,2025-04-21,2025-10-11
409834,71,568.0,8.0,40.0,8.0,8.0,2025-04-18,2025-07-25
101887,50,568.0,11.36,56.8,1.0,13.27,2025-04-18,2025-10-15
421171,71,568.0,8.0,40.0,8.0,8.0,2025-04-18,2025-07-25
417909,71,567.99,8.0,40.0,1.1,9.7,2025-04-18,2025-10-16
400123,54,567.99,10.52,52.59,1.1,12.9,2025-04-22,2025-10-15
101354,47,567.94,12.08,60.42,2.0,14.17,2025-04-19,2025-10-13
502232,47,567.94,12.08,60.42,0.15,16.95,2025-04-18,2025-10-11
420509,46,567.91,12.35,61.73,5.07,12.9,2025-04-18,2025-10-15
502322,47,567.89,12.08,60.41,1.62,12.97,2025-04-21,2025-10-16
103606,80,567.85,7.1,35.49,6.37,8.0,2025-04-19,2025-10-16
506154,51,567.83,11.13,55.67,7.57,13.38,2025-04-19,2025-10-10
105576,76,567.74,7.47,37.35,6.5,8.5,2025-04-18,2025-10-16
406957,65,567.68,8.73,43.67,8.0,14.28,2025-04-18,2025-09-24
409838,56,567.57,10.14,50.68,2.0,12.7,2025-04-21,2025-10-03
506516,45,567.42,12.61,63.05,8.43,13.4,2025-04-18,2025-10-11
402123,67,567.39,8.47,42.34,4.08,10.57,2025-04-18,2025-09-26
419651,67,567.32,8.47,42.34,5.5,10.0,2025-04-18,2025-09-26
505969,52,567.17,10.91,54.54,6.17,17.22,2025-04-21,2025-09-27
101858,73,567.1,7.77,38.84,5.5,8.62,2025-04-18,2025-10-16
103601,68,567.09,8.34,41.7,2.32,9.2,2025-04-18,2025-09-26
419717,46,566.92,12.32,61.62,5.05,13.05,2025-04-18,2025-10-16
501057,47,566.91,12.06,60.31,6.0,12.67,2025-04-18,2025-10-16
501484,49,566.77,11.57,57.83,1.0,12.6,2025-04-18,2025-10-16
505950,67,566.72,8.46,42.29,0.57,15.42,2025-04-18,2025-09-23
503993,35,566.5,16.19,80.93,7.5,24.0,2025-04-18,2025-07-05
400887,62,566.49,9.14,45.68,7.3,9.9,2025-04-18,2025-09-24
417965,46,566.48,12.31,61.57,4.8,13.33,2025-04-23,2025-10-16
105581,51,566.43,11.11,55.53,1.0,12.73,2025-04-19,2025-10-13
505965,66,566.43,8.58,42.91,2.0,12.52,2025-04-18,2025-09-24
502552,54,566.39,10.49,52.44,7.5,12.03,2025-04-21,2025-09-25
420758,65,566.33,8.71,43.56,7.67,9.97,2025-04-18,2025-09-26
413555,66,566.29,8.58,42.9,2.0,11.77,2025-04-18,2025-09-26
418734,47,566.27,12.05,60.24,4.12,12.88,2025-04-18,2025-10-11
203791,69,566.25,8.21,41.03,0.73,24.0,2025-05-11,2025-10-16
422733,47,566.07,12.04,60.22,4.0,16.45,2025-04-21,2025-10-14
417371,46,565.99,12.3,61.52,4.0,12.88,2025-04-22,2025-10-10
417125,68,565.95,8.32,41.61,6.2,8.85,2025-04-18,2025-09-26
417119,46,565.94,12.3,61.52,4.5,12.75,2025-04-20,2025-10-07
203643,50,565.92,11.32,56.59,3.67,12.98,2025-04-19,2025-10-16
503214,51,565.9,11.1,55.48,8.28,13.0,2025-04-18,2025-10-08
420429,46,565.78,12.3,61.5,8.43,13.45,2025-04-21,2025-10-06
405152,52,565.78,10.88,54.4,4.8,16.62,2025-04-18,2025-10-08
416644,62,565.72,9.12,45.62,3.0,12.62,2025-04-18,2025-10-09
505746,65,565.57,8.7,43.51,7.7,13.72,2025-04-20,2025-09-26
412316,67,565.5,8.44,42.2,4.42,9.28,2025-04-18,2025-10-15
201456,67,565.43,8.44,42.2,5.38,10.55,2025-04-18,2025-09-24
418639,45,565.42,12.56,62.82,8.0,16.8,2025-04-18,2025-10-13
410573,49,565.32,11.54,57.69,4.0,12.57,2025-04-23,2025-10-11
502669,46,565.25,12.29,61.44,5.05,12.65,2025-04-19,2025-10-09
507101,65,565.24,8.7,43.48,2.1,12.03,2025-04-19,2025-09-24
507294,46,565.23,12.29,61.44,0.5,13.17,2025-04-21,2025-10-07
507361,46,565.2,12.29,61.43,5.12,12.62,2025-04-20,2025-10-10
201362,67,565.17,8.44,42.18,7.67,8.83,2025-04-18,2025-09-26
201079,46,565.13,12.29,61.43,1.77,13.23,2025-04-19,2025-10-16
104642,67,565.08,8.43,42.17,2.53,9.57,2025-04-18,2025-09-26
506416,70,565.08,8.07,40.36,2.0,10.5,2025-04-21,2025-09-24
501995,46,564.85,12.28,61.4,5.95,12.83,2025-04-18,2025-10-16
102349,84,564.83,6.72,33.62,1.83,8.43,2025-04-18,2025-10-16
420171,66,564.82,8.56,42.79,5.75,8.93,2025-04-18,2025-09-24
417113,54,564.71,10.46,52.29,3.6,13.7,2025-04-18,2025-09-23
501935,46,564.69,12.28,61.38,4.0,13.02,2025-04-22,2025-10-15
506183,66,564.65,8.56,42.78,7.37,9.48,2025-04-18,2025-09-24
501302,53,564.47,10.65,53.25,1.0,13.22,2025-04-21,2025-10-16
202659,51,564.43,11.07,55.34,0.8,13.23,2025-04-18,2025-10-09
505906,46,564.36,12.27,61.34,5.02,13.08,2025-04-21,2025-10-15
506738,67,564.35,8.42,42.12,4.53,13.92,2025-04-18,2025-10-15
200808,65,564.28,8.68,43.41,0.7,11.0,2025-04-21,2025-10-16
202823,45,564.22,12.54,62.69,8.52,16.33,2025-04-19,2025-10-11
200654,53,564.21,10.65,53.23,0.87,14.15,2025-04-18,2025-09-24
411984,67,564.17,8.42,42.1,5.42,10.07,2025-04-18,2025-10-16
415763,63,564.16,8.95,44.77,2.0,13.4,2025-04-18,2025-10-08
506684,68,564.16,8.3,41.48,4.0,10.37,2025-04-18,2025-09-23
410825,46,564.1,12.26,61.32,4.5,16.58,2025-04-22,2025-10-11
413185,68,564.06,8.3,41.48,3.98,9.0,2025-04-18,2025-09-24
507928,51,564.06,11.06,55.3,2.0,13.1,2025-04-28,2025-10-09
504998,58,564.06,9.73,48.63,4.0,14.67,2025-04-18,2025-09-25
419706,49,564.05,11.51,57.56,1.0,12.92,2025-04-24,2025-10-16
421846,45,564.0,12.53,62.67,12.0,13.02,2025-04-18,2025-10-08
422647,62,563.84,9.09,45.47,0.8,10.78,2025-04-18,2025-10-10
507028,71,563.7,7.94,39.7,3.48,14.28,2025-04-20,2025-07-08
105285,65,563.64,8.67,43.36,1.72,15.02,2025-04-20,2025-10-16
422730,45,563.62,12.52,62.62,4.13,13.52,2025-04-20,2025-10-10
414581,66,563.57,8.54,42.69,1.92,10.92,2025-04-18,2025-09-24
414482,45,563.42,12.52,62.6,8.63,13.43,2025-04-18,2025-10-09
502165,47,563.35,11.99,59.93,4.0,12.85,2025-04-22,2025-10-09
415788,45,563.33,12.52,62.59,1.0,16.82,2025-04-19,2025-10-11
419854,66,563.31,8.53,42.67,5.93,9.92,2025-04-18,2025-09-24
502002,53,563.06,10.62,53.12,4.0,15.8,2025-04-22,2025-10-16
422728,46,563.05,12.24,61.2,4.0,12.87,2025-04-18,2025-10-09
409635,65,562.99,8.66,43.31,7.97,9.15,2025-04-20,2025-09-23
400705,48,562.95,11.73,58.64,4.75,12.5,2025-04-21,2025-10-08
504467,67,562.83,8.4,42.0,5.0,13.8,2025-04-18,2025-09-24
412091,66,562.8,8.53,42.64,8.0,8.62,2025-04-18,2025-09-24
502857,47,562.77,11.97,59.87,0.62,16.35,2025-04-19,2025-10-10
422321,69,562.66,8.15,40.77,4.0,20.5,2025-04-22,2025-10-16
506873,68,562.55,8.27,41.36,3.52,10.5,2025-04-18,2025-10-03
408107,55,562.55,10.23,51.14,0.42,24.0,2025-04-22,2025-09-26
101288,82,562.49,6.86,34.3,4.15,7.08,2025-04-18,2025-10-16
300944,66,562.46,8.52,42.61,8.0,8.78,2025-04-18,2025-09-23
413383,48,562.43,11.72,58.59,1.0,12.62,2025-04-18,2025-10-10
507953,47,562.43,11.97,59.83,4.0,12.72,2025-04-28,2025-10-16
503519,46,562.24,12.22,61.11,4.98,12.9,2025-04-19,2025-10-07
503265,67,562.19,8.39,41.95,2.0,9.78,2025-04-18,2025-10-03
413793,61,562.17,9.22,46.08,0.47,16.82,2025-04-18,2025-10-03
400989,54,561.85,10.4,52.02,8.08,12.53,2025-04-19,2025-10-10
418677,46,561.85,12.21,61.07,5.08,13.25,2025-04-19,2025-10-09
102356,67,561.83,8.39,41.93,7.9,8.92,2025-04-18,2025-10-16
105104,66,561.7,8.51,42.55,8.0,11.08,2025-04-18,2025-10-16
422340,55,561.63,10.21,51.06,7.63,15.15,2025-04-18,2025-07-08
505751,66,561.62,8.51,42.55,5.15,10.78,2025-04-18,2025-09-24
503978,46,561.52,12.21,61.03,4.18,13.02,2025-04-21,2025-10-11
419486,46,561.49,12.21,61.03,1.0,16.62,2025-04-22,2025-10-09
502733,54,561.47,10.4,51.99,10.0,10.9,2025-04-18,2025-09-23
502466,68,561.46,8.26,41.28,1.0,9.55,2025-04-18,2025-09-26
402844,46,561.41,12.2,61.02,4.58,13.62,2025-04-18,2025-10-09
505931,54,561.41,10.4,51.98,10.0,10.73,2025-04-21,2025-09-25
422589,46,561.3,12.2,61.01,5.12,12.93,2025-04-18,2025-10-16
416281,45,561.27,12.47,62.36,8.0,16.0,2025-04-18,2025-10-11
418579,68,561.25,8.25,41.27,3.7,10.33,2025-04-18,2025-09-26
413171,66,560.95,8.5,42.5,6.08,9.43,2025-04-18,2025-09-24
102397,66,560.93,8.5,42.49,5.07,9.82,2025-04-18,2025-10-16
505273,67,560.92,8.37,41.86,1.0,11.67,2025-04-18,2025-09-24
407993,66,560.88,8.5,42.49,7.85,12.03,2025-04-18,2025-10-06
115067,65,560.85,8.63,43.14,8.0,14.87,2025-04-19,2025-09-24
105382,57,560.78,9.84,49.19,1.52,19.0,2025-04-18,2025-09-24
500588,47,560.73,11.93,59.65,1.0,13.07,2025-04-18,2025-10-16
422458,66,560.58,8.49,42.47,8.0,9.2,2025-04-18,2025-09-24
420331,46,560.51,12.19,60.93,4.0,12.98,2025-04-19,2025-10-08
501847,46,560.46,12.18,60.92,8.0,15.05,2025-04-19,2025-10-15
506483,81,560.44,6.92,34.6,6.0,13.13,2025-04-18,2025-10-16
506741,45,560.42,12.45,62.27,6.0,13.5,2025-04-18,2025-10-12
15024,46,560.25,12.18,60.9,3.5,16.72,2025-04-18,2025-10-14
506689,66,560.12,8.49,42.43,6.87,13.73,2025-04-18,2025-09-24
334454,66,560.0,8.48,42.42,8.0,8.5,2025-04-18,2025-07-18
501220,66,559.96,8.48,42.42,5.02,9.6,2025-04-18,2025-09-24
506415,68,559.95,8.23,41.17,3.2,10.0,2025-04-18,2025-09-24
407365,67,559.8,8.36,41.78,6.38,8.7,2025-04-18,2025-09-26
506962,65,559.77,8.61,43.06,4.58,9.73,2025-04-19,2025-10-16
506928,46,559.75,12.17,60.84,5.1,12.68,2025-04-19,2025-10-11
410336,66,559.71,8.48,42.4,3.75,11.12,2025-04-18,2025-09-24
506452,65,559.62,8.61,43.05,8.0,9.55,2025-04-18,2025-10-16
201718,65,559.54,8.61,43.04,8.0,10.4,2025-04-18,2025-09-24
415386,67,559.53,8.35,41.76,5.0,10.05,2025-04-18,2025-09-26
503081,45,559.4,12.43,62.16,8.22,14.88,2025-04-21,2025-10-15
505886,51,559.38,10.97,54.84,0.8,13.12,2025-04-18,2025-10-10
505375,68,559.28,8.22,41.12,4.08,8.62,2025-04-18,2025-09-24
422468,46,559.25,12.16,60.79,4.0,13.13,2025-04-20,2025-10-09
105272,54,559.18,10.36,51.78,4.52,16.52,2025-04-21,2025-09-26
401105,67,559.16,8.35,41.73,3.78,12.5,2025-04-18,2025-09-24
101521,68,559.09,8.22,41.11,4.0,9.33,2025-04-18,2025-10-16
419058,46,559.05,12.15,60.77,4.0,12.85,2025-04-18,2025-10-11
503560,67,558.92,8.34,41.71,2.0,10.0,2025-04-18,2025-09-24
103362,67,558.84,8.34,41.7,1.07,9.07,2025-04-19,2025-10-16
421740,66,558.84,8.47,42.34,4.8,8.9,2025-04-18,2025-09-24
507605,65,558.8,8.6,42.98,6.5,13.07,2025-04-18,2025-10-16
11316,66,558.67,8.46,42.32,8.0,8.6,2025-04-21,2025-10-16
408330,80,558.5,6.98,34.91,6.0,8.0,2025-04-18,2025-10-16
506207,66,558.47,8.46,42.31,6.05,9.5,2025-04-18,2025-09-24
105416,50,558.42,11.17,55.84,0.37,13.12,2025-04-19,2025-10-14
114875,47,558.06,11.87,59.37,6.08,14.73,2025-04-19,2025-09-24
416754,66,558.01,8.45,42.27,5.03,8.85,2025-04-18,2025-10-16
412770,66,558.0,8.45,42.27,2.53,9.2,2025-04-18,2025-09-24
11989,82,557.98,6.8,34.02,0.75,9.07,2025-04-18,2025-10-16
101732,94,557.94,5.94,29.68,1.3,11.5,2025-04-18,2025-09-27
200241,48,557.71,11.62,58.09,0.32,12.67,2025-04-18,2025-10-16
101569,84,557.67,6.64,33.19,2.22,7.35,2025-04-18,2025-10-16
504481,67,557.67,8.32,41.62,6.97,16.15,2025-04-18,2025-09-24
411088,46,557.65,12.12,60.61,8.8,13.08,2025-04-18,2025-09-30
507437,48,557.6,11.62,58.08,1.0,12.65,2025-04-18,2025-10-10
112992,70,557.54,7.96,39.82,4.0,8.52,2025-04-18,2025-09-24
103005,67,557.27,8.32,41.59,1.05,10.13,2025-04-18,2025-09-24
414510,44,557.21,12.66,63.32,8.67,21.2,2025-04-23,2025-10-05
101644,66,557.17,8.44,42.21,4.75,10.18,2025-04-18,2025-09-24
104182,58,557.15,9.61,48.03,2.2,12.98,2025-04-18,2025-09-26
503504,65,557.13,8.57,42.86,8.0,8.65,2025-04-18,2025-09-24
416536,46,557.11,12.11,60.56,1.27,13.02,2025-04-19,2025-10-15
406152,66,557.0,8.44,42.2,8.0,8.5,2025-04-18,2025-09-24
103607,66,557.0,8.44,42.2,5.1,8.77,2025-04-18,2025-09-26
504382,66,556.96,8.44,42.19,7.03,8.68,2025-04-18,2025-09-24
402558,66,556.95,8.44,42.19,5.05,9.58,2025-04-18,2025-09-24
403144,45,556.94,12.38,61.88,11.38,13.03,2025-04-18,2025-07-05
504505,46,556.91,12.11,60.53,8.25,16.27,2025-04-24,2025-10-05
101786,47,556.72,11.85,59.23,8.42,12.78,2025-04-18,2025-08-02
418472,51,556.72,10.92,54.58,2.82,15.67,2025-04-18,2025-09-25
120822,46,556.7,12.1,60.51,12.0,12.6,2025-04-21,2025-10-16
421842,46,556.67,12.1,60.51,4.0,13.47,2025-04-18,2025-10-02
103156,66,556.61,8.43,42.17,5.0,9.5,2025-04-18,2025-09-24
418521,61,556.49,9.12,45.61,7.67,16.4,2025-04-18,2025-07-04
409105,57,556.45,9.76,48.81,2.0,12.38,2025-04-18,2025-10-03
422359,47,556.43,11.84,59.19,8.0,17.0,2025-04-21,2025-10-02
416890,68,556.41,8.18,40.91,2.42,10.97,2025-04-18,2025-09-26
420271,67,556.4,8.3,41.52,4.6,8.8,2025-04-18,2025-09-26
105057,66,556.38,8.43,42.15,4.05,9.5,2025-04-18,2025-09-24
503197,66,556.2,8.43,42.14,6.65,8.85,2025-04-18,2025-09-24
402547,76,556.19,7.32,36.59,7.0,8.0,2025-04-18,2025-10-16
500820,66,556.05,8.43,42.13,3.93,11.9,2025-04-18,2025-09-24
102825,68,555.99,8.18,40.88,4.4,12.02,2025-04-18,2025-10-16
413386,47,555.95,11.83,59.14,4.0,13.12,2025-04-18,2025-10-09
506417,67,555.95,8.3,41.49,2.18,8.75,2025-04-18,2025-09-24
412005,66,555.93,8.42,42.12,6.22,8.95,2025-04-18,2025-09-24
412520,48,555.71,11.58,57.89,2.0,13.13,2025-04-21,2025-10-08
502672,47,555.56,11.82,59.1,2.0,13.0,2025-04-23,2025-10-16
203474,64,555.47,8.68,43.4,7.25,9.92,2025-04-21,2025-10-16
506699,67,555.42,8.29,41.45,5.32,8.6,2025-04-18,2025-09-24
414680,47,555.24,11.81,59.07,2.0,16.62,2025-04-18,2025-10-11
505223,66,555.24,8.41,42.06,8.0,8.77,2025-04-18,2025-09-24
507607,45,555.23,12.34,61.69,4.02,24.5,2025-04-22,2025-10-15
102987,66,555.14,8.41,42.06,4.25,9.18,2025-04-18,2025-09-24
104255,66,555.11,8.41,42.05,8.0,8.82,2025-04-18,2025-10-16
202561,55,555.02,10.09,50.46,8.0,17.5,2025-04-18,2025-07-03
417709,66,555.0,8.41,42.05,7.82,8.75,2025-04-18,2025-09-24
101670,65,554.96,8.54,42.69,6.0,9.6,2025-04-18,2025-09-24
502825,45,554.91,12.33,61.66,10.78,12.5,2025-04-18,2025-10-10
413896,44,554.84,12.61,63.05,12.0,13.32,2025-04-18,2025-10-04
502711,66,554.77,8.41,42.03,7.9,8.68,2025-04-18,2025-09-24
334381,80,554.73,6.93,34.67,6.5,7.13,2025-04-18,2025-10-16
410741,54,554.73,10.27,51.36,5.85,11.38,2025-04-18,2025-09-24
504161,43,554.69,12.9,64.5,8.17,16.85,2025-04-24,2025-10-13
504050,49,554.68,11.32,56.6,4.0,12.5,2025-04-18,2025-10-16
503202,46,554.64,12.06,60.29,4.72,13.25,2025-04-22,2025-10-12
501424,67,554.61,8.28,41.39,2.0,9.18,2025-04-18,2025-09-24
502655,66,554.55,8.4,42.01,5.28,8.62,2025-04-18,2025-09-24
409400,59,554.5,9.4,46.99,8.0,17.0,2025-04-18,2025-10-16
400841,67,554.47,8.28,41.38,6.0,8.58,2025-04-18,2025-09-24
335103,65,554.45,8.53,42.65,7.83,13.2,2025-04-18,2025-09-24
506657,66,554.43,8.4,42.0,2.75,13.18,2025-04-18,2025-09-24
500856,45,554.39,12.32,61.6,5.0,12.9,2025-04-19,2025-10-10
417331,44,554.39,12.6,63.0,12.42,13.28,2025-04-22,2025-10-10
202986,56,554.35,9.9,49.5,8.0,16.1,2025-04-18,2025-07-04
507838,65,554.22,8.53,42.63,7.9,9.05,2025-04-18,2025-09-24
414625,45,554.05,12.31,61.56,5.1,12.73,2025-04-18,2025-10-09
202547,49,553.94,11.3,56.52,2.0,14.25,2025-04-18,2025-10-16
421844,47,553.91,11.79,58.93,3.07,13.45,2025-04-21,2025-10-16
200760,52,553.86,10.65,53.26,3.0,13.2,2025-04-21,2025-10-16
421818,66,553.79,8.39,41.95,2.75,9.93,2025-04-18,2025-09-26
336278,45,553.71,12.3,61.52,6.52,13.05,2025-04-20,2025-10-16
416482,48,553.7,11.54,57.68,7.18,24.0,2025-04-18,2025-09-26
14155,45,553.66,12.3,61.52,4.0,15.22,2025-04-18,2025-10-14
418543,45,553.63,12.3,61.51,8.45,12.98,2025-04-22,2025-10-09
416893,44,553.57,12.58,62.91,9.07,13.32,2025-04-18,2025-10-15
411983,65,553.53,8.52,42.58,7.5,9.03,2025-04-18,2025-10-16
505382,68,553.46,8.14,40.7,3.0,13.05,2025-04-18,2025-10-06
421832,44,553.45,12.58,62.89,12.0,12.97,2025-04-18,2025-10-09
101357,53,553.45,10.44,52.21,4.5,15.28,2025-04-18,2025-10-16
501198,48,553.44,11.53,57.65,1.0,12.88,2025-04-18,2025-10-09
420320,46,553.41,12.03,60.15,4.62,12.7,2025-04-22,2025-10-16
101931,68,553.34,8.14,40.69,1.0,10.52,2025-04-18,2025-09-24
407883,51,553.22,10.85,54.24,0.5,12.83,2025-04-19,2025-08-13
417766,45,553.14,12.29,61.46,5.12,12.87,2025-04-23,2025-10-08
500849,68,553.06,8.13,40.67,2.5,10.52,2025-04-18,2025-09-24
501408,66,553.06,8.38,41.9,1.0,8.82,2025-04-18,2025-10-10
412632,44,552.98,12.57,62.84,12.0,12.98,2025-04-18,2025-10-16
407977,46,552.94,12.02,60.1,8.35,12.63,2025-04-18,2025-10-10
420675,66,552.77,8.38,41.88,7.98,8.65,2025-04-18,2025-09-26
201202,56,552.7,9.87,49.35,8.0,12.68,2025-04-21,2025-10-10
200256,65,552.61,8.5,42.51,7.25,9.08,2025-04-18,2025-09-26
200904,47,552.43,11.75,58.77,0.67,12.9,2025-04-21,2025-10-08
420234,61,552.42,9.06,45.28,2.63,10.97,2025-04-18,2025-07-08
507000,66,552.36,8.37,41.85,0.63,9.45,2025-04-18,2025-09-24
102486,48,552.32,11.51,57.53,4.0,13.27,2025-04-19,2025-10-13
205535,65,552.3,8.5,42.48,7.62,9.48,2025-04-18,2025-09-24
101317,65,552.2,8.5,42.48,8.0,9.22,2025-04-18,2025-10-16
105443,65,552.09,8.49,42.47,8.0,8.67,2025-04-18,2025-10-14
203951,61,552.04,9.05,45.25,1.0,12.0,2025-04-18,2025-10-02
503011,68,551.8,8.11,40.57,1.43,9.12,2025-04-18,2025-09-24
103469,61,551.72,9.04,45.22,1.75,13.2,2025-04-18,2025-10-10
418631,46,551.72,11.99,59.97,0.75,12.88,2025-04-18,2025-10-10
505848,63,551.7,8.76,43.79,1.0,12.83,2025-04-18,2025-09-25
505533,67,551.6,8.23,41.16,2.12,10.42,2025-04-18,2025-09-25
410396,67,551.53,8.23,41.16,2.1,8.65,2025-04-18,2025-09-24
508109,65,551.53,8.49,42.43,8.0,8.82,2025-05-12,2025-10-16
500822,46,551.45,11.99,59.94,1.97,13.75,2025-04-19,2025-10-07
415743,62,551.45,8.89,44.47,7.18,10.58,2025-04-18,2025-09-18
202147,64,551.43,8.62,43.08,3.02,13.08,2025-04-18,2025-09-24
200328,66,551.39,8.35,41.77,5.98,9.5,2025-04-18,2025-09-24
111094,45,551.39,12.25,61.27,2.0,12.85,2025-04-21,2025-10-08
101249,66,551.38,8.35,41.77,6.05,9.08,2025-04-18,2025-09-26
413772,66,551.36,8.35,41.77,4.82,9.48,2025-04-18,2025-09-24
422650,59,551.29,9.34,46.72,4.63,16.92,2025-04-21,2025-09-26
101674,51,551.28,10.81,54.05,4.5,12.77,2025-04-19,2025-10-16
900284,81,551.23,6.81,34.03,5.98,7.05,2025-04-18,2025-10-16
421327,55,551.23,10.02,50.11,2.73,13.13,2025-04-18,2025-10-03
415672,47,551.14,11.73,58.63,1.0,16.6,2025-04-21,2025-10-14
101218,93,551.13,5.93,29.63,5.42,8.5,2025-04-18,2025-10-16
422327,66,551.12,8.35,41.75,4.33,9.08,2025-04-18,2025-10-16
422205,64,551.08,8.61,43.05,7.9,11.12,2025-04-18,2025-07-08
203163,65,551.04,8.48,42.39,8.0,8.73,2025-04-18,2025-09-24
201565,45,551.02,12.24,61.22,2.32,12.87,2025-04-24,2025-10-11
104376,66,550.95,8.35,41.74,1.1,10.83,2025-04-18,2025-09-24
403452,65,550.89,8.48,42.38,8.0,8.83,2025-04-18,2025-09-24
112834,47,550.85,11.72,58.6,5.0,12.62,2025-04-19,2025-10-11
103828,55,550.7,10.01,50.06,3.3,16.7,2025-04-18,2025-10-16
203173,44,550.69,12.52,62.58,12.0,13.05,2025-04-20,2025-10-09
505463,66,550.62,8.34,41.71,1.4,9.2,2025-04-18,2025-09-24
408793,51,550.61,10.8,53.98,2.63,14.7,2025-04-21,2025-09-24
506550,77,550.56,7.15,35.75,0.97,9.48,2025-04-18,2025-09-24
104850,65,550.55,8.47,42.35,4.92,9.18,2025-04-18,2025-10-16
413773,65,550.49,8.47,42.35,7.27,8.88,2025-04-18,2025-09-24
302323,57,550.48,9.66,48.29,1.75,12.88,2025-04-18,2025-10-10
333912,45,550.38,12.23,61.15,1.0,14.0,2025-04-22,2025-10-16
507890,62,550.3,8.88,44.38,6.93,10.83,2025-04-21,2025-09-24
407927,65,550.25,8.47,42.33,8.0,9.02,2025-04-18,2025-09-24
506807,47,550.2,11.71,58.53,8.0,12.63,2025-04-19,2025-10-11
420507,45,550.12,12.22,61.12,8.32,15.55,2025-04-19,2025-10-15
418474,44,550.06,12.5,62.51,12.0,13.28,2025-04-19,2025-10-11
104292,44,550.04,12.5,62.5,1.0,17.05,2025-04-21,2025-10-13
105422,57,549.94,9.65,48.24,2.98,11.05,2025-04-18,2025-09-26
413038,44,549.84,12.5,62.48,12.0,13.27,2025-04-18,2025-10-07
506500,67,549.78,8.21,41.03,0.25,9.13,2025-04-18,2025-09-24
205379,44,549.61,12.49,62.46,12.0,13.03,2025-04-18,2025-10-16
202861,65,549.55,8.45,42.27,5.23,10.23,2025-04-18,2025-10-16
202847,45,549.51,12.21,61.06,1.0,16.7,2025-04-21,2025-10-13
420082,54,549.43,10.17,50.87,5.48,10.98,2025-04-18,2025-09-23
421277,64,549.41,8.58,42.92,6.65,10.57,2025-04-18,2025-09-24
414174,65,549.23,8.45,42.25,8.0,8.73,2025-04-18,2025-09-24
105233,65,548.96,8.45,42.23,7.9,8.92,2025-04-18,2025-09-24
502412,64,548.95,8.58,42.89,5.77,11.05,2025-04-18,2025-09-26
501705,44,548.88,12.47,62.37,4.0,13.43,2025-04-18,2025-10-10
202351,68,548.86,8.07,40.36,1.03,12.43,2025-04-18,2025-09-24
114634,44,548.86,12.47,62.37,9.35,13.0,2025-04-19,2025-10-13
417884,66,548.78,8.31,41.57,2.17,8.7,2025-04-18,2025-09-26
416334,65,548.69,8.44,42.21,3.12,17.0,2025-04-18,2025-09-24
104473,65,548.66,8.44,42.2,7.97,9.38,2025-04-18,2025-09-24
410330,56,548.63,9.8,48.98,8.0,18.52,2025-04-18,2025-07-04
508070,61,548.38,8.99,44.95,6.5,16.6,2025-05-12,2025-10-14
500796,85,548.33,6.45,32.25,0.82,8.0,2025-04-18,2025-10-16
501860,65,548.26,8.43,42.17,5.0,10.48,2025-04-18,2025-09-23
507385,65,548.24,8.43,42.17,3.45,9.02,2025-04-18,2025-09-24
419704,47,548.21,11.66,58.32,4.0,13.65,2025-04-19,2025-10-11
410463,57,548.12,9.62,48.08,2.25,19.35,2025-04-18,2025-09-16
104101,65,548.07,8.43,42.16,6.47,8.57,2025-04-18,2025-09-24
103457,68,548.0,8.06,40.29,1.33,9.78,2025-04-18,2025-09-24
102272,62,547.99,8.84,44.19,7.0,10.25,2025-04-19,2025-09-30
200610,62,547.97,8.84,44.19,6.8,10.07,2025-04-21,2025-10-16
503906,66,547.91,8.3,41.51,6.73,9.6,2025-04-18,2025-09-24
500633,44,547.83,12.45,62.25,9.8,12.92,2025-04-21,2025-10-08
201245,63,547.78,8.69,43.47,7.42,10.65,2025-04-18,2025-09-24
202348,65,547.75,8.43,42.13,7.57,9.57,2025-04-18,2025-09-24
103882,65,547.61,8.42,42.12,7.75,8.93,2025-04-18,2025-09-24
410211,54,547.58,10.14,50.7,2.72,11.67,2025-04-18,2025-09-26
503237,44,547.56,12.44,62.22,4.0,13.57,2025-04-25,2025-10-06
336348,65,547.53,8.42,42.12,6.53,10.53,2025-04-18,2025-09-24
203018,61,547.41,8.97,44.87,5.1,12.5,2025-04-19,2025-10-09
415625,49,547.32,11.17,55.85,4.0,12.68,2025-04-18,2025-07-08
102098,65,547.23,8.42,42.09,4.53,10.53,2025-04-18,2025-10-15
201657,66,547.13,8.29,41.45,2.5,8.92,2025-04-18,2025-09-24
101804,70,547.0,7.81,39.07,3.5,8.0,2025-04-18,2025-09-26
412665,66,546.99,8.29,41.44,4.05,10.12,2025-04-18,2025-09-24
409393,66,546.94,8.29,41.43,4.57,8.85,2025-04-18,2025-09-24
506836,66,546.94,8.29,41.43,4.5,8.62,2025-04-18,2025-09-24
501241,53,546.88,10.32,51.59,7.07,12.5,2025-04-23,2025-10-11
506698,45,546.82,12.15,60.76,10.4,12.5,2025-04-21,2025-10-11
205450,66,546.65,8.28,41.41,2.0,8.73,2025-04-18,2025-09-24
412280,70,546.5,7.81,39.04,5.0,19.0,2025-04-18,2025-10-16
104545,70,546.41,7.81,39.03,3.08,9.35,2025-04-18,2025-09-24
201849,45,546.39,12.14,60.71,5.0,13.32,2025-04-21,2025-10-10
507880,64,546.29,8.54,42.68,8.0,9.02,2025-04-28,2025-09-24
506051,62,546.27,8.81,44.05,8.0,15.87,2025-04-18,2025-09-24
410482,65,546.24,8.4,42.02,4.08,8.62,2025-04-18,2025-09-23
504453,45,546.08,12.14,60.68,1.0,12.88,2025-04-20,2025-10-16
409378,63,546.0,8.67,43.33,7.63,14.77,2025-04-18,2025-09-19
420882,43,546.0,12.7,63.49,12.0,13.35,2025-04-20,2025-10-09
101316,54,545.97,10.11,50.55,2.0,12.03,2025-04-21,2025-09-24
505520,65,545.89,8.4,41.99,5.07,8.73,2025-04-18,2025-09-24
409575,43,545.86,12.69,63.47,10.65,13.9,2025-04-23,2025-10-11
334756,66,545.83,8.27,41.35,4.2,13.18,2025-04-18,2025-09-24
102056,64,545.78,8.53,42.64,3.0,12.27,2025-04-18,2025-09-23
201497,44,545.76,12.4,62.02,6.42,13.03,2025-04-22,2025-10-10
503467,64,545.73,8.53,42.64,8.0,9.05,2025-04-21,2025-10-16
502314,66,545.71,8.27,41.34,4.98,8.93,2025-04-18,2025-09-24
502230,64,545.63,8.53,42.63,2.38,16.48,2025-04-20,2025-09-24
15381,68,545.62,8.02,40.12,1.18,9.5,2025-04-18,2025-09-24
104339,75,545.57,7.27,36.37,3.9,8.65,2025-04-18,2025-10-16
504899,65,545.45,8.39,41.96,6.07,9.03,2025-04-18,2025-09-24
417301,46,545.42,11.86,59.28,0.72,12.83,2025-04-19,2025-10-16
503297,47,545.34,11.6,58.01,3.82,16.08,2025-04-23,2025-10-02
508110,63,545.34,8.66,43.28,7.22,15.6,2025-05-19,2025-10-16
407801,52,545.23,10.49,52.43,1.0,13.2,2025-04-18,2025-10-13
500589,47,545.23,11.6,58.0,1.98,13.38,2025-04-22,2025-10-16
503086,53,545.18,10.29,51.43,6.37,11.4,2025-04-18,2025-09-24
201557,54,545.13,10.09,50.47,2.0,11.97,2025-04-18,2025-10-16
502941,45,545.1,12.11,60.57,8.32,12.75,2025-04-19,2025-10-13
406706,63,545.04,8.65,43.26,2.25,9.48,2025-04-18,2025-10-10
302113,58,544.93,9.4,46.98,2.55,11.1,2025-04-18,2025-10-10
422409,45,544.84,12.11,60.54,12.0,12.62,2025-04-23,2025-07-30
101119,65,544.73,8.38,41.9,4.0,9.32,2025-04-18,2025-10-16
506050,65,544.65,8.38,41.9,4.47,8.75,2025-04-18,2025-09-24
502654,44,544.58,12.38,61.88,4.0,13.07,2025-04-19,2025-10-01
100715,50,544.48,10.89,54.45,1.0,13.3,2025-04-22,2025-10-14
502150,67,544.47,8.13,40.63,3.12,8.65,2025-04-18,2025-09-24
406272,47,544.38,11.58,57.91,1.0,13.02,2025-04-23,2025-10-11
415123,45,544.35,12.1,60.48,8.63,12.95,2025-04-21,2025-10-11
505606,45,544.27,12.09,60.47,5.18,14.68,2025-04-21,2025-10-15
413501,53,544.2,10.27,51.34,7.9,10.63,2025-04-18,2025-09-24
503298,65,544.15,8.37,41.86,2.25,9.55,2025-04-18,2025-09-23
404971,68,544.13,8.0,40.01,0.5,10.0,2025-04-19,2025-09-24
406940,53,543.96,10.26,51.32,1.03,12.55,2025-04-22,2025-09-26
406325,53,543.92,10.26,51.31,4.0,12.5,2025-04-20,2025-10-11
419239,53,543.91,10.26,51.31,8.77,11.17,2025-04-18,2025-09-26
416675,43,543.88,12.65,63.24,12.0,13.5,2025-04-18,2025-10-16
409181,54,543.77,10.07,50.35,7.95,16.15,2025-04-18,2025-09-26
507610,47,543.76,11.57,57.85,8.23,12.92,2025-04-22,2025-10-02
421879,46,543.71,11.82,59.1,2.0,12.75,2025-04-23,2025-09-26
102615,86,543.71,6.32,31.61,1.0,12.62,2025-04-18,2025-10-16
420306,66,543.69,8.24,41.19,3.53,8.7,2025-04-18,2025-09-24
505588,44,543.63,12.36,61.78,4.12,12.87,2025-04-19,2025-10-10
204059,59,543.62,9.21,46.07,0.8,16.0,2025-04-21,2025-10-10
422735,44,543.53,12.35,61.76,5.73,12.95,2025-04-18,2025-10-16
202722,62,543.5,8.77,43.83,3.47,11.15,2025-04-21,2025-10-09
505324,52,543.48,10.45,52.26,8.0,12.35,2025-04-18,2025-10-09
101377,71,543.46,7.65,38.27,3.95,8.5,2025-04-18,2025-10-16
120660,65,543.44,8.36,41.8,5.57,9.6,2025-04-18,2025-09-24
415495,66,543.41,8.23,41.17,3.58,8.73,2025-04-18,2025-09-24
506501,65,543.37,8.36,41.8,4.0,9.6,2025-04-18,2025-09-24
507295,46,543.35,11.81,59.06,5.1,13.15,2025-04-19,2025-10-11
410574,45,543.24,12.07,60.36,6.8,12.87,2025-04-18,2025-10-09
421857,46,543.23,11.81,59.05,2.0,13.28,2025-04-18,2025-10-14
200197,50,543.21,10.86,54.32,3.22,12.97,2025-04-21,2025-10-13
402228,65,543.16,8.36,41.78,7.88,8.8,2025-04-18,2025-09-24
102108,65,543.12,8.36,41.78,7.0,9.35,2025-04-18,2025-10-16
501237,56,543.06,9.7,48.49,2.52,11.23,2025-04-21,2025-09-30
336698,52,543.02,10.44,52.21,10.0,11.02,2025-04-21,2025-09-24
409479,44,542.99,12.34,61.7,10.07,13.83,2025-04-21,2025-10-14
502971,56,542.99,9.7,48.48,7.72,16.25,2025-04-18,2025-09-26
507444,53,542.86,10.24,51.21,1.0,12.98,2025-04-20,2025-09-26
204614,46,542.74,11.8,58.99,0.62,16.48,2025-04-19,2025-10-10
202541,64,542.65,8.48,42.39,8.0,9.48,2025-04-18,2025-10-16
335839,65,542.65,8.35,41.74,7.87,8.83,2025-04-18,2025-09-23
501704,46,542.6,11.8,58.98,1.0,13.12,2025-04-18,2025-10-08
413625,46,542.31,11.79,58.95,1.0,13.38,2025-04-21,2025-10-08
500877,45,542.26,12.05,60.25,1.0,12.78,2025-04-22,2025-10-11
507643,64,542.26,8.47,42.36,7.83,9.45,2025-04-18,2025-09-24
502348,44,542.19,12.32,61.61,2.32,16.02,2025-04-19,2025-10-10
503628,62,542.07,8.74,43.72,7.75,11.2,2025-04-18,2025-09-24
200970,62,541.7,8.74,43.69,1.25,12.67,2025-04-18,2025-09-26
500840,47,541.65,11.52,57.62,4.02,12.5,2025-04-18,2025-10-11
507707,46,541.64,11.77,58.87,0.17,13.45,2025-04-21,2025-10-08
421858,44,541.61,12.31,61.55,4.47,12.92,2025-04-22,2025-10-10
104852,66,541.42,8.2,41.02,5.12,10.52,2025-04-18,2025-09-24
402687,55,541.26,9.84,49.21,4.98,10.65,2025-04-21,2025-10-10
334380,63,541.25,8.59,42.96,5.68,10.82,2025-04-18,2025-09-23
203304,65,540.95,8.32,41.61,2.75,10.82,2025-04-18,2025-10-16
111087,51,540.74,10.6,53.01,1.78,12.9,2025-04-20,2025-10-10
4218,52,540.72,10.4,51.99,2.12,13.48,2025-04-18,2025-10-16
413967,64,540.67,8.45,42.24,6.48,8.78,2025-04-18,2025-09-24
336413,47,540.59,11.5,57.51,1.7,12.65,2025-04-18,2025-10-16
101495,64,540.58,8.45,42.23,1.38,12.5,2025-04-18,2025-10-16
420782,43,540.52,12.57,62.85,12.0,12.98,2025-04-18,2025-10-16
200490,52,540.52,10.39,51.97,0.3,12.55,2025-04-18,2025-10-10
401114,50,540.47,10.81,54.05,0.6,12.93,2025-04-19,2025-10-13
103041,67,540.45,8.07,40.33,1.0,11.0,2025-04-18,2025-10-16
405390,64,540.39,8.44,42.22,6.27,16.92,2025-04-21,2025-07-04
406864,52,540.39,10.39,51.96,7.43,10.73,2025-04-21,2025-09-24
417222,64,540.26,8.44,42.21,6.68,9.07,2025-04-18,2025-09-24
507663,65,540.21,8.31,41.55,3.7,10.63,2025-04-18,2025-09-24
44990,64,540.16,8.44,42.2,8.0,8.78,2025-04-18,2025-10-14
105410,81,540.13,6.67,33.34,3.03,11.28,2025-04-18,2025-10-16
408942,69,540.12,7.83,39.14,0.82,11.68,2025-04-18,2025-09-26
503365,51,540.12,10.59,52.95,4.0,16.43,2025-04-18,2025-10-11
416378,61,540.06,8.85,44.27,0.3,13.53,2025-04-18,2025-09-26
503582,50,540.0,10.8,54.0,1.82,13.02,2025-04-22,2025-10-10
101596,72,539.96,7.5,37.5,7.0,8.0,2025-04-18,2025-10-03
502845,48,539.95,11.25,56.24,5.12,12.87,2025-04-19,2025-10-10
409326,73,539.93,7.4,36.98,0.8,8.78,2025-04-18,2025-10-16
420644,54,539.93,10.0,49.99,8.0,16.27,2025-04-18,2025-09-26
504515,67,539.93,8.06,40.29,1.72,10.63,2025-04-18,2025-09-26
502035,44,539.6,12.26,61.32,1.0,13.22,2025-04-22,2025-10-11
421925,52,539.4,10.37,51.87,0.25,14.53,2025-04-18,2025-10-10
505009,58,539.39,9.3,46.5,2.67,11.58,2025-04-18,2025-07-08
101884,79,539.39,6.83,34.14,5.02,7.08,2025-04-18,2025-10-16
102969,53,539.3,10.18,50.88,3.22,12.5,2025-04-18,2025-10-14
506372,65,539.16,8.29,41.47,1.53,8.63,2025-04-18,2025-10-16
421839,43,538.96,12.53,62.67,12.0,12.95,2025-04-19,2025-10-06
421072,64,538.95,8.42,42.11,5.0,9.33,2025-04-18,2025-09-24
506430,70,538.93,7.7,38.49,2.83,9.02,2025-04-18,2025-10-16
418636,45,538.85,11.97,59.87,2.0,13.02,2025-04-19,2025-10-09
101525,64,538.79,8.42,42.09,5.28,8.73,2025-04-18,2025-09-24
405972,65,538.7,8.29,41.44,4.0,9.42,2025-04-18,2025-09-26
406766,43,538.68,12.53,62.64,12.0,13.08,2025-04-22,2025-10-14
115819,64,538.57,8.42,42.08,8.0,8.55,2025-04-21,2025-09-18
417185,63,538.39,8.55,42.73,7.17,9.28,2025-04-18,2025-09-19
418533,47,538.25,11.45,57.26,0.22,12.8,2025-04-18,2025-10-11
506015,65,538.21,8.28,41.4,4.0,10.22,2025-04-18,2025-09-24
203152,65,538.2,8.28,41.4,3.1,8.62,2025-04-18,2025-09-24
505537,63,538.18,8.54,42.71,4.25,12.05,2025-04-18,2025-09-24
103326,64,538.16,8.41,42.04,1.25,11.1,2025-04-21,2025-10-16
507455,66,538.14,8.15,40.77,1.65,9.2,2025-04-18,2025-09-26
101514,65,538.02,8.28,41.39,0.92,9.2,2025-04-18,2025-10-16
503830,44,537.98,12.23,61.13,4.0,13.13,2025-04-21,2025-10-01
421853,43,537.92,12.51,62.55,12.0,12.8,2025-04-26,2025-10-11
101178,59,537.79,9.12,45.58,0.67,16.35,2025-04-19,2025-10-11
408732,57,537.74,9.43,47.17,0.37,12.83,2025-04-18,2025-09-24
101711,47,537.72,11.44,57.2,1.0,13.5,2025-04-19,2025-10-15
415564,63,537.62,8.53,42.67,7.53,10.32,2025-04-18,2025-09-24
103792,61,537.49,8.81,44.06,5.12,14.38,2025-04-18,2025-07-08
414594,45,537.44,11.94,59.72,4.8,13.87,2025-04-18,2025-10-03
101232,66,537.39,8.14,40.71,4.95,8.92,2025-04-18,2025-09-24
417677,52,537.24,10.33,51.66,8.87,10.78,2025-04-18,2025-09-24
502680,46,537.2,11.68,58.39,1.0,20.1,2025-04-18,2025-09-30
418409,56,537.12,9.59,47.96,0.5,13.63,2025-04-18,2025-09-23
413643,44,537.09,12.21,61.03,1.0,13.12,2025-04-25,2025-10-13
400725,54,536.92,9.94,49.71,3.0,13.57,2025-04-18,2025-09-24
410163,64,536.9,8.39,41.95,6.13,9.08,2025-04-18,2025-09-24
505601,48,536.77,11.18,55.91,6.08,13.08,2025-04-20,2025-10-16
422097,44,536.74,12.2,60.99,4.0,13.3,2025-04-24,2025-10-10
411817,62,536.72,8.66,43.28,4.6,13.72,2025-04-18,2025-09-24
412630,43,536.65,12.48,62.4,12.0,13.07,2025-04-18,2025-10-15
500582,63,536.64,8.52,42.59,1.2,24.0,2025-04-18,2025-09-24
419636,62,536.28,8.65,43.25,3.13,12.4,2025-04-18,2025-09-23
419588,64,536.28,8.38,41.9,3.93,8.85,2025-04-18,2025-09-24
422462,65,535.93,8.25,41.23,3.95,9.0,2025-04-18,2025-09-25
507600,64,535.8,8.37,41.86,6.62,9.32,2025-04-18,2025-09-23
504988,64,535.72,8.37,41.85,4.48,8.82,2025-04-18,2025-10-15
101037,48,535.49,11.16,55.78,4.2,13.35,2025-04-19,2025-10-13
404370,46,535.48,11.64,58.2,4.0,12.82,2025-04-20,2025-10-08
420188,43,535.41,12.45,62.26,8.52,16.5,2025-04-18,2025-10-09
200149,57,535.37,9.39,46.96,7.92,16.93,2025-04-18,2025-07-04
103962,63,535.3,8.5,42.48,4.5,9.2,2025-04-19,2025-10-16
506269,65,535.19,8.23,41.17,4.0,9.62,2025-04-18,2025-10-15
201218,66,534.9,8.1,40.52,1.35,9.72,2025-04-21,2025-10-16
416664,66,534.76,8.1,40.51,0.05,10.43,2025-04-18,2025-09-24
421354,66,534.74,8.1,40.51,8.0,8.77,2025-04-18,2025-08-01
401350,65,534.74,8.23,41.13,4.92,8.88,2025-04-18,2025-09-24
101648,70,534.69,7.64,38.19,3.0,11.03,2025-04-21,2025-10-16
422334,65,534.67,8.23,41.13,4.75,10.0,2025-04-21,2025-10-16
506437,64,534.59,8.35,41.76,5.17,8.63,2025-04-18,2025-10-16
507889,64,534.55,8.35,41.76,5.13,8.75,2025-04-21,2025-09-24
418301,43,534.49,12.43,62.15,1.0,13.45,2025-04-20,2025-10-15
101425,58,534.47,9.22,46.08,3.35,12.17,2025-04-21,2025-09-25
101416,63,534.41,8.48,42.41,8.0,10.42,2025-04-22,2025-10-16
506465,87,534.4,6.14,30.71,4.15,10.02,2025-04-18,2025-10-16
506070,64,534.32,8.35,41.74,4.6,9.8,2025-04-18,2025-09-24
506846,44,534.27,12.14,60.71,2.5,13.1,2025-04-21,2025-07-08
500529,64,534.18,8.35,41.73,3.62,8.75,2025-04-18,2025-09-24
502212,49,533.92,10.9,54.48,2.15,16.45,2025-04-19,2025-10-16
503346,45,533.92,11.86,59.32,2.37,12.95,2025-04-18,2025-10-09
417748,64,533.82,8.34,41.7,7.1,9.35,2025-04-18,2025-09-23
503478,64,533.69,8.34,41.69,4.12,8.72,2025-04-18,2025-09-24
416578,64,533.59,8.34,41.69,2.73,14.5,2025-04-18,2025-09-24
115043,56,533.5,9.53,47.63,3.0,10.72,2025-04-18,2025-10-10
507781,63,533.47,8.47,42.34,8.0,8.9,2025-04-18,2025-09-24
503615,51,533.42,10.46,52.3,2.93,23.0,2025-04-18,2025-10-03
104162,64,533.38,8.33,41.67,1.28,8.8,2025-04-21,2025-10-16
418411,64,533.07,8.33,41.65,5.4,14.1,2025-04-18,2025-09-24
506655,63,533.0,8.46,42.3,6.03,9.07,2025-04-18,2025-09-19
416676,57,532.99,9.35,46.75,4.0,12.6,2025-04-18,2025-10-03
502080,70,532.83,7.61,38.06,1.08,10.52,2025-04-18,2025-09-24
101927,65,532.75,8.2,40.98,3.0,15.7,2025-04-18,2025-09-24
401390,65,532.73,8.2,40.98,3.9,9.9,2025-04-18,2025-09-24
417850,43,532.72,12.39,61.94,5.0,12.87,2025-04-18,2025-10-12
406252,46,532.62,11.58,57.89,1.0,12.7,2025-04-18,2025-10-12
503285,56,532.59,9.51,47.55,0.02,12.77,2025-04-18,2025-09-24
418960,63,532.45,8.45,42.26,1.47,10.18,2025-04-18,2025-09-24
101857,64,532.21,8.32,41.58,1.42,9.23,2025-04-18,2025-10-16
502758,66,532.14,8.06,40.31,2.9,10.4,2025-04-20,2025-09-24
200467,63,532.0,8.44,42.22,8.0,8.5,2025-04-18,2025-07-18
418725,53,531.9,10.04,50.18,1.0,13.33,2025-04-18,2025-10-16
104752,66,531.82,8.06,40.29,1.02,10.07,2025-04-18,2025-10-16
414007,45,531.81,11.82,59.09,3.35,14.02,2025-04-21,2025-07-30
414798,46,531.79,11.56,57.8,1.0,12.95,2025-04-19,2025-07-18
203816,45,531.71,11.82,59.08,1.0,14.18,2025-04-19,2025-10-16
504227,61,531.66,8.72,43.58,7.03,15.52,2025-04-18,2025-07-04
105148,67,531.5,7.93,39.66,7.5,8.0,2025-04-18,2025-09-26
203037,51,531.49,10.42,52.11,4.0,16.0,2025-04-19,2025-07-05
418925,61,531.46,8.71,43.56,7.77,15.55,2025-04-18,2025-09-22
102077,64,531.43,8.3,41.52,3.57,9.03,2025-04-18,2025-09-23
101797,84,531.41,6.33,31.63,3.03,7.28,2025-04-18,2025-10-16
417237,44,531.37,12.08,60.38,8.0,12.67,2025-04-19,2025-10-10
408536,46,531.23,11.55,57.74,1.0,16.17,2025-04-18,2025-10-02
101635,54,531.1,9.84,49.18,7.37,16.5,2025-04-21,2025-10-16
409588,44,530.93,12.07,60.33,4.37,12.82,2025-04-22,2025-10-16
204460,44,530.85,12.06,60.32,2.7,13.25,2025-04-22,2025-10-08
105417,44,530.6,12.06,60.3,4.87,12.68,2025-04-23,2025-10-13
101502,71,530.55,7.47,37.36,4.55,10.0,2025-04-19,2025-10-15
418707,61,530.33,8.69,43.47,5.07,14.55,2025-04-18,2025-09-24
501821,64,530.33,8.29,41.43,7.82,9.12,2025-04-18,2025-09-23
415669,43,530.32,12.33,61.67,8.5,12.78,2025-04-22,2025-10-09
416109,44,530.3,12.05,60.26,0.62,12.9,2025-04-18,2025-10-08
204477,59,530.28,8.99,44.94,1.6,11.02,2025-04-21,2025-10-16
502579,48,530.07,11.04,55.22,1.0,12.87,2025-04-18,2025-10-16
203805,47,530.04,11.28,56.39,0.5,13.08,2025-04-19,2025-10-16
400753,42,529.95,12.62,63.09,12.0,13.53,2025-04-21,2025-10-15
503149,73,529.92,7.26,36.3,1.0,9.58,2025-04-18,2025-09-23
335328,64,529.88,8.28,41.4,4.17,8.5,2025-04-18,2025-09-24
101802,63,529.85,8.41,42.05,3.5,9.47,2025-04-18,2025-09-24
101991,42,529.14,12.6,62.99,4.5,15.53,2025-04-21,2025-09-23
333927,43,528.98,12.3,61.51,4.8,12.83,2025-04-18,2025-10-13
203555,61,528.95,8.67,43.36,8.0,10.13,2025-04-18,2025-07-11
503150,54,528.89,9.79,48.97,2.0,18.38,2025-04-18,2025-10-03
101390,68,528.85,7.78,38.89,1.92,11.92,2025-04-18,2025-10-16
401763,43,528.59,12.29,61.46,7.37,13.23,2025-04-18,2025-10-16
420463,43,528.4,12.29,61.44,5.37,12.8,2025-04-24,2025-10-10
413590,51,528.34,10.36,51.8,4.23,16.43,2025-04-18,2025-07-03
114546,44,528.22,12.01,60.03,1.0,15.9,2025-04-18,2025-10-05
507304,55,528.15,9.6,48.01,0.5,12.5,2025-04-21,2025-10-10
502288,45,528.11,11.74,58.68,3.0,14.05,2025-04-24,2025-10-16
202135,52,528.1,10.16,50.78,2.0,12.45,2025-04-22,2025-10-14
505161,64,528.05,8.25,41.25,2.08,9.47,2025-04-18,2025-09-23
503128,63,528.03,8.38,41.91,6.85,13.73,2025-04-19,2025-07-07
408785,66,528.0,8.0,40.0,8.0,8.0,2025-04-18,2025-07-18
411945,66,528.0,8.0,40.0,8.0,8.0,2025-04-18,2025-07-18
412984,66,528.0,8.0,40.0,8.0,8.0,2025-04-18,2025-07-18
506487,66,528.0,8.0,40.0,8.0,8.0,2025-04-18,2025-07-18
506918,45,527.88,11.73,58.65,2.12,13.6,2025-04-18,2025-10-08
101845,60,527.7,8.79,43.97,5.48,10.8,2025-04-18,2025-09-18
118826,45,527.47,11.72,58.61,3.5,24.0,2025-04-18,2025-09-23
507604,43,527.42,12.27,61.33,10.08,12.55,2025-04-19,2025-10-06
200322,53,527.37,9.95,49.75,2.0,13.25,2025-04-18,2025-09-24
416278,45,527.13,11.71,58.57,4.0,12.92,2025-04-18,2025-10-15
415986,49,526.68,10.75,53.74,4.15,12.13,2025-04-18,2025-09-19
334833,62,526.63,8.49,42.47,8.0,10.38,2025-04-18,2025-09-19
503305,66,526.5,7.98,39.89,7.5,8.0,2025-04-18,2025-09-26
105562,67,526.48,7.86,39.29,4.0,9.02,2025-04-18,2025-10-16
102270,60,526.43,8.77,43.87,1.13,11.08,2025-04-18,2025-09-25
405793,45,526.41,11.7,58.49,5.0,13.57,2025-04-21,2025-10-08
103952,62,526.37,8.49,42.45,1.0,12.97,2025-04-18,2025-10-15
200236,52,526.36,10.12,50.61,4.9,12.62,2025-04-21,2025-10-16
418685,43,526.33,12.24,61.2,4.0,12.65,2025-04-19,2025-10-11
409287,56,526.13,9.4,46.98,6.25,13.55,2025-04-18,2025-07-04
120687,55,526.1,9.57,47.83,4.0,13.37,2025-04-18,2025-10-15
11057,62,526.09,8.49,42.43,6.45,8.72,2025-04-18,2025-10-16
502716,63,525.97,8.35,41.74,1.15,9.57,2025-04-18,2025-09-24
420681,60,525.68,8.76,43.81,6.73,15.77,2025-04-19,2025-10-16
101422,62,525.66,8.48,42.39,8.4,8.75,2025-04-19,2025-10-15
104849,63,525.62,8.34,41.72,3.72,8.87,2025-04-21,2025-10-16
418993,59,525.62,8.91,44.54,6.42,11.07,2025-04-18,2025-10-15
502203,43,525.58,12.22,61.11,2.0,12.68,2025-04-19,2025-10-11
101302,48,525.48,10.95,54.74,1.0,13.1,2025-04-18,2025-10-16
202112,45,525.33,11.67,58.37,1.0,13.6,2025-04-19,2025-10-15
409394,43,525.3,12.22,61.08,4.0,16.73,2025-04-23,2025-10-09
118166,54,525.29,9.73,48.64,0.07,11.58,2025-04-18,2025-09-25
419367,49,525.23,10.72,53.59,1.0,15.23,2025-04-18,2025-09-24
200347,50,525.09,10.5,52.51,3.6,13.35,2025-04-18,2025-10-09
103502,60,525.09,8.75,43.76,4.38,12.55,2025-04-19,2025-10-16
418811,56,525.08,9.38,46.88,8.0,10.02,2025-04-18,2025-07-04
409912,62,524.87,8.47,42.33,1.93,13.4,2025-04-20,2025-10-09
422324,63,524.56,8.33,41.63,2.0,10.18,2025-04-18,2025-10-16
405992,61,524.41,8.6,42.98,3.2,11.35,2025-04-18,2025-07-11
505994,60,524.41,8.74,43.7,8.0,16.5,2025-04-18,2025-09-30
502164,44,524.4,11.92,59.59,1.0,12.78,2025-04-18,2025-10-11
401282,53,524.4,9.89,49.47,2.0,11.35,2025-04-18,2025-10-08
101555,52,524.39,10.08,50.42,3.42,11.25,2025-04-21,2025-09-25
507390,52,524.33,10.08,50.42,5.3,13.67,2025-04-21,2025-09-24
102387,50,524.33,10.49,52.43,2.5,14.93,2025-04-19,2025-10-15
105423,70,524.32,7.49,37.45,1.38,9.18,2025-04-18,2025-09-24
419816,49,524.21,10.7,53.49,0.25,12.92,2025-04-19,2025-10-12
420498,46,524.13,11.39,56.97,4.0,12.95,2025-04-23,2025-10-14
414003,49,524.06,10.7,53.48,2.43,13.48,2025-04-18,2025-09-24
422112,64,524.03,8.19,40.94,4.12,10.3,2025-04-18,2025-10-16
415713,62,523.9,8.45,42.25,5.02,11.13,2025-04-18,2025-09-23
504980,62,523.88,8.45,42.25,7.38,8.83,2025-04-18,2025-09-30
418323,55,523.71,9.52,47.61,0.25,12.98,2025-04-18,2025-10-03
101092,62,523.7,8.45,42.23,1.37,9.42,2025-04-18,2025-10-16
415646,49,523.36,10.68,53.4,8.0,16.13,2025-04-20,2025-09-26
201824,42,523.34,12.46,62.3,8.0,14.42,2025-04-22,2025-10-13
103273,54,523.13,9.69,48.44,4.73,12.55,2025-04-21,2025-07-31
410568,41,522.98,12.76,63.78,12.0,13.55,2025-04-18,2025-10-15
104262,49,522.94,10.67,53.36,0.75,19.0,2025-04-19,2025-09-25
105093,66,522.72,7.92,39.6,2.0,8.5,2025-04-22,2025-10-16
507714,45,522.71,11.62,58.08,1.0,13.22,2025-04-18,2025-10-14
111293,43,522.53,12.15,60.76,8.33,12.73,2025-04-21,2025-10-10
302116,43,522.48,12.15,60.75,4.8,16.92,2025-04-22,2025-10-08
404038,51,522.3,10.24,51.21,4.9,14.18,2025-04-18,2025-10-03
200356,60,522.25,8.7,43.52,3.32,11.28,2025-04-21,2025-10-08
421517,51,521.9,10.23,51.17,8.0,12.67,2025-04-18,2025-10-11
103260,45,521.87,11.6,57.99,2.27,19.72,2025-04-22,2025-09-26
505044,43,521.84,12.14,60.68,8.32,13.57,2025-04-24,2025-10-08
403170,42,521.77,12.42,62.12,7.77,13.38,2025-04-18,2025-10-15
102095,50,521.72,10.43,52.17,4.0,14.5,2025-04-19,2025-10-16
501763,61,521.51,8.55,42.75,5.08,10.5,2025-04-18,2025-09-24
419011,45,521.49,11.59,57.94,0.55,12.95,2025-04-18,2025-10-10
203624,51,521.3,10.22,51.11,2.23,12.13,2025-04-18,2025-09-24
421557,57,521.2,9.14,45.72,3.27,23.95,2025-04-21,2025-09-26
201980,49,521.18,10.64,53.18,1.5,12.92,2025-04-18,2025-10-07
504354,52,520.98,10.02,50.09,8.0,12.52,2025-04-18,2025-07-25
333855,44,520.98,11.84,59.2,4.0,13.5,2025-04-23,2025-09-24
101590,55,520.93,9.47,47.36,3.87,11.68,2025-04-18,2025-09-26
418475,43,520.73,12.11,60.55,4.8,13.13,2025-04-22,2025-10-06
414094,66,520.7,7.89,39.45,4.47,10.0,2025-04-18,2025-09-24
203000,45,520.66,11.57,57.85,2.42,18.12,2025-04-22,2025-09-26
504808,54,520.58,9.64,48.2,4.92,15.5,2025-04-18,2025-09-24
116151,56,520.53,9.3,46.48,5.8,18.45,2025-04-18,2025-09-27
202241,51,520.52,10.21,51.03,6.93,11.27,2025-04-22,2025-10-16
506742,43,520.28,12.1,60.5,4.58,13.53,2025-04-18,2025-10-16
408194,43,520.07,12.09,60.47,4.8,13.05,2025-04-18,2025-07-08
416346,74,520.05,7.03,35.14,1.25,12.75,2025-04-18,2025-09-24
200917,64,519.98,8.12,40.62,1.15,10.27,2025-04-18,2025-09-26
504903,49,519.91,10.61,53.05,6.5,14.45,2025-04-22,2025-10-10
105400,66,519.8,7.88,39.38,1.58,8.93,2025-04-18,2025-09-24
410680,60,519.6,8.66,43.3,4.75,10.6,2025-04-18,2025-09-17
101995,61,519.45,8.52,42.58,7.5,8.63,2025-04-18,2025-10-16
502851,50,519.29,10.39,51.93,0.5,14.08,2025-04-21,2025-09-23
505584,43,519.12,12.07,60.36,5.12,12.85,2025-04-20,2025-10-09
204570,41,519.07,12.66,63.3,12.0,13.97,2025-04-18,2025-10-14
415228,49,519.04,10.59,52.96,1.0,12.93,2025-04-21,2025-10-10
418478,44,518.73,11.79,58.95,4.67,13.07,2025-04-23,2025-09-25
103553,60,518.68,8.64,43.22,5.12,16.0,2025-04-18,2025-10-16
413264,56,518.64,9.26,46.31,7.47,18.25,2025-04-18,2025-07-04
202440,44,518.5,11.78,58.92,1.0,13.12,2025-04-18,2025-10-13
204447,46,518.38,11.27,56.35,1.0,13.15,2025-04-22,2025-09-22
505761,67,518.24,7.73,38.67,0.83,8.5,2025-04-18,2025-07-18
500944,61,518.2,8.5,42.48,3.0,12.7,2025-04-18,2025-10-03
501960,45,518.15,11.51,57.57,1.0,12.83,2025-04-18,2025-10-10
204799,61,518.06,8.49,42.46,4.0,15.5,2025-04-18,2025-10-03
406351,61,518.03,8.49,42.46,7.12,9.33,2025-04-18,2025-10-16
101247,47,518.02,11.02,55.11,8.0,13.72,2025-04-19,2025-10-14
413505,61,518.0,8.49,42.46,8.0,8.5,2025-04-18,2025-07-18
418742,79,517.93,6.56,32.78,2.25,8.55,2025-04-18,2025-10-16
410576,60,517.93,8.63,43.16,4.68,9.45,2025-04-21,2025-10-11
421778,43,517.78,12.04,60.21,1.0,12.82,2025-04-21,2025-10-15
101254,64,517.76,8.09,40.45,4.6,9.03,2025-04-23,2025-10-16
410209,42,517.71,12.33,61.63,8.45,12.85,2025-04-21,2025-10-10
401336,42,517.7,12.33,61.63,8.32,12.9,2025-04-18,2025-10-16
422140,64,517.61,8.09,40.44,1.58,8.83,2025-04-18,2025-09-26
505166,66,517.43,7.84,39.2,4.15,8.58,2025-04-18,2025-10-13
421511,44,517.29,11.76,58.78,5.0,13.0,2025-04-21,2025-10-10
401107,61,517.14,8.48,42.39,7.22,9.93,2025-04-18,2025-07-08
503483,64,517.08,8.08,40.4,2.58,11.35,2025-04-18,2025-09-24
103846,45,517.0,11.49,57.44,7.58,12.6,2025-04-18,2025-10-13
201053,51,516.9,10.14,50.68,4.0,13.07,2025-04-18,2025-10-10
505308,42,516.86,12.31,61.53,8.45,13.42,2025-04-23,2025-07-06
115046,54,516.77,9.57,47.85,2.3,12.9,2025-04-18,2025-10-09
105413,63,516.74,8.2,41.01,4.02,9.12,2025-04-18,2025-10-16
502635,56,516.7,9.23,46.13,4.12,15.63,2025-04-18,2025-07-04
422037,80,516.46,6.46,32.28,3.82,7.38,2025-04-18,2025-10-16
507052,64,516.35,8.07,40.34,7.35,8.55,2025-04-18,2025-09-23
502994,42,516.24,12.29,61.46,4.0,12.85,2025-04-21,2025-10-11
419994,42,516.09,12.29,61.44,4.92,12.57,2025-04-22,2025-10-11
203198,59,516.06,8.75,43.73,6.72,10.05,2025-04-21,2025-09-26
414362,44,516.06,11.73,58.64,9.62,13.17,2025-04-22,2025-10-10
410158,43,516.05,12.0,60.01,0.12,13.05,2025-04-22,2025-10-15
103750,65,515.87,7.94,39.68,2.02,9.23,2025-04-18,2025-10-14
502102,43,515.83,12.0,59.98,5.12,12.9,2025-04-18,2025-10-10
408100,41,515.56,12.57,62.87,12.0,12.93,2025-04-18,2025-10-10
102623,61,515.49,8.45,42.25,8.0,10.57,2025-04-18,2025-09-24
113279,48,515.17,10.73,53.66,5.08,13.37,2025-04-18,2025-10-07
113029,42,515.03,12.26,61.31,4.0,14.48,2025-04-18,2025-10-15
14753,99,514.93,5.2,26.01,2.72,16.0,2025-04-18,2025-10-11
422610,76,514.87,6.77,33.87,4.03,7.1,2025-04-18,2025-10-16
422742,41,514.63,12.55,62.76,8.77,13.67,2025-04-18,2025-10-05
101207,65,514.5,7.92,39.58,7.5,8.5,2025-04-18,2025-09-26
105311,46,514.49,11.18,55.92,4.52,13.53,2025-04-28,2025-10-16
201818,48,514.46,10.72,53.59,3.6,16.57,2025-04-18,2025-10-03
201576,52,514.44,9.89,49.47,4.12,10.7,2025-04-21,2025-10-15
400234,60,514.43,8.57,42.87,4.83,10.83,2025-04-18,2025-09-19
414244,41,514.38,12.55,62.73,12.0,13.55,2025-04-18,2025-10-10
415033,42,514.28,12.24,61.22,4.42,12.87,2025-04-23,2025-10-08
415896,46,514.23,11.18,55.89,8.0,13.62,2025-04-21,2025-09-26
202692,41,514.2,12.54,62.71,9.95,13.17,2025-04-22,2025-10-15
507438,48,514.04,10.71,53.55,4.0,13.13,2025-04-19,2025-07-29
504828,59,513.78,8.71,43.54,7.0,14.47,2025-04-18,2025-09-24
203933,51,513.62,10.07,50.35,8.0,10.62,2025-04-22,2025-10-16
401167,41,513.26,12.52,62.59,12.0,12.88,2025-04-19,2025-10-14
419300,42,513.18,12.22,61.09,4.0,13.03,2025-04-21,2025-10-11
417126,52,513.04,9.87,49.33,3.0,10.53,2025-04-21,2025-10-16
105569,61,512.96,8.41,42.05,5.95,9.38,2025-04-18,2025-07-11
113473,44,512.95,11.66,58.29,0.2,13.15,2025-04-21,2025-10-10
503299,51,512.88,10.06,50.28,4.0,10.65,2025-04-22,2025-10-10
503781,56,512.87,9.16,45.79,5.38,16.13,2025-04-18,2025-07-04
102262,52,512.8,9.86,49.31,1.0,14.17,2025-04-19,2025-09-24
506150,58,512.72,8.84,44.2,5.97,20.5,2025-04-18,2025-10-15
414444,42,512.71,12.21,61.04,4.27,18.23,2025-04-18,2025-09-26
506595,51,512.44,10.05,50.24,1.25,12.77,2025-04-18,2025-10-02
105415,42,512.4,12.2,61.0,7.9,13.37,2025-04-18,2025-09-24
506663,50,512.37,10.25,51.24,4.4,12.58,2025-04-18,2025-10-10
502953,52,512.15,9.85,49.25,1.35,19.9,2025-04-18,2025-09-18
204492,63,511.93,8.13,40.63,1.6,9.13,2025-04-18,2025-10-16
416001,53,511.89,9.66,48.29,7.27,16.57,2025-04-18,2025-09-26
201237,45,511.8,11.37,56.87,4.0,14.0,2025-04-21,2025-10-09
418654,58,511.66,8.82,44.11,7.33,10.83,2025-04-18,2025-07-08
105149,65,511.5,7.87,39.35,4.0,8.0,2025-04-18,2025-09-26
502881,47,511.04,10.87,54.37,5.0,13.07,2025-04-18,2025-09-24
420748,61,510.95,8.38,41.88,6.23,9.53,2025-04-18,2025-10-16
204449,41,510.79,12.46,62.29,11.5,12.88,2025-04-22,2025-10-14
506850,50,510.75,10.22,51.08,7.33,20.5,2025-04-18,2025-10-15
506622,58,510.74,8.81,44.03,6.6,12.45,2025-04-18,2025-07-08
507734,61,510.55,8.37,41.85,4.28,9.38,2025-04-18,2025-07-11
507823,61,510.22,8.36,41.82,3.75,9.58,2025-05-05,2025-10-16
419086,41,510.21,12.44,62.22,4.5,16.72,2025-04-20,2025-10-16
419718,41,510.15,12.44,62.21,4.0,13.1,2025-04-18,2025-09-28
421540,62,510.12,8.23,41.14,0.02,9.62,2025-04-18,2025-09-24
101549,64,510.0,7.97,39.84,7.5,8.0,2025-04-18,2025-09-25
409990,41,509.93,12.44,62.19,8.0,13.18,2025-04-18,2025-10-10
101312,58,509.86,8.79,43.95,8.4,16.5,2025-04-19,2025-10-16
414820,43,509.83,11.86,59.28,2.0,13.13,2025-04-18,2025-10-13
200553,54,509.71,9.44,47.2,3.0,10.88,2025-04-18,2025-10-09
409358,42,509.64,12.13,60.67,5.02,12.85,2025-04-20,2025-10-06
419218,60,509.56,8.49,42.46,2.35,9.87,2025-04-18,2025-09-30
413649,64,509.55,7.96,39.81,4.0,9.15,2025-04-21,2025-10-16
503779,65,509.42,7.84,39.19,3.92,8.3,2025-04-18,2025-10-14
506845,51,509.32,9.99,49.93,4.0,12.65,2025-04-22,2025-10-07
505309,59,509.28,8.63,43.16,3.27,15.33,2025-04-19,2025-09-25
500967,51,509.23,9.98,49.92,4.47,17.05,2025-04-26,2025-09-28
505026,48,509.23,10.61,53.04,2.35,13.33,2025-04-18,2025-09-26
101324,65,509.14,7.83,39.16,3.63,8.15,2025-04-19,2025-09-24
401686,55,508.96,9.25,46.27,8.0,9.5,2025-04-18,2025-07-08
503812,46,508.94,11.06,55.32,1.75,12.7,2025-04-21,2025-10-10
508066,62,508.88,8.21,41.04,3.0,8.75,2025-05-19,2025-10-16
400909,54,508.83,9.42,47.11,0.5,11.13,2025-04-18,2025-10-06
103510,41,508.83,12.41,62.05,4.43,19.95,2025-04-26,2025-10-11
105215,64,508.8,7.95,39.75,0.38,12.52,2025-04-18,2025-09-27
507672,61,508.63,8.34,41.69,5.0,14.77,2025-04-18,2025-09-26
414355,62,508.62,8.2,41.02,2.5,11.68,2025-04-18,2025-10-15
503367,49,508.6,10.38,51.9,10.0,10.53,2025-04-21,2025-09-24
504929,41,508.5,12.4,62.01,8.62,15.93,2025-04-21,2025-10-10
420168,49,508.41,10.38,51.88,1.25,24.0,2025-04-18,2025-09-26
500624,48,508.23,10.59,52.94,1.73,13.45,2025-04-20,2025-10-10
400980,82,508.19,6.2,30.99,2.5,6.78,2025-04-18,2025-10-16
301934,49,508.03,10.37,51.84,8.13,11.3,2025-04-18,2025-10-10
406741,58,507.93,8.76,43.79,6.0,10.5,2025-04-18,2025-07-08
104553,45,507.84,11.29,56.43,1.0,13.5,2025-04-18,2025-09-28
202410,46,507.78,11.04,55.19,1.5,12.85,2025-04-22,2025-10-11
336044,52,507.72,9.76,48.82,6.5,13.28,2025-04-18,2025-10-16
201082,62,507.7,8.19,40.94,6.5,10.12,2025-04-21,2025-10-16
105305,42,507.61,12.09,60.43,5.45,12.62,2025-04-19,2025-10-11
506368,41,507.43,12.38,61.88,7.25,16.02,2025-04-19,2025-09-23
417764,52,507.38,9.76,48.79,3.2,16.1,2025-04-18,2025-09-24
418406,56,507.12,9.06,45.28,3.03,11.52,2025-04-18,2025-10-09
411297,40,507.01,12.68,63.38,12.0,16.1,2025-04-18,2025-10-16
205110,50,506.93,10.14,50.69,4.97,14.0,2025-04-18,2025-10-11
505084,62,506.88,8.18,40.88,4.35,8.88,2025-04-18,2025-09-24
402153,67,506.48,7.56,37.8,1.55,10.0,2025-04-18,2025-10-15
409268,63,506.48,8.04,40.2,1.25,9.88,2025-04-18,2025-09-24
408118,46,506.34,11.01,55.04,4.0,12.83,2025-04-20,2025-10-08
503976,74,506.08,6.84,34.19,3.0,10.1,2025-04-18,2025-10-16
503952,49,505.75,10.32,51.61,9.57,10.5,2025-04-18,2025-10-16
101817,61,505.61,8.29,41.44,7.83,12.17,2025-04-18,2025-09-23
502863,41,505.58,12.33,61.66,12.0,12.5,2025-04-21,2025-10-09
506486,80,505.44,6.32,31.59,4.57,8.17,2025-04-18,2025-10-16
101492,53,505.0,9.53,47.64,5.75,13.05,2025-04-18,2025-09-17
421492,61,504.99,8.28,41.39,1.6,9.53,2025-04-18,2025-10-08
301410,44,504.93,11.48,57.38,4.58,12.73,2025-04-21,2025-10-15
406880,41,504.92,12.32,61.58,4.58,17.0,2025-04-21,2025-10-15
101712,60,504.9,8.42,42.08,8.0,8.5,2025-04-18,2025-09-24
502215,44,504.61,11.47,57.34,0.67,13.18,2025-04-24,2025-10-10
501159,49,504.33,10.29,51.46,8.0,11.47,2025-04-18,2025-07-08
105136,49,504.29,10.29,51.46,8.4,13.3,2025-04-18,2025-10-12
421336,52,504.24,9.7,48.48,1.5,12.57,2025-04-18,2025-07-08
407032,93,504.14,5.42,27.1,0.73,10.27,2025-04-18,2025-10-16
505794,54,504.01,9.33,46.67,0.18,12.5,2025-04-18,2025-10-16
502139,49,503.92,10.28,51.42,4.0,13.77,2025-04-18,2025-09-24
406901,54,503.86,9.33,46.65,4.0,10.97,2025-04-22,2025-09-30
201841,50,503.49,10.07,50.35,6.13,10.72,2025-04-21,2025-09-24
422098,42,503.46,11.99,59.94,4.97,12.65,2025-04-19,2025-10-14
201587,60,503.43,8.39,41.95,5.92,8.65,2025-04-18,2025-10-10
113292,60,503.32,8.39,41.94,5.3,8.52,2025-04-21,2025-10-09
507434,50,503.21,10.06,50.32,1.57,18.73,2025-04-18,2025-09-23
421678,49,503.15,10.27,51.34,2.0,10.85,2025-04-18,2025-07-11
507557,51,503.05,9.86,49.32,0.47,13.6,2025-04-18,2025-10-10
506485,82,503.02,6.13,30.67,3.15,8.62,2025-04-18,2025-10-16
502106,53,502.95,9.49,47.45,7.7,11.83,2025-04-18,2025-07-01
422123,40,502.74,12.57,62.84,12.0,12.87,2025-04-18,2025-10-14
200708,49,502.6,10.26,51.29,3.78,12.17,2025-04-21,2025-10-15
202725,48,502.42,10.47,52.34,6.0,13.82,2025-04-18,2025-10-10
202819,50,502.22,10.04,50.22,3.73,12.8,2025-04-22,2025-10-09
102479,85,502.06,5.91,29.53,3.53,9.57,2025-04-18,2025-10-16
104201,49,501.92,10.24,51.22,5.82,12.72,2025-04-19,2025-10-15
336732,61,501.91,8.23,41.14,2.03,8.63,2025-04-18,2025-07-25
203842,48,501.82,10.45,52.27,1.88,12.73,2025-04-18,2025-10-03
507302,58,501.75,8.65,43.25,6.58,10.67,2025-04-18,2025-07-08
507764,40,501.72,12.54,62.72,4.0,13.95,2025-04-18,2025-10-06
202247,48,501.4,10.45,52.23,8.0,13.05,2025-04-21,2025-10-09
420112,58,501.34,8.64,43.22,4.08,10.13,2025-04-18,2025-07-08
104430,59,501.25,8.5,42.48,1.85,16.43,2025-04-18,2025-10-15
505126,59,501.22,8.5,42.48,7.13,14.53,2025-04-18,2025-07-08
200731,40,501.01,12.53,62.63,11.98,17.1,2025-04-23,2025-10-14
507429,66,500.67,7.59,37.93,1.93,9.28,2025-04-18,2025-09-24
422142,42,500.66,11.92,59.6,8.0,14.62,2025-04-20,2025-09-22
203094,66,500.66,7.59,37.93,5.42,8.55,2025-04-18,2025-09-24
505842,43,500.63,11.64,58.21,4.02,13.27,2025-04-19,2025-10-11
105446,66,500.5,7.58,37.92,3.0,12.0,2025-04-18,2025-09-27
201727,44,500.48,11.37,56.87,4.1,13.27,2025-04-22,2025-10-09
507775,59,500.4,8.48,42.41,8.0,8.62,2025-04-18,2025-07-14
103919,57,500.33,8.78,43.89,1.0,11.43,2025-04-18,2025-09-26
415885,46,500.23,10.87,54.37,1.0,17.12,2025-04-18,2025-09-28
200360,58,500.13,8.62,43.11,4.78,10.53,2025-04-18,2025-10-16
418288,45,500.13,11.11,55.57,0.5,13.0,2025-04-21,2025-09-25
406702,46,500.1,10.87,54.36,0.23,13.23,2025-04-18,2025-09-30
402930,40,500.01,12.5,62.5,12.0,12.92,2025-04-21,2025-10-11
408137,51,499.57,9.8,48.98,1.0,13.43,2025-04-18,2025-10-10
409922,58,499.56,8.61,43.07,7.47,13.85,2025-04-18,2025-07-08
202051,63,499.54,7.93,39.65,3.67,10.17,2025-04-18,2025-09-24
420659,60,499.39,8.32,41.62,4.0,8.6,2025-04-18,2025-09-24
406330,42,499.35,11.89,59.45,1.25,12.8,2025-04-21,2025-10-10
103047,49,499.32,10.19,50.95,0.95,15.27,2025-04-18,2025-09-25
101191,62,499.03,8.05,40.24,2.18,9.28,2025-04-21,2025-10-09
418819,51,499.03,9.78,48.92,0.02,14.72,2025-04-21,2025-09-24
411958,50,498.79,9.98,49.88,7.62,10.68,2025-04-21,2025-10-16
407077,40,498.54,12.46,62.32,7.6,13.48,2025-04-18,2025-09-25
420195,53,498.49,9.41,47.03,1.12,12.98,2025-04-21,2025-09-26
334391,43,498.25,11.59,57.94,1.0,12.87,2025-04-21,2025-10-16
102598,68,498.11,7.33,36.63,1.0,12.1,2025-04-18,2025-10-14
505331,42,498.07,11.86,59.29,1.0,13.03,2025-04-18,2025-06-30
105300,59,498.06,8.44,42.21,8.0,9.1,2025-04-18,2025-07-11
300959,59,497.92,8.44,42.2,8.0,8.83,2025-04-18,2025-09-24
402883,39,497.9,12.77,63.83,12.0,16.42,2025-04-18,2025-10-15
506497,82,497.78,6.07,30.35,3.03,8.27,2025-04-18,2025-10-16
505359,58,497.68,8.58,42.9,6.7,9.38,2025-04-18,2025-07-08
102047,82,497.58,6.07,30.34,2.0,11.57,2025-04-18,2025-09-27
506289,58,497.52,8.58,42.89,7.0,9.55,2025-04-18,2025-07-08
502446,59,497.27,8.43,42.14,7.68,8.77,2025-04-18,2025-07-11
414631,72,496.77,6.9,34.5,6.0,9.12,2025-04-18,2025-10-16
507641,42,496.77,11.83,59.14,5.5,13.02,2025-04-21,2025-10-15
414989,60,496.63,8.28,41.39,0.48,13.72,2025-04-18,2025-09-24
409339,41,496.29,12.1,60.52,4.0,13.07,2025-04-22,2025-10-07
105478,63,496.0,7.87,39.37,5.5,8.0,2025-04-18,2025-09-24
406304,46,495.91,10.78,53.9,1.0,12.67,2025-04-21,2025-10-10
102104,62,495.88,8.0,39.99,1.77,11.68,2025-04-18,2025-09-24
202552,43,495.88,11.53,57.66,1.75,12.87,2025-04-21,2025-10-11
203831,42,495.84,11.81,59.03,1.0,12.93,2025-04-19,2025-10-16
202173,52,495.75,9.53,47.67,3.02,14.05,2025-04-21,2025-09-24
400910,49,495.67,10.12,50.58,2.17,16.47,2025-04-18,2025-09-22
419876,50,495.35,9.91,49.54,2.0,12.58,2025-04-19,2025-10-07
507320,58,495.24,8.54,42.69,4.75,16.52,2025-04-18,2025-07-07
303193,39,495.24,12.7,63.49,12.0,13.2,2025-04-19,2025-10-11
401053,62,495.0,7.98,39.92,3.98,8.7,2025-04-18,2025-10-10
405942,40,494.98,12.37,61.87,12.0,12.5,2025-04-21,2025-10-11
507091,55,494.84,9.0,44.99,3.25,10.67,2025-04-18,2025-10-16
502168,60,494.79,8.25,41.23,3.5,9.42,2025-04-18,2025-09-22
502966,45,494.79,11.0,54.98,3.25,14.7,2025-04-18,2025-09-26
105474,58,494.68,8.53,42.64,2.8,16.53,2025-05-27,2025-10-16
500678,40,494.65,12.37,61.83,11.48,12.77,2025-04-18,2025-10-08
421734,58,494.65,8.53,42.64,8.0,11.07,2025-04-18,2025-07-08
501928,41,494.64,12.06,60.32,4.0,13.25,2025-04-18,2025-10-10
504889,50,494.49,9.89,49.45,4.67,10.52,2025-04-21,2025-09-23
203190,53,494.38,9.33,46.64,1.75,12.0,2025-04-21,2025-09-23
104038,48,494.38,10.3,51.5,1.6,24.0,2025-04-18,2025-10-10
101879,50,494.34,9.89,49.43,2.87,13.5,2025-04-21,2025-09-25
505653,57,494.32,8.67,43.36,1.85,11.52,2025-04-18,2025-07-07
112620,48,494.32,10.3,51.49,4.95,13.33,2025-04-21,2025-10-09
502660,57,494.3,8.67,43.36,6.0,13.3,2025-04-18,2025-09-29
507024,61,494.14,8.1,40.5,3.75,10.12,2025-04-18,2025-09-18
506594,58,494.03,8.52,42.59,4.88,9.3,2025-04-18,2025-07-08
105513,58,493.92,8.52,42.58,8.0,8.8,2025-04-18,2025-07-08
335284,49,493.7,10.08,50.38,6.52,11.88,2025-04-18,2025-09-25
102204,61,493.55,8.09,40.45,4.18,8.7,2025-04-19,2025-10-15
404007,44,493.54,11.22,56.08,3.0,14.02,2025-04-18,2025-10-16
504396,58,493.53,8.51,42.55,7.2,9.98,2025-04-18,2025-07-08
502003,48,493.43,10.28,51.4,3.4,13.02,2025-04-18,2025-09-25
102005,59,493.24,8.36,41.8,4.5,10.02,2025-04-18,2025-09-14
203841,46,493.23,10.72,53.61,0.1,16.2,2025-04-22,2025-09-24
405251,47,492.86,10.49,52.43,3.02,15.43,2025-04-18,2025-10-03
101264,81,492.78,6.08,30.42,5.88,9.03,2025-04-18,2025-10-16
501063,56,492.68,8.8,43.99,8.0,9.17,2025-04-18,2025-07-04
419950,39,492.67,12.63,63.16,12.42,13.25,2025-04-24,2025-10-16
405847,39,492.66,12.63,63.16,12.0,14.38,2025-04-18,2025-10-13
406373,45,492.61,10.95,54.73,8.0,12.68,2025-04-21,2025-10-08
414204,48,492.48,10.26,51.3,2.0,10.63,2025-04-21,2025-10-16
502346,45,492.28,10.94,54.7,4.65,13.13,2025-04-19,2025-10-16
502529,59,492.0,8.34,41.69,6.47,9.48,2025-04-18,2025-07-08
102646,43,491.96,11.44,57.2,4.55,24.0,2025-04-20,2025-09-23
408839,41,491.95,12.0,59.99,0.75,14.98,2025-04-18,2025-10-13
418527,72,491.8,6.83,34.15,1.08,24.0,2025-04-21,2025-10-16
334292,41,491.47,11.99,59.94,3.5,12.93,2025-04-22,2025-10-11
420109,58,491.13,8.47,42.34,4.03,11.15,2025-04-18,2025-07-08
4029,45,490.99,10.91,54.55,2.08,13.08,2025-04-18,2025-09-24
101361,40,490.95,12.27,61.37,6.38,15.9,2025-04-18,2025-10-10
500538,57,490.83,8.61,43.06,8.0,15.48,2025-04-18,2025-07-04
200456,35,490.64,14.02,70.09,9.0,14.57,2025-04-19,2025-10-12
505494,47,490.35,10.43,52.16,9.57,10.63,2025-04-18,2025-07-08
200910,58,490.32,8.45,42.27,8.0,8.58,2025-04-18,2025-07-08
201519,41,490.28,11.96,59.79,4.0,12.87,2025-04-18,2025-10-11
102269,46,490.27,10.66,53.29,0.68,13.48,2025-04-19,2025-10-12
416269,47,490.23,10.43,52.15,8.45,10.52,2025-04-18,2025-10-09
406144,43,490.19,11.4,57.0,1.0,16.5,2025-04-19,2025-10-11
417693,41,490.18,11.96,59.78,4.0,13.07,2025-04-19,2025-10-16
504923,57,490.0,8.6,42.98,8.0,12.5,2025-04-18,2025-07-05
415173,39,489.9,12.56,62.81,1.97,13.85,2025-04-18,2025-09-21
101489,66,489.81,7.42,37.11,1.98,10.97,2025-04-18,2025-09-24
200402,47,489.66,10.42,52.09,2.87,12.77,2025-04-18,2025-10-03
417203,40,489.61,12.24,61.2,6.3,12.95,2025-04-18,2025-10-12
419465,45,489.27,10.87,54.36,0.8,13.35,2025-04-23,2025-10-10
418545,49,489.24,9.98,49.92,2.58,12.87,2025-04-18,2025-10-10
105456,59,489.23,8.29,41.46,4.2,11.5,2025-04-19,2025-10-16
304131,61,489.08,8.02,40.09,2.23,11.08,2025-04-18,2025-07-08
116235,48,488.95,10.19,50.93,3.28,12.58,2025-04-18,2025-10-08
410531,57,488.88,8.58,42.88,2.5,12.0,2025-04-21,2025-09-25
507876,42,488.72,11.64,58.18,4.0,13.03,2025-05-12,2025-10-16
205221,45,488.67,10.86,54.3,4.0,12.87,2025-04-18,2025-10-10
202693,48,488.58,10.18,50.89,3.0,11.63,2025-04-18,2025-10-09
335031,56,488.56,8.72,43.62,8.0,10.93,2025-04-18,2025-07-04
200384,36,488.5,13.57,67.85,7.5,24.0,2025-04-22,2025-07-07
505217,58,488.47,8.42,42.11,5.35,9.3,2025-04-18,2025-07-08
507183,41,488.46,11.91,59.57,8.3,12.55,2025-04-21,2025-09-25
507027,79,488.38,6.18,30.91,2.3,12.5,2025-04-18,2025-10-16
101325,41,488.36,11.91,59.56,1.0,13.08,2025-04-18,2025-10-12
413589,48,488.33,10.17,50.87,2.0,10.98,2025-04-18,2025-09-24
119670,93,488.1,5.25,26.24,0.1,13.08,2025-04-18,2025-10-16
102924,42,488.0,11.62,58.1,4.0,12.38,2025-04-18,2025-09-23
410618,61,488.0,8.0,40.0,8.0,8.0,2025-04-18,2025-07-11
506929,58,487.98,8.41,42.07,7.25,9.07,2025-04-18,2025-07-08
418451,58,487.63,8.41,42.04,8.0,9.0,2025-04-18,2025-07-08
203002,59,487.62,8.26,41.32,1.6,14.08,2025-04-18,2025-10-03
422168,59,487.5,8.26,41.31,0.6,12.5,2025-04-18,2025-10-10
422131,56,487.27,8.7,43.51,8.0,15.03,2025-04-18,2025-06-27
301254,48,487.2,10.15,50.75,2.22,13.77,2025-04-18,2025-10-10
503212,48,487.09,10.15,50.74,8.0,12.4,2025-04-21,2025-09-14
508062,41,486.96,11.88,59.39,4.0,12.9,2025-05-05,2025-10-08
405110,57,486.91,8.54,42.71,3.87,13.78,2025-04-18,2025-07-07
334060,59,486.83,8.25,41.26,1.38,16.65,2025-04-23,2025-10-14
412554,42,486.78,11.59,57.95,1.0,13.25,2025-04-21,2025-10-14
401222,39,486.77,12.48,62.41,11.0,13.63,2025-04-19,2025-10-10
200908,48,486.77,10.14,50.71,3.33,25.6,2025-04-18,2025-10-07
506897,47,486.77,10.36,51.78,4.38,12.6,2025-04-23,2025-10-11
202711,54,486.63,9.01,45.06,1.0,11.0,2025-04-22,2025-10-16
417735,41,486.63,11.87,59.35,4.03,12.9,2025-04-23,2025-10-07
200949,57,486.12,8.53,42.64,8.0,11.62,2025-04-18,2025-07-07
200350,48,486.07,10.13,50.63,1.0,13.68,2025-04-18,2025-07-04
404819,41,486.0,11.85,59.27,2.98,13.58,2025-04-18,2025-10-08
504772,58,485.92,8.38,41.89,8.0,8.67,2025-04-18,2025-10-14
403469,48,485.65,10.12,50.59,4.0,11.52,2025-04-18,2025-10-02
333926,41,485.64,11.84,59.22,1.5,16.0,2025-04-20,2025-10-09
420156,57,485.56,8.52,42.59,6.77,15.62,2025-04-18,2025-07-08
503653,56,485.5,8.67,43.35,8.0,10.0,2025-04-18,2025-07-04
503293,57,485.45,8.52,42.58,8.0,9.23,2025-04-18,2025-10-14
501261,57,485.4,8.52,42.58,5.55,11.3,2025-04-18,2025-07-08
12828,80,485.16,6.06,30.32,6.0,7.5,2025-04-18,2025-10-16
104383,58,485.04,8.36,41.81,4.02,8.67,2025-04-18,2025-07-08
420640,60,485.03,8.08,40.42,0.5,9.12,2025-04-18,2025-07-08
508371,58,484.97,8.36,41.81,6.97,9.27,2025-05-19,2025-10-16
416658,61,484.89,7.95,39.75,2.0,10.62,2025-04-18,2025-09-19
408639,47,484.87,10.32,51.58,8.1,10.63,2025-04-21,2025-10-09
416646,49,484.78,9.89,49.47,0.23,16.5,2025-04-22,2025-10-03
408265,56,484.78,8.66,43.28,4.7,9.53,2025-04-22,2025-10-16
507115,57,484.74,8.5,42.52,5.77,11.48,2025-04-18,2025-09-26
503597,47,484.69,10.31,51.56,2.0,10.68,2025-04-18,2025-07-08
501139,43,484.65,11.27,56.35,8.0,12.63,2025-04-19,2025-08-06
502005,47,484.6,10.31,51.55,6.88,24.0,2025-04-21,2025-09-27
501150,58,484.59,8.36,41.78,4.97,9.68,2025-04-18,2025-07-08
204867,56,484.53,8.65,43.26,8.0,10.1,2025-04-18,2025-07-04
413551,60,484.47,8.07,40.37,4.98,11.75,2025-04-18,2025-09-22
116032,39,484.36,12.42,62.1,8.0,16.35,2025-04-19,2025-10-10
204518,40,483.76,12.09,60.47,4.0,12.92,2025-04-21,2025-10-09
401601,39,483.61,12.4,62.0,4.8,13.03,2025-04-20,2025-10-16
500437,41,483.61,11.8,58.98,4.0,12.72,2025-04-19,2025-10-16
200681,55,483.59,8.79,43.96,6.43,9.55,2025-04-18,2025-07-03
111809,57,483.55,8.48,42.42,6.12,8.88,2025-04-18,2025-07-08
200446,43,483.52,11.24,56.22,8.0,17.12,2025-04-20,2025-09-23
417750,40,483.32,12.08,60.42,0.48,16.1,2025-04-18,2025-07-06
335462,56,483.16,8.63,43.14,5.07,24.0,2025-04-18,2025-06-30
406943,56,482.95,8.62,43.12,8.0,8.9,2025-04-18,2025-07-04
203282,48,482.94,10.06,50.31,7.53,11.28,2025-04-18,2025-10-09
507146,58,482.93,8.33,41.63,3.77,8.75,2025-04-18,2025-07-08
505315,54,482.83,8.94,44.71,2.72,15.32,2025-04-18,2025-07-03
506488,48,482.79,10.06,50.29,2.0,10.78,2025-04-21,2025-10-09
13328,59,482.74,8.18,40.91,1.75,10.18,2025-04-18,2025-07-07
506047,48,482.71,10.06,50.28,2.0,10.73,2025-04-18,2025-07-08
422404,41,482.67,11.77,58.86,0.52,12.68,2025-04-19,2025-10-12
202872,45,482.37,10.72,53.6,1.5,11.72,2025-04-18,2025-09-30
104628,51,482.3,9.46,47.28,6.2,15.85,2025-04-18,2025-09-23
421883,57,481.88,8.45,42.27,4.22,15.23,2025-04-18,2025-07-07
407680,60,481.85,8.03,40.15,6.07,15.72,2025-04-18,2025-09-24
119449,40,481.7,12.04,60.21,1.25,13.05,2025-04-21,2025-10-11
201080,55,481.53,8.76,43.78,6.6,15.28,2025-04-18,2025-09-29
336528,60,481.5,8.03,40.13,4.07,9.58,2025-04-18,2025-07-11
407343,48,481.48,10.03,50.15,1.77,10.55,2025-04-18,2025-09-27
408291,58,481.46,8.3,41.51,5.15,9.18,2025-04-18,2025-07-08
504932,60,481.35,8.02,40.11,4.32,9.88,2025-04-18,2025-09-18
200220,47,481.27,10.24,51.2,5.13,12.43,2025-04-21,2025-10-15
112419,59,480.99,8.15,40.76,4.1,8.82,2025-04-18,2025-10-16
421880,39,480.9,12.33,61.65,9.25,12.75,2025-04-24,2025-07-09
421505,57,480.88,8.44,42.18,7.0,13.98,2025-04-18,2025-09-24
200218,59,480.76,8.15,40.74,3.42,11.92,2025-04-21,2025-09-24
418283,40,480.64,12.02,60.08,4.0,19.0,2025-04-18,2025-10-09
414186,38,480.32,12.64,63.2,12.0,13.22,2025-04-19,2025-10-11
504767,56,480.27,8.58,42.88,8.0,9.4,2025-05-26,2025-10-16
409597,63,480.26,7.62,38.12,0.07,8.38,2025-04-18,2025-09-24
503911,58,480.04,8.28,41.38,5.97,8.72,2025-04-18,2025-07-08
410817,49,479.87,9.79,48.97,1.92,10.83,2025-04-18,2025-10-14
415047,39,479.85,12.3,61.52,4.0,13.1,2025-04-23,2025-10-07
410552,38,479.78,12.63,63.13,4.42,20.0,2025-04-19,2025-07-19
422599,58,479.62,8.27,41.35,3.9,9.23,2025-04-18,2025-07-08
201182,47,478.97,10.19,50.95,8.07,11.37,2025-04-18,2025-10-10
202025,63,478.81,7.6,38.0,1.18,13.02,2025-04-18,2025-09-26
414705,41,478.59,11.67,58.36,8.0,12.68,2025-04-21,2025-09-24
413043,38,478.49,12.59,62.96,12.0,13.13,2025-04-21,2025-10-11
419759,44,478.47,10.87,54.37,2.67,24.0,2025-04-18,2025-09-27
202653,40,478.28,11.96,59.79,1.5,16.52,2025-04-19,2025-10-11
101869,61,478.0,7.84,39.18,4.0,8.0,2025-04-18,2025-09-26
412492,52,477.95,9.19,45.96,2.97,10.25,2025-04-20,2025-09-27
417397,55,477.88,8.69,43.44,4.92,11.33,2025-04-21,2025-09-24
104902,55,477.83,8.69,43.44,0.15,13.5,2025-04-18,2025-09-26
400272,39,477.81,12.25,61.26,5.03,12.77,2025-04-19,2025-10-16
200732,51,477.47,9.36,46.81,1.28,15.23,2025-04-21,2025-09-24
503990,43,477.44,11.1,55.52,4.0,12.8,2025-04-19,2025-10-13
507553,58,477.32,8.23,41.15,6.8,9.0,2025-04-18,2025-09-26
506575,58,477.07,8.23,41.13,4.02,8.58,2025-04-18,2025-07-08
502263,46,476.87,10.37,51.83,9.52,10.9,2025-04-18,2025-07-08
408101,39,476.72,12.22,61.12,6.0,12.87,2025-04-19,2025-10-12
412555,38,476.61,12.54,62.71,12.0,13.13,2025-04-19,2025-10-11
506878,40,476.36,11.91,59.54,7.0,13.15,2025-04-19,2025-10-06
506258,58,476.06,8.21,41.04,2.92,8.63,2025-04-18,2025-07-08
422483,39,476.04,12.21,61.03,12.0,14.72,2025-04-21,2025-10-11
201038,39,475.78,12.2,61.0,4.8,12.97,2025-04-21,2025-10-16
405786,55,475.76,8.65,43.25,7.68,10.2,2025-04-18,2025-07-08
417643,42,475.67,11.33,56.63,4.0,13.07,2025-04-19,2025-10-11
400758,56,475.55,8.49,42.46,8.0,8.67,2025-04-21,2025-10-13
335578,40,475.42,11.89,59.43,1.0,12.9,2025-04-18,2025-10-16
503819,42,475.2,11.31,56.57,8.05,16.53,2025-04-18,2025-10-11
503176,58,475.13,8.19,40.96,2.0,8.72,2025-04-18,2025-07-08
503038,57,475.05,8.33,41.67,5.73,9.12,2025-04-18,2025-07-07
119840,48,475.03,9.9,49.48,8.0,11.17,2025-04-21,2025-07-08
502794,58,475.02,8.19,40.95,1.68,8.72,2025-04-18,2025-07-08
413111,58,475.01,8.19,40.95,7.0,9.02,2025-04-21,2025-10-16
504191,39,474.72,12.17,60.86,4.62,12.87,2025-04-18,2025-10-11
421596,78,474.65,6.09,30.43,6.0,8.0,2025-04-18,2025-10-16
101080,59,474.63,8.04,40.22,6.87,9.47,2025-04-20,2025-10-16
421777,57,474.6,8.33,41.63,3.17,10.02,2025-04-18,2025-07-08
105210,81,474.58,5.86,29.3,5.0,6.5,2025-04-18,2025-10-16
200753,56,474.57,8.47,42.37,4.33,16.5,2025-04-18,2025-07-04
506831,59,474.49,8.04,40.21,4.0,16.9,2025-04-19,2025-10-16
200387,48,474.49,9.89,49.43,1.62,12.88,2025-04-18,2025-10-10
408738,38,474.45,12.49,62.43,12.0,12.83,2025-04-21,2025-10-05
400916,39,474.02,12.15,60.77,5.52,12.85,2025-04-18,2025-10-13
505253,58,473.95,8.17,40.86,3.58,8.82,2025-04-18,2025-07-08
503049,57,473.82,8.31,41.56,0.83,11.85,2025-04-18,2025-07-07
502648,43,473.77,11.02,55.09,1.38,13.0,2025-04-18,2025-10-02
102161,50,473.65,9.47,47.36,3.22,24.0,2025-04-21,2025-09-27
408889,58,473.65,8.17,40.83,1.05,9.07,2025-04-18,2025-09-24
505896,45,473.49,10.52,52.61,0.4,12.65,2025-04-19,2025-10-12
203663,40,473.45,11.84,59.18,4.0,13.78,2025-04-18,2025-09-24
500621,56,473.43,8.45,42.27,7.1,9.55,2025-04-20,2025-09-26
418420,39,473.27,12.14,60.68,4.0,12.75,2025-04-18,2025-10-13
14451,43,473.14,11.0,55.02,0.08,12.93,2025-04-18,2025-09-24
507744,58,472.99,8.16,40.78,2.52,9.57,2025-04-18,2025-07-08
507092,57,472.94,8.3,41.49,0.02,8.95,2025-04-18,2025-07-04
400030,40,472.69,11.82,59.09,3.75,12.73,2025-04-25,2025-10-11
502040,43,472.58,10.99,54.95,1.0,12.77,2025-04-19,2025-10-11
504452,39,472.49,12.12,60.58,4.0,15.15,2025-04-18,2025-07-06
203435,69,472.43,6.85,34.23,0.8,16.0,2025-04-18,2025-10-09
335999,72,472.4,6.56,32.81,1.5,12.1,2025-04-18,2025-09-24
410415,38,472.27,12.43,62.14,4.0,16.37,2025-04-20,2025-10-09
405469,38,472.11,12.42,62.12,8.62,13.03,2025-04-23,2025-10-15
506620,58,472.02,8.14,40.69,2.28,16.0,2025-04-18,2025-10-16
13735,74,472.0,6.38,31.89,3.62,12.77,2025-04-18,2025-10-16
205459,56,471.86,8.43,42.13,5.45,9.22,2025-04-18,2025-07-04
501830,58,471.65,8.13,40.66,2.98,9.3,2025-04-18,2025-07-04
101946,55,471.51,8.57,42.86,8.0,9.0,2025-04-21,2025-09-23
104860,58,471.5,8.13,40.65,4.0,10.0,2025-04-18,2025-07-04
113621,39,471.42,12.09,60.44,1.0,13.08,2025-04-22,2025-10-09
201266,38,471.38,12.4,62.02,8.57,13.08,2025-04-19,2025-10-11
504042,46,471.24,10.24,51.22,3.75,12.7,2025-04-19,2025-10-12
333896,39,470.9,12.07,60.37,2.0,13.23,2025-04-23,2025-09-23
504352,37,470.87,12.73,63.63,8.1,16.63,2025-04-20,2025-10-12
501155,58,470.74,8.12,40.58,3.02,8.53,2025-04-18,2025-07-08
105292,45,470.36,10.45,52.26,8.12,13.32,2025-04-18,2025-09-23
410664,56,470.14,8.4,41.98,4.48,11.43,2025-04-18,2025-09-23
408041,50,470.01,9.4,47.0,2.0,12.0,2025-04-21,2025-09-23
502377,47,470.0,10.0,50.0,10.0,10.0,2025-04-18,2025-07-08
505912,40,469.99,11.75,58.75,8.0,12.7,2025-04-18,2025-09-18
418444,58,469.92,8.1,40.51,3.28,9.37,2025-04-18,2025-07-08
507309,44,469.92,10.68,53.4,8.0,24.0,2025-04-22,2025-09-26
502578,62,469.75,7.58,37.88,0.15,8.57,2025-04-18,2025-09-26
103880,61,469.66,7.7,38.5,3.0,12.03,2025-04-18,2025-09-27
407398,40,469.58,11.74,58.7,4.0,13.47,2025-04-18,2025-10-16
105451,53,469.51,8.86,44.29,1.47,16.5,2025-04-18,2025-09-26
412343,56,469.45,8.38,41.92,8.0,9.0,2025-04-18,2025-07-04
105622,55,469.17,8.53,42.65,8.0,8.7,2025-04-22,2025-10-15
405270,57,469.07,8.23,41.15,3.17,17.05,2025-04-18,2025-06-27
500635,38,469.01,12.34,61.71,4.82,12.87,2025-04-18,2025-10-12
113165,55,468.78,8.52,42.62,4.38,11.58,2025-04-18,2025-10-15
101127,51,468.49,9.19,45.93,5.8,12.33,2025-04-20,2025-10-16
401392,51,468.49,9.19,45.93,8.0,9.82,2025-04-18,2025-06-27
507907,49,468.48,9.56,47.8,8.0,12.68,2025-05-12,2025-10-12
104634,57,468.31,8.22,41.08,3.5,10.58,2025-04-18,2025-07-03
503083,39,468.27,12.01,60.03,1.0,12.87,2025-04-24,2025-07-01
102144,57,468.09,8.21,41.06,4.15,16.0,2025-04-18,2025-10-16
418592,56,468.02,8.36,41.79,5.57,9.85,2025-04-18,2025-07-04
203499,55,468.02,8.51,42.55,7.67,8.85,2025-04-18,2025-09-26
410477,41,467.46,11.4,57.01,5.67,16.5,2025-04-28,2025-10-02
412644,58,467.42,8.06,40.29,5.0,9.18,2025-04-18,2025-07-08
506717,46,467.17,10.16,50.78,4.5,12.52,2025-04-18,2025-10-12
417968,45,467.08,10.38,51.9,3.92,12.83,2025-04-18,2025-07-31
507040,57,467.04,8.19,40.97,4.18,8.88,2025-04-18,2025-07-07
335184,47,466.75,9.93,49.65,1.25,13.37,2025-04-21,2025-10-06
503684,65,466.56,7.18,35.89,2.02,10.02,2025-04-18,2025-07-08
412134,37,466.52,12.61,63.04,2.05,14.55,2025-04-21,2025-10-06
111295,37,466.48,12.61,63.04,12.0,16.43,2025-04-22,2025-10-11
102448,56,466.43,8.33,41.65,6.0,9.15,2025-04-18,2025-08-11
101860,47,466.39,9.92,49.62,5.1,13.35,2025-04-23,2025-09-26
412558,38,466.29,12.27,61.35,5.25,13.25,2025-04-19,2025-10-10
105062,42,466.12,11.1,55.49,4.0,24.0,2025-04-18,2025-09-22
507179,38,465.93,12.26,61.31,11.57,12.67,2025-04-20,2025-07-05
405399,46,465.84,10.13,50.63,4.07,11.3,2025-04-21,2025-09-26
502738,38,465.82,12.26,61.29,11.47,12.7,2025-04-18,2025-07-09
508069,50,465.81,9.32,46.58,7.0,16.93,2025-05-13,2025-09-23
502745,45,465.71,10.35,51.75,0.12,12.5,2025-04-18,2025-10-15
412313,45,465.61,10.35,51.73,9.02,10.65,2025-04-21,2025-10-07
200607,53,465.5,8.78,43.92,4.0,14.5,2025-04-18,2025-07-01
406970,45,465.14,10.34,51.68,10.0,11.45,2025-04-18,2025-10-01
105099,53,464.8,8.77,43.85,1.0,12.45,2025-04-19,2025-10-16
204724,42,464.79,11.07,55.33,1.5,16.53,2025-04-22,2025-09-29
505913,42,464.69,11.06,55.32,8.08,16.55,2025-04-21,2025-10-11
104612,51,464.62,9.11,45.55,1.42,12.0,2025-04-18,2025-09-26
413309,42,464.53,11.06,55.3,1.0,13.23,2025-04-22,2025-09-23
508314,55,464.13,8.44,42.19,7.5,8.58,2025-05-27,2025-10-16
408303,38,463.9,12.21,61.04,2.32,13.62,2025-04-18,2025-10-16
411848,39,463.78,11.89,59.46,7.97,14.32,2025-04-18,2025-09-24
421311,43,463.73,10.78,53.92,0.75,12.5,2025-04-18,2025-10-05
201670,47,463.69,9.87,49.33,6.0,10.82,2025-04-21,2025-10-14
104150,41,463.44,11.3,56.52,1.0,12.32,2025-04-19,2025-08-01
105388,57,463.37,8.13,40.65,3.58,10.77,2025-04-18,2025-10-16
101809,39,463.2,11.88,59.38,4.87,13.1,2025-04-18,2025-09-25
422546,42,463.14,11.03,55.14,0.5,12.83,2025-04-18,2025-10-16
503047,47,463.0,9.85,49.26,5.83,10.82,2025-04-18,2025-10-16
507079,65,462.96,7.12,35.61,3.85,13.58,2025-04-18,2025-10-16
507331,56,462.89,8.27,41.33,3.7,8.62,2025-04-18,2025-07-04
505741,45,462.87,10.29,51.43,10.0,10.53,2025-04-21,2025-07-08
104574,53,462.81,8.73,43.66,5.7,10.73,2025-04-18,2025-09-23
412498,37,462.76,12.51,62.54,12.0,13.42,2025-04-21,2025-10-10
505737,45,462.75,10.28,51.42,9.07,10.72,2025-04-18,2025-07-04
200574,50,462.75,9.26,46.28,4.0,10.95,2025-04-21,2025-10-10
121888,51,462.72,9.07,45.36,4.0,15.02,2025-04-21,2025-09-24
503956,41,462.71,11.29,56.43,4.0,15.5,2025-04-18,2025-10-11
420081,56,462.67,8.26,41.31,5.58,9.32,2025-04-18,2025-07-04
404814,38,462.54,12.17,60.86,6.47,12.8,2025-04-19,2025-10-12
203990,45,462.26,10.27,51.36,2.82,12.0,2025-04-18,2025-09-22
104812,49,462.21,9.43,47.16,3.02,10.52,2025-04-18,2025-09-26
417355,56,462.18,8.25,41.27,8.0,8.97,2025-04-18,2025-07-04
334820,43,462.12,10.75,53.73,1.6,13.03,2025-04-22,2025-10-06
507631,39,462.11,11.85,59.24,2.88,12.5,2025-04-22,2025-10-12
203514,57,461.8,8.1,40.51,0.78,10.83,2025-04-20,2025-10-01
409502,59,461.66,7.82,39.12,2.23,9.4,2025-04-18,2025-09-22
416725,53,461.62,8.71,43.55,5.82,10.18,2025-04-18,2025-09-25
105412,58,461.61,7.96,39.79,2.0,8.5,2025-04-18,2025-07-05
410895,37,461.54,12.47,62.37,12.0,13.02,2025-04-19,2025-10-11
420211,37,461.32,12.47,62.34,8.28,16.52,2025-04-19,2025-10-16
406806,40,461.28,11.53,57.66,1.0,12.95,2025-04-18,2025-10-11
105398,45,461.27,10.25,51.25,4.82,12.5,2025-04-23,2025-09-29
417901,59,461.24,7.82,39.09,1.03,10.65,2025-04-18,2025-07-08
422406,56,461.02,8.23,41.16,6.6,8.77,2025-04-18,2025-07-04
503238,38,460.84,12.13,60.64,8.0,12.8,2025-04-20,2025-10-10
506867,49,460.76,9.4,47.02,5.0,15.6,2025-04-18,2025-10-08
503880,56,460.65,8.23,41.13,8.0,8.7,2025-04-18,2025-10-14
418834,55,460.64,8.38,41.88,4.15,9.03,2025-04-21,2025-10-16
503947,40,460.44,11.51,57.55,8.5,16.13,2025-04-18,2025-10-08
102639,46,460.12,10.0,50.01,3.0,24.0,2025-04-22,2025-09-21
400320,47,460.1,9.79,48.95,4.0,12.75,2025-04-21,2025-10-02
504018,37,460.04,12.43,62.17,12.0,12.83,2025-04-20,2025-10-15
501274,47,460.0,9.79,48.94,1.97,13.48,2025-04-18,2025-09-25
116685,38,459.96,12.1,60.52,0.02,13.15,2025-04-20,2025-10-16
505697,45,459.87,10.22,51.1,5.73,10.67,2025-04-18,2025-09-24
111743,45,459.59,10.21,51.07,4.0,13.08,2025-04-24,2025-10-10
304028,54,459.54,8.51,42.55,1.05,13.92,2025-04-21,2025-09-18
422325,54,459.44,8.51,42.54,8.0,8.93,2025-04-21,2025-10-09
508282,56,459.36,8.2,41.01,1.0,8.9,2025-05-19,2025-10-16
502662,40,459.13,11.48,57.39,6.0,12.52,2025-04-21,2025-10-03
102337,40,459.1,11.48,57.39,4.0,12.72,2025-04-18,2025-09-27
119644,39,458.94,11.77,58.84,8.43,12.9,2025-04-19,2025-10-12
502321,39,458.92,11.77,58.84,4.0,13.08,2025-04-21,2025-09-25
505822,52,458.77,8.82,44.11,0.02,16.5,2025-04-18,2025-06-21
200657,52,458.73,8.82,44.11,4.25,12.58,2025-04-21,2025-10-11
507379,40,458.68,11.47,57.33,7.15,12.18,2025-04-18,2025-09-21
410589,56,458.64,8.19,40.95,3.07,9.63,2025-04-18,2025-09-30
101471,53,458.58,8.65,43.26,4.5,10.6,2025-04-21,2025-10-16
422256,37,458.11,12.38,61.91,12.0,13.13,2025-04-18,2025-10-13
204567,56,457.8,8.18,40.88,2.67,8.82,2025-04-18,2025-10-16
411264,40,457.76,11.44,57.22,2.82,13.03,2025-04-21,2025-10-10
504806,52,457.74,8.8,44.01,1.03,20.05,2025-04-18,2025-09-24
508108,55,457.67,8.32,41.61,5.43,8.95,2025-05-05,2025-09-24
415533,53,457.56,8.63,43.17,1.0,10.9,2025-04-21,2025-09-24
506161,37,457.47,12.36,61.82,11.77,12.55,2025-04-18,2025-07-08
501921,55,457.3,8.31,41.57,4.48,9.32,2025-04-18,2025-07-07
421454,43,457.28,10.63,53.17,7.25,16.62,2025-04-19,2025-10-06
203300,51,457.02,8.96,44.81,7.0,10.0,2025-04-21,2025-09-24
201862,46,456.97,9.93,49.67,2.22,10.87,2025-04-18,2025-10-10
101798,54,456.85,8.46,42.3,8.0,8.7,2025-04-18,2025-07-08
506833,57,456.47,8.01,40.04,4.15,9.03,2025-04-18,2025-07-08
503181,52,456.23,8.77,43.87,1.0,16.47,2025-04-18,2025-10-15
506069,45,456.19,10.14,50.69,4.0,10.78,2025-04-18,2025-10-07
104118,41,455.93,11.12,55.6,3.4,14.57,2025-04-22,2025-10-12
203154,55,455.76,8.29,41.43,0.3,8.73,2025-04-18,2025-10-10
401230,41,455.71,11.11,55.57,3.0,12.93,2025-04-19,2025-07-18
103772,46,455.7,9.91,49.53,4.0,13.93,2025-04-19,2025-07-03
412580,76,455.54,5.99,29.97,5.92,6.07,2025-04-18,2025-10-10
505869,46,455.53,9.9,49.51,4.32,10.57,2025-04-18,2025-07-04
418883,37,455.5,12.31,61.55,8.38,12.7,2025-04-18,2025-10-10
418291,39,454.85,11.66,58.31,3.95,12.52,2025-04-18,2025-10-11
421855,56,454.52,8.12,40.58,2.42,15.32,2025-04-18,2025-07-07
102569,56,454.25,8.11,40.56,0.47,18.4,2025-05-28,2025-10-16
417234,50,454.13,9.08,45.41,6.17,15.73,2025-04-18,2025-07-08
412014,43,453.9,10.56,52.78,9.65,11.45,2025-04-21,2025-10-16
420714,54,453.83,8.4,42.02,5.4,8.63,2025-04-19,2025-09-27
419096,38,452.96,11.92,59.6,2.0,13.0,2025-04-20,2025-10-11
101369,47,452.74,9.63,48.16,5.0,11.03,2025-04-18,2025-09-26
501368,55,452.65,8.23,41.15,4.5,8.75,2025-04-18,2025-07-08
500445,38,452.64,11.91,59.56,4.0,12.78,2025-04-19,2025-08-13
505695,43,452.57,10.52,52.62,9.23,14.83,2025-04-21,2025-07-08
506475,64,452.51,7.07,35.35,2.35,8.15,2025-04-18,2025-10-16
508285,54,452.5,8.38,41.9,8.0,8.52,2025-05-27,2025-10-16
303588,44,452.18,10.28,51.38,4.0,13.62,2025-04-18,2025-09-23
409567,37,451.99,12.22,61.08,12.0,12.77,2025-04-21,2025-07-31
13627,81,451.95,5.58,27.9,3.92,8.7,2025-04-18,2025-10-16
507023,58,451.89,7.79,38.96,3.53,8.42,2025-04-18,2025-07-07
202676,44,451.64,10.26,51.32,6.15,10.6,2025-04-18,2025-09-23
410376,55,451.62,8.21,41.06,7.47,8.68,2025-04-18,2025-07-08
304123,61,451.37,7.4,37.0,0.68,11.93,2025-04-18,2025-09-16
503783,39,450.98,11.56,57.82,6.0,12.62,2025-04-22,2025-09-24
505313,36,450.92,12.53,62.63,4.57,24.5,2025-04-19,2025-10-16
416327,57,450.79,7.91,39.54,7.22,8.3,2025-04-18,2025-07-07
506489,56,450.72,8.05,40.24,0.08,16.57,2025-04-18,2025-09-21
101378,37,450.49,12.18,60.88,1.0,13.57,2025-04-25,2025-10-13
421671,36,450.38,12.51,62.55,10.5,13.17,2025-04-19,2025-10-12
507636,38,450.23,11.85,59.24,2.0,13.02,2025-04-18,2025-06-26
105056,40,450.17,11.25,56.27,0.58,13.1,2025-04-18,2025-10-13
500443,38,450.17,11.85,59.23,0.02,13.12,2025-04-18,2025-09-24
507883,43,449.92,10.46,52.32,4.0,12.7,2025-05-12,2025-10-09
501746,49,449.7,9.18,45.89,8.0,10.08,2025-04-18,2025-09-26
420338,39,449.52,11.53,57.63,8.5,12.5,2025-04-29,2025-10-12
105127,44,449.14,10.21,51.04,3.73,12.48,2025-04-21,2025-09-25
201196,46,449.12,9.76,48.82,2.0,24.0,2025-04-18,2025-10-03
419099,56,449.06,8.02,40.09,0.93,8.63,2025-04-18,2025-09-24
401717,47,448.76,9.55,47.74,5.0,10.55,2025-04-18,2025-10-09
407887,38,448.51,11.8,59.01,1.0,12.7,2025-04-18,2025-10-11
507699,39,448.17,11.49,57.46,4.0,13.48,2025-04-18,2025-07-11
505237,54,448.08,8.3,41.49,5.47,9.37,2025-04-18,2025-09-24
414217,56,448.0,8.0,40.0,8.0,8.0,2025-04-18,2025-07-04
500687,56,448.0,8.0,40.0,8.0,8.0,2025-04-18,2025-07-04
500711,56,448.0,8.0,40.0,8.0,8.0,2025-04-18,2025-07-04
416717,56,448.0,8.0,40.0,8.0,8.0,2025-04-18,2025-07-04
420873,56,448.0,8.0,40.0,8.0,8.0,2025-04-18,2025-07-04
405799,56,448.0,8.0,40.0,8.0,8.0,2025-04-18,2025-07-04
404812,56,448.0,8.0,40.0,8.0,8.0,2025-04-18,2025-07-04
203989,56,448.0,8.0,40.0,8.0,8.0,2025-04-18,2025-07-04
203086,44,447.98,10.18,50.91,4.75,11.38,2025-04-21,2025-09-16
102217,38,447.87,11.79,58.93,4.37,12.53,2025-04-25,2025-10-11
421276,38,447.84,11.79,58.93,2.8,12.7,2025-04-18,2025-07-04
414252,29,447.83,15.44,77.21,8.3,17.27,2025-04-19,2025-09-21
420007,47,447.62,9.52,47.62,6.03,10.82,2025-04-18,2025-07-07
501926,37,447.57,12.1,60.48,4.22,13.48,2025-04-19,2025-07-15
105248,38,447.43,11.77,58.87,4.0,12.78,2025-04-19,2025-10-13
101877,55,447.19,8.13,40.65,2.52,10.58,2025-04-21,2025-09-24
119779,49,447.16,9.13,45.63,2.0,12.0,2025-04-21,2025-10-03
503182,48,446.96,9.31,46.56,1.15,11.93,2025-04-18,2025-09-24
408091,36,446.95,12.42,62.08,6.0,13.32,2025-04-19,2025-10-12
105377,38,446.89,11.76,58.8,4.0,14.45,2025-04-22,2025-10-14
101061,43,446.86,10.39,51.96,1.0,13.28,2025-04-18,2025-10-15
501792,39,446.47,11.45,57.24,3.98,12.9,2025-04-19,2025-10-10
506760,45,446.31,9.92,49.59,4.07,12.47,2025-04-19,2025-07-06
414005,38,446.17,11.74,58.71,1.5,13.88,2025-04-19,2025-10-09
12907,37,446.06,12.06,60.28,2.37,12.68,2025-05-19,2025-10-16
422221,55,445.94,8.11,40.54,2.0,8.68,2025-04-18,2025-07-05
506886,52,445.87,8.57,42.87,7.48,9.6,2025-04-18,2025-07-08
101699,54,445.77,8.26,41.28,4.7,8.68,2025-04-18,2025-09-24
101537,40,445.68,11.14,55.71,3.08,16.67,2025-04-18,2025-10-13
410987,56,445.66,7.96,39.79,3.1,8.73,2025-04-18,2025-07-04
202118,43,445.36,10.36,51.79,3.0,11.7,2025-04-21,2025-10-09
104908,59,445.25,7.55,37.73,1.0,10.13,2025-04-18,2025-10-16
105433,56,445.24,7.95,39.75,1.15,9.15,2025-04-21,2025-10-15
420329,37,445.15,12.03,60.16,4.5,12.83,2025-04-20,2025-10-14
418914,39,445.09,11.41,57.06,1.5,14.18,2025-04-19,2025-10-11
502380,37,444.85,12.02,60.11,1.37,12.97,2025-04-18,2025-07-23
507175,53,444.7,8.39,41.95,4.0,9.03,2025-04-21,2025-09-26
200626,52,444.14,8.54,42.71,8.0,9.47,2025-04-21,2025-09-24
502038,55,444.05,8.07,40.37,4.23,10.6,2025-04-18,2025-07-08
401992,37,443.96,12.0,59.99,0.05,12.87,2025-04-19,2025-10-16
104613,37,443.88,12.0,59.98,2.0,12.73,2025-04-18,2025-07-08
416857,45,443.7,9.86,49.3,0.38,13.17,2025-04-18,2025-07-07
417934,62,443.69,7.16,35.78,4.07,10.25,2025-04-21,2025-10-16
413538,52,443.49,8.53,42.64,8.0,9.0,2025-04-21,2025-09-30
504060,37,443.37,11.98,59.91,8.0,12.65,2025-04-24,2025-07-04
506885,55,443.34,8.06,40.3,2.32,18.75,2025-04-18,2025-07-08
105274,46,443.2,9.63,48.17,1.0,11.18,2025-04-18,2025-09-22
111077,46,443.15,9.63,48.17,4.0,11.03,2025-04-18,2025-09-29
101474,44,443.04,10.07,50.35,7.23,11.53,2025-04-18,2025-10-14
411975,51,442.75,8.68,43.41,8.23,9.38,2025-04-18,2025-07-08
507963,51,442.72,8.68,43.4,8.0,15.43,2025-06-02,2025-10-16
202983,44,442.54,10.06,50.29,2.9,12.53,2025-04-18,2025-10-10
202809,43,442.46,10.29,51.45,8.0,11.52,2025-04-21,2025-10-16
503797,45,442.22,9.83,49.14,4.08,10.57,2025-04-29,2025-09-23
101393,51,442.19,8.67,43.35,4.95,11.93,2025-04-22,2025-10-16
102756,43,442.08,10.28,51.4,4.55,15.58,2025-04-20,2025-07-08
422493,39,441.99,11.33,56.67,7.9,25.0,2025-04-18,2025-07-03
204662,39,441.86,11.33,56.65,1.5,13.05,2025-04-19,2025-10-05
415476,44,441.72,10.04,50.2,0.5,11.23,2025-04-18,2025-10-10
12328,55,441.61,8.03,40.15,4.55,15.48,2025-04-19,2025-10-11
416728,43,441.55,10.27,51.34,8.0,12.6,2025-04-18,2025-09-28
202848,35,441.48,12.61,63.07,12.0,13.18,2025-04-18,2025-10-14
508270,53,441.46,8.33,41.65,4.75,9.03,2025-05-19,2025-10-16
421791,44,441.41,10.03,50.16,0.85,11.03,2025-04-21,2025-07-03
14015,53,441.23,8.33,41.63,0.93,8.83,2025-05-27,2025-10-16
506648,46,441.16,9.59,47.95,6.12,27.0,2025-04-20,2025-10-14
335062,36,441.12,12.25,61.27,7.5,13.18,2025-04-22,2025-10-07
203465,52,441.07,8.48,42.41,8.0,9.07,2025-04-18,2025-09-24
101811,55,441.03,8.02,40.09,1.0,11.93,2025-04-18,2025-09-26
102483,47,440.79,9.38,46.89,1.0,14.17,2025-04-18,2025-09-25
101651,47,440.47,9.37,46.86,8.0,11.35,2025-04-19,2025-10-16
102508,38,440.38,11.59,57.94,4.0,13.25,2025-04-20,2025-10-16
403034,41,440.22,10.74,53.69,4.5,13.05,2025-04-21,2025-10-16
421260,56,440.14,7.86,39.3,3.27,8.93,2025-04-18,2025-07-04
406204,51,440.05,8.63,43.14,0.97,12.93,2025-04-18,2025-09-25
104735,47,440.02,9.36,46.81,3.83,12.15,2025-04-18,2025-09-30
101364,43,439.97,10.23,51.16,5.63,13.5,2025-04-21,2025-09-24
506880,41,439.83,10.73,53.64,2.0,12.55,2025-04-20,2025-10-13
506844,38,439.77,11.57,57.86,8.0,12.58,2025-04-24,2025-10-15
202790,45,439.76,9.77,48.86,4.4,13.03,2025-04-18,2025-09-24
204762,36,439.68,12.21,61.07,4.0,12.75,2025-04-19,2025-10-06
503941,47,439.57,9.35,46.76,2.35,11.2,2025-04-21,2025-07-03
202332,42,439.36,10.46,52.3,10.0,11.17,2025-04-18,2025-09-27
11159,47,439.17,9.34,46.72,7.85,10.62,2025-05-27,2025-10-16
418060,39,439.16,11.26,56.3,0.52,13.1,2025-04-21,2025-10-14
501371,36,438.96,12.19,60.97,4.5,16.83,2025-04-18,2025-07-06
421176,38,438.87,11.55,57.75,8.0,12.5,2025-04-18,2025-09-19
104920,43,438.8,10.2,51.02,1.0,12.67,2025-04-19,2025-10-14
203984,36,438.41,12.18,60.89,1.0,13.7,2025-04-18,2025-10-15
405014,52,438.28,8.43,42.14,7.52,12.27,2025-04-18,2025-10-15
205081,54,438.25,8.12,40.58,8.0,8.23,2025-04-21,2025-09-25
100146,53,437.91,8.26,41.31,1.0,9.15,2025-04-22,2025-10-16
419980,53,437.63,8.26,41.29,0.13,8.95,2025-04-19,2025-06-29
422373,58,437.59,7.54,37.72,1.5,9.65,2025-04-22,2025-10-16
507873,52,437.07,8.41,42.03,6.67,9.3,2025-05-05,2025-09-22
114882,52,436.67,8.4,41.99,8.0,8.58,2025-04-21,2025-09-18
507656,44,436.55,9.92,49.61,8.0,12.5,2025-04-28,2025-10-02
401909,47,436.36,9.28,46.42,2.0,16.5,2025-04-18,2025-10-03
416703,35,436.17,12.46,62.31,12.0,12.78,2025-04-23,2025-10-04
336340,39,436.0,11.18,55.9,1.42,24.0,2025-04-19,2025-10-08
507093,36,435.86,12.11,60.54,1.1,12.82,2025-04-21,2025-07-07
111091,35,435.53,12.44,62.22,12.0,13.18,2025-04-22,2025-08-12
504468,50,435.41,8.71,43.54,3.93,13.68,2025-04-18,2025-07-07
405885,52,435.38,8.37,41.86,4.33,8.65,2025-04-18,2025-09-25
111097,43,434.99,10.12,50.58,5.07,12.57,2025-04-22,2025-10-07
504426,36,434.84,12.08,60.39,8.0,14.12,2025-04-19,2025-07-07
405079,41,434.66,10.6,53.01,10.0,12.13,2025-04-18,2025-09-24
506794,42,434.51,10.35,51.73,4.0,14.3,2025-04-18,2025-06-27
414809,36,434.25,12.06,60.31,4.0,17.28,2025-04-18,2025-10-09
417391,53,434.13,8.19,40.96,1.07,10.07,2025-04-18,2025-07-04
508382,51,434.09,8.51,42.56,8.0,9.05,2025-06-02,2025-10-16
203536,45,433.96,9.64,48.22,0.25,12.7,2025-04-18,2025-10-15
105002,41,433.62,10.58,52.88,4.0,12.52,2025-04-18,2025-09-26
116599,40,433.52,10.84,54.19,1.0,13.17,2025-04-18,2025-09-23
114401,43,433.47,10.08,50.4,8.0,12.52,2025-04-18,2025-10-16
503770,51,433.44,8.5,42.49,7.85,8.78,2025-04-18,2025-06-27
334274,47,433.38,9.22,46.1,1.5,12.5,2025-04-22,2025-10-09
412229,42,432.9,10.31,51.54,7.12,16.07,2025-04-18,2025-10-12
101944,53,432.71,8.16,40.82,2.07,9.75,2025-04-18,2025-09-25
407244,39,432.59,11.09,55.46,4.0,13.13,2025-04-23,2025-10-09
102372,50,432.48,8.65,43.25,4.08,16.58,2025-04-22,2025-10-16
501196,36,432.18,12.0,60.02,4.0,12.88,2025-04-21,2025-10-10
504058,37,432.0,11.68,58.38,6.0,13.02,2025-04-18,2025-07-05
412176,51,431.35,8.46,42.29,7.67,8.92,2025-04-21,2025-10-16
104746,54,431.05,7.98,39.91,2.42,9.97,2025-04-21,2025-09-24
507865,52,431.02,8.29,41.44,6.08,9.67,2025-05-05,2025-09-24
508448,51,430.96,8.45,42.25,4.0,9.68,2025-06-02,2025-10-16
101546,37,430.89,11.65,58.23,10.15,12.47,2025-04-21,2025-09-24
101259,51,429.85,8.43,42.14,4.88,10.17,2025-04-20,2025-10-10
101518,72,429.72,5.97,29.84,2.0,6.62,2025-04-18,2025-09-26
115406,35,429.53,12.27,61.36,5.12,13.3,2025-04-22,2025-10-10
114783,36,429.45,11.93,59.65,5.13,13.15,2025-04-18,2025-10-09
505673,56,429.27,7.67,38.33,1.48,9.93,2025-04-18,2025-07-08
507785,52,428.98,8.25,41.25,5.0,8.5,2025-05-05,2025-09-24
14708,58,428.95,7.4,36.98,1.23,8.75,2025-04-18,2025-07-07
416531,35,428.68,12.25,61.24,8.92,12.58,2025-04-25,2025-10-11
422722,36,428.32,11.9,59.49,4.0,13.5,2025-04-19,2025-10-12
417653,35,428.18,12.23,61.17,4.1,13.12,2025-04-20,2025-09-22
101815,53,427.98,8.08,40.38,7.92,9.03,2025-04-18,2025-10-16
506980,51,427.95,8.39,41.96,4.0,9.28,2025-04-18,2025-06-28
418082,34,427.92,12.59,62.93,12.0,16.52,2025-04-19,2025-10-11
404003,35,427.78,12.22,61.11,4.0,12.95,2025-04-19,2025-10-11
422420,51,427.59,8.38,41.92,8.0,8.85,2025-04-21,2025-10-16
506476,52,427.51,8.22,41.11,3.85,13.93,2025-04-18,2025-10-16
408844,34,427.46,12.57,62.86,12.0,13.37,2025-04-20,2025-10-08
504802,43,427.24,9.94,49.68,2.57,10.88,2025-04-22,2025-10-03
506146,40,427.0,10.68,53.38,4.25,12.75,2025-04-20,2025-10-14
422739,35,426.74,12.19,60.96,4.88,12.73,2025-04-18,2025-10-12
401162,35,426.74,12.19,60.96,5.52,13.02,2025-04-18,2025-10-15
104797,51,426.54,8.36,41.82,3.87,16.0,2025-04-18,2025-10-16
505158,43,426.35,9.92,49.58,7.1,16.0,2025-04-19,2025-06-28
414123,50,426.1,8.52,42.61,8.0,12.33,2025-04-23,2025-09-26
101589,38,426.09,11.21,56.06,1.0,12.65,2025-04-19,2025-10-16
415485,51,425.91,8.35,41.76,5.23,9.22,2025-04-18,2025-10-16
505394,55,425.85,7.74,38.71,4.7,8.88,2025-04-21,2025-09-24
506852,54,425.85,7.89,39.43,0.97,15.75,2025-04-18,2025-07-08
402931,39,425.85,10.92,54.6,5.0,12.92,2025-04-21,2025-07-16
414036,41,425.73,10.38,51.92,8.28,12.68,2025-04-18,2025-07-03
203793,34,425.53,12.52,62.58,8.5,13.47,2025-04-21,2025-10-10
504878,37,425.46,11.5,57.49,1.0,12.78,2025-04-19,2025-10-12
111452,35,425.44,12.16,60.78,1.65,15.05,2025-04-19,2025-10-04
417273,36,425.33,11.81,59.07,2.12,12.98,2025-04-19,2025-10-11
104813,59,425.3,7.21,36.04,0.43,11.5,2025-04-21,2025-09-28
501437,59,425.1,7.21,36.03,3.38,8.5,2025-04-23,2025-10-15
14769,85,425.1,5.0,25.01,1.0,5.38,2025-04-18,2025-10-16
421845,34,425.01,12.5,62.5,12.0,12.85,2025-04-18,2025-07-04
412997,55,424.64,7.72,38.6,1.78,8.93,2025-04-21,2025-09-23
422322,65,424.54,6.53,32.66,1.98,10.12,2025-04-18,2025-10-10
105418,37,424.3,11.47,57.34,3.05,12.6,2025-04-19,2025-10-16
409147,34,424.06,12.47,62.36,10.9,13.92,2025-04-18,2025-09-23
501685,50,424.05,8.48,42.41,3.98,9.4,2025-04-18,2025-10-16
501986,39,423.94,10.87,54.35,8.0,12.42,2025-04-19,2025-10-13
504170,45,423.86,9.42,47.1,8.98,10.25,2025-04-20,2025-09-23
11002,50,423.46,8.47,42.35,5.57,8.87,2025-04-22,2025-10-16
508416,44,423.34,9.62,48.11,8.0,13.87,2025-06-02,2025-09-24
101682,50,423.18,8.46,42.32,8.0,12.75,2025-04-18,2025-10-16
102807,48,423.0,8.81,44.06,6.0,10.75,2025-04-21,2025-09-30
200510,34,422.97,12.44,62.2,12.0,12.88,2025-04-19,2025-08-01
421682,35,422.78,12.08,60.4,4.47,13.1,2025-04-18,2025-10-16
203786,65,422.69,6.5,32.51,6.0,7.12,2025-04-18,2025-09-24
408854,33,422.51,12.8,64.02,12.0,16.5,2025-04-21,2025-07-02
503229,36,422.44,11.73,58.67,4.23,12.6,2025-04-18,2025-07-06
104855,37,422.25,11.41,57.06,1.0,12.63,2025-04-18,2025-10-10
417924,51,421.86,8.27,41.36,2.53,8.72,2025-04-18,2025-06-27
407783,55,421.8,7.67,38.35,4.65,9.23,2025-04-18,2025-09-24
503440,36,421.61,11.71,58.56,5.02,12.62,2025-04-18,2025-10-06
501987,34,421.57,12.4,62.0,4.95,13.08,2025-04-18,2025-07-07
422259,34,421.51,12.4,61.99,11.05,12.92,2025-04-19,2025-10-16
103319,46,421.26,9.16,45.79,1.0,12.92,2025-04-18,2025-10-16
103637,49,421.13,8.59,42.97,4.4,12.67,2025-04-21,2025-10-16
506937,39,420.76,10.79,53.94,1.0,16.53,2025-04-18,2025-10-12
501519,38,420.71,11.07,55.36,3.02,13.87,2025-04-18,2025-09-23
104782,59,420.64,7.13,35.65,3.97,8.5,2025-04-18,2025-09-27
507868,41,420.62,10.26,51.3,7.42,17.0,2025-05-12,2025-10-02
105125,44,420.17,9.55,47.75,1.7,13.5,2025-04-21,2025-09-25
506982,50,419.84,8.4,41.98,2.07,8.93,2025-04-18,2025-06-27
415018,43,419.7,9.76,48.8,4.15,10.0,2025-04-18,2025-07-04
201358,36,419.69,11.66,58.29,0.5,12.93,2025-04-24,2025-10-10
417870,49,419.66,8.56,42.82,8.0,9.28,2025-04-18,2025-10-16
502205,33,419.59,12.71,63.57,12.0,14.07,2025-04-23,2025-07-06
420428,34,419.41,12.34,61.68,8.0,12.75,2025-04-22,2025-08-04
508218,52,419.38,8.07,40.32,2.0,8.7,2025-05-19,2025-10-04
200925,51,419.29,8.22,41.11,1.02,9.68,2025-04-18,2025-09-24
507728,47,419.24,8.92,44.6,5.77,12.5,2025-04-28,2025-10-03
203615,40,419.04,10.48,52.38,4.22,13.02,2025-04-18,2025-10-10
503701,34,418.81,12.32,61.59,12.0,12.85,2025-04-18,2025-07-06
500518,50,418.79,8.38,41.88,0.27,16.38,2025-04-18,2025-06-27
503387,34,418.7,12.31,61.57,7.67,21.07,2025-04-18,2025-07-04
503680,41,418.63,10.21,51.05,4.0,13.5,2025-04-18,2025-09-26
203729,49,418.62,8.54,42.72,8.0,9.02,2025-04-18,2025-10-16
422372,40,418.33,10.46,52.29,3.5,16.52,2025-04-18,2025-07-07
12445,51,418.07,8.2,40.99,3.9,8.53,2025-04-19,2025-10-09
418651,60,418.04,6.97,34.84,0.9,8.28,2025-04-18,2025-10-16
506947,40,417.91,10.45,52.24,9.13,11.08,2025-04-21,2025-06-26
506759,35,417.83,11.94,59.69,8.5,12.78,2025-04-20,2025-10-10
502686,79,417.7,5.29,26.44,3.5,8.62,2025-04-18,2025-10-16
102524,54,417.5,7.73,38.66,5.0,8.5,2025-04-21,2025-10-16
506814,36,417.47,11.6,57.98,1.0,12.63,2025-04-19,2025-10-16
506220,47,417.39,8.88,44.4,0.73,11.73,2025-04-18,2025-09-25
202382,42,417.37,9.94,49.69,4.0,13.62,2025-04-18,2025-10-12
505789,48,417.33,8.69,43.47,8.0,12.55,2025-04-18,2025-06-24
409941,35,417.19,11.92,59.6,1.0,14.95,2025-04-18,2025-07-08
421209,49,417.02,8.51,42.55,5.9,9.83,2025-04-18,2025-09-19
422223,34,416.97,12.26,61.32,6.92,13.38,2025-04-19,2025-10-13
409365,34,416.95,12.26,61.32,11.93,12.82,2025-04-18,2025-10-10
101047,49,416.7,8.5,42.52,5.55,9.75,2025-04-19,2025-10-16
506892,48,416.29,8.67,43.36,8.42,13.42,2025-04-18,2025-06-27
417087,34,416.2,12.24,61.21,4.0,13.58,2025-04-18,2025-08-11
204315,49,415.83,8.49,42.43,8.0,9.73,2025-04-18,2025-10-16
507855,36,415.78,11.55,57.75,5.0,12.67,2025-05-12,2025-10-15
421673,40,415.72,10.39,51.97,2.43,26.0,2025-04-28,2025-09-25
408302,34,415.66,12.23,61.13,4.92,13.35,2025-04-19,2025-10-12
421971,35,415.55,11.87,59.36,8.4,13.55,2025-04-19,2025-10-12
101132,45,415.54,9.23,46.17,0.8,24.0,2025-04-18,2025-09-21
413055,39,415.5,10.65,53.27,7.03,16.18,2025-04-18,2025-09-20
102853,37,415.37,11.23,56.13,1.0,12.5,2025-04-18,2025-10-14
417167,41,415.31,10.13,50.65,3.48,10.53,2025-04-18,2025-06-27
508345,43,415.06,9.65,48.26,8.0,15.47,2025-05-27,2025-09-24
503945,54,415.03,7.69,38.43,3.98,8.25,2025-04-20,2025-10-13
15051,49,414.85,8.47,42.33,4.43,12.42,2025-04-19,2025-10-12
202813,50,414.68,8.29,41.47,3.07,8.73,2025-04-18,2025-10-10
416743,35,414.51,11.84,59.22,1.0,16.5,2025-04-20,2025-09-28
422460,48,414.4,8.63,43.17,8.0,10.02,2025-06-02,2025-10-16
103908,49,414.38,8.46,42.28,7.0,10.4,2025-06-02,2025-10-16
418927,53,414.3,7.82,39.08,5.73,20.0,2025-04-18,2025-09-26
502202,34,414.28,12.18,60.92,4.43,12.77,2025-04-24,2025-07-09
101095,37,414.19,11.19,55.97,1.0,13.15,2025-04-22,2025-10-15
103181,33,414.19,12.55,62.76,12.0,13.17,2025-04-19,2025-10-12
203508,33,414.12,12.55,62.75,12.0,12.97,2025-04-19,2025-10-12
101520,51,414.09,8.12,40.6,4.25,10.42,2025-04-22,2025-09-26
503593,39,414.02,10.62,53.08,6.5,16.05,2025-05-05,2025-07-01
506540,35,413.99,11.83,59.14,3.57,12.7,2025-04-18,2025-07-07
409586,50,413.94,8.28,41.39,1.0,9.0,2025-04-21,2025-09-18
102526,34,413.79,12.17,60.85,6.0,17.83,2025-04-18,2025-07-08
420841,34,413.62,12.17,60.83,8.38,12.55,2025-04-19,2025-10-11
421132,59,413.6,7.01,35.05,3.05,9.5,2025-04-18,2025-09-22
412312,52,413.55,7.95,39.76,2.32,9.17,2025-04-18,2025-07-08
421910,35,413.45,11.81,59.06,4.38,12.5,2025-04-18,2025-10-16
112717,49,412.66,8.42,42.11,8.0,8.68,2025-04-20,2025-10-10
505629,39,412.39,10.57,52.87,4.0,16.52,2025-04-20,2025-07-06
201249,34,412.39,12.13,60.65,1.0,12.75,2025-04-22,2025-10-10
419811,34,412.29,12.13,60.63,1.5,13.23,2025-04-19,2025-10-11
504219,49,412.15,8.41,42.06,3.4,13.7,2025-04-20,2025-06-25
120021,81,411.95,5.09,25.43,0.02,10.95,2025-04-21,2025-10-16
419199,51,411.85,8.08,40.38,3.62,9.78,2025-04-18,2025-09-24
102686,36,411.67,11.44,57.18,2.0,12.9,2025-04-18,2025-10-02
504606,34,411.51,12.1,60.52,8.0,12.72,2025-04-21,2025-09-23
105200,48,411.45,8.57,42.86,5.03,9.53,2025-04-18,2025-10-16
335940,33,411.42,12.47,62.34,12.0,12.78,2025-04-19,2025-10-16
105383,48,411.35,8.57,42.85,2.57,10.88,2025-04-21,2025-09-26
301295,35,411.28,11.75,58.75,3.0,12.85,2025-04-20,2025-10-13
101708,48,410.97,8.56,42.81,7.63,9.02,2025-04-18,2025-09-25
417144,48,410.92,8.56,42.8,8.0,12.62,2025-04-18,2025-10-11
507920,36,410.92,11.41,57.07,4.0,12.63,2025-05-12,2025-10-12
404961,48,410.55,8.55,42.77,8.0,12.38,2025-04-18,2025-10-15
503866,34,410.49,12.07,60.37,5.12,13.72,2025-04-21,2025-10-16
504821,42,410.47,9.77,48.87,5.63,12.13,2025-04-19,2025-06-29
506997,34,410.25,12.07,60.33,9.0,12.45,2025-04-21,2025-07-06
402897,40,410.05,10.25,51.26,1.0,13.0,2025-04-18,2025-10-16
506662,41,409.79,9.99,49.97,3.95,12.5,2025-04-19,2025-07-05
102555,34,409.66,12.05,60.24,1.78,12.9,2025-04-21,2025-07-06
506778,33,409.46,12.41,62.04,12.0,12.63,2025-04-19,2025-06-24
408099,33,409.43,12.41,62.03,12.0,12.87,2025-04-21,2025-07-02
408436,45,409.43,9.1,45.49,3.53,11.0,2025-04-18,2025-07-03
412078,36,409.4,11.37,56.86,1.0,12.85,2025-04-18,2025-10-16
418765,33,409.22,12.4,62.0,11.07,12.8,2025-04-18,2025-07-08
101241,39,409.17,10.49,52.46,4.15,12.55,2025-04-18,2025-10-10
203733,35,408.16,11.66,58.31,2.0,17.1,2025-04-21,2025-10-14
336578,51,408.0,8.0,40.0,8.0,8.0,2025-04-18,2025-06-30
304061,52,408.0,7.85,39.23,4.0,8.0,2025-04-18,2025-07-03
410698,43,407.92,9.49,47.43,0.37,16.48,2025-04-23,2025-10-11
507590,42,407.77,9.71,48.54,1.0,12.58,2025-04-29,2025-09-26
507386,57,407.7,7.15,35.76,3.78,17.1,2025-04-18,2025-09-24
101111,52,407.21,7.83,39.15,1.0,11.5,2025-04-22,2025-10-16
506876,36,407.21,11.31,56.56,5.5,12.78,2025-04-20,2025-10-11
421346,56,407.08,7.27,36.35,0.02,8.68,2025-04-18,2025-07-04
506981,51,406.69,7.97,39.87,2.03,8.65,2025-04-18,2025-07-08
415530,49,406.54,8.3,41.48,4.15,12.38,2025-04-18,2025-10-09
401307,68,406.52,5.98,29.89,0.97,11.02,2025-04-18,2025-09-24
411847,45,406.5,9.03,45.17,4.53,10.98,2025-04-21,2025-07-08
419951,35,406.42,11.61,58.06,4.0,13.1,2025-04-18,2025-07-05
506026,50,405.58,8.11,40.56,2.3,8.73,2025-04-18,2025-06-26
101005,39,405.44,10.4,51.98,0.27,12.83,2025-04-23,2025-10-14
102081,52,405.29,7.79,38.97,1.12,18.85,2025-04-21,2025-09-25
506612,47,405.28,8.62,43.11,7.12,15.53,2025-04-18,2025-09-22
415153,57,405.13,7.11,35.54,1.0,10.07,2025-04-18,2025-09-24
104934,50,404.97,8.1,40.5,6.3,8.57,2025-04-18,2025-10-13
506246,56,404.96,7.23,36.16,2.87,8.47,2025-04-18,2025-07-07
102085,35,404.4,11.55,57.77,4.12,16.42,2025-04-19,2025-10-05
105546,50,404.3,8.09,40.43,4.28,9.45,2025-04-18,2025-09-26
504097,37,404.23,10.93,54.63,1.0,16.13,2025-04-18,2025-09-26
15069,58,404.2,6.97,34.84,6.4,8.55,2025-04-18,2025-07-08
402969,49,403.83,8.24,41.21,2.0,12.73,2025-04-22,2025-09-24
504987,52,403.8,7.77,38.83,3.92,12.12,2025-04-19,2025-10-16
422667,34,403.75,11.88,59.38,1.0,16.18,2025-04-18,2025-07-03
105585,85,403.62,4.75,23.74,3.7,12.5,2025-04-18,2025-10-16
402689,33,403.6,12.23,61.15,8.7,13.42,2025-04-21,2025-07-04
101924,50,403.31,8.07,40.33,2.58,8.5,2025-04-22,2025-10-16
508295,38,403.26,10.61,53.06,4.0,13.32,2025-05-27,2025-10-10
508472,47,403.07,8.58,42.88,7.02,15.47,2025-06-03,2025-10-16
12678,48,402.79,8.39,41.96,4.9,8.58,2025-06-09,2025-10-16
336004,39,402.74,10.33,51.63,2.0,12.8,2025-04-18,2025-09-26
422202,49,402.68,8.22,41.09,0.02,16.12,2025-04-20,2025-09-30
412253,64,402.64,6.29,31.46,2.62,8.93,2025-04-21,2025-10-16
500843,52,402.49,7.74,38.7,3.23,9.92,2025-04-21,2025-10-15
501000,50,402.41,8.05,40.24,2.92,15.0,2025-04-18,2025-10-16
501410,35,402.4,11.5,57.49,4.5,12.95,2025-04-18,2025-10-07
114515,32,402.35,12.57,62.87,12.0,12.97,2025-04-19,2025-10-10
407948,33,402.35,12.19,60.96,5.0,12.65,2025-04-23,2025-10-10
410793,35,402.27,11.49,57.47,4.0,16.68,2025-04-23,2025-09-25
104755,34,402.16,11.83,59.14,4.73,12.77,2025-04-22,2025-10-15
103909,48,402.09,8.38,41.88,6.75,8.58,2025-04-21,2025-10-15
411980,47,402.06,8.55,42.77,4.67,15.2,2025-04-21,2025-10-16
420453,36,401.73,11.16,55.8,4.0,12.57,2025-04-19,2025-09-28
504009,34,401.55,11.81,59.05,4.52,12.65,2025-04-21,2025-07-06
501828,33,401.43,12.16,60.82,8.0,12.62,2025-04-22,2025-07-04
506462,49,401.41,8.19,40.96,3.43,8.53,2025-04-19,2025-10-15
101085,38,401.1,10.56,52.78,2.0,14.7,2025-04-18,2025-10-14
506710,36,401.03,11.14,55.7,7.0,12.97,2025-04-18,2025-06-24
507697,34,400.93,11.79,58.96,4.0,12.7,2025-04-18,2025-07-01
101286,52,400.79,7.71,38.54,2.38,9.6,2025-04-18,2025-09-16
410322,32,400.71,12.52,62.61,12.0,13.03,2025-04-18,2025-10-15
416256,35,400.6,11.45,57.23,8.0,14.8,2025-04-21,2025-09-24
502469,33,400.53,12.14,60.69,2.0,16.5,2025-04-18,2025-07-06
102045,49,400.51,8.17,40.87,4.23,15.57,2025-04-20,2025-10-15
502608,36,400.49,11.12,55.62,2.0,13.25,2025-04-20,2025-07-05
503865,39,400.28,10.26,51.32,7.85,12.63,2025-04-18,2025-10-13
506709,33,400.14,12.13,60.63,4.05,12.6,2025-04-18,2025-06-26
507071,47,400.14,8.51,42.57,8.0,8.62,2025-04-20,2025-10-15
102724,48,400.11,8.34,41.68,1.0,10.5,2025-04-21,2025-10-16
506403,50,400.0,8.0,40.0,8.0,8.0,2025-06-11,2025-08-20
422187,35,399.81,11.42,57.12,0.25,12.72,2025-04-19,2025-07-03
408125,33,399.53,12.11,60.53,1.0,13.23,2025-04-18,2025-10-08
408934,37,399.48,10.8,53.98,4.0,12.85,2025-04-18,2025-10-03
505006,34,398.75,11.73,58.64,5.67,14.3,2025-04-19,2025-07-01
415288,72,398.73,5.54,27.69,0.57,13.42,2025-04-18,2025-09-24
200513,32,398.53,12.45,62.27,12.0,12.78,2025-04-19,2025-10-12
506270,47,398.33,8.48,42.38,8.0,8.78,2025-04-20,2025-06-26
505281,61,398.32,6.53,32.65,3.8,13.77,2025-04-18,2025-09-23
421494,45,398.03,8.85,44.23,3.3,12.82,2025-04-18,2025-10-10
104736,49,398.0,8.12,40.61,6.5,8.57,2025-04-21,2025-10-16
506853,49,397.9,8.12,40.6,8.0,8.33,2025-04-18,2025-06-27
418806,38,397.63,10.46,52.32,1.0,12.5,2025-04-19,2025-10-10
416641,47,397.39,8.46,42.28,8.0,8.72,2025-04-21,2025-10-10
101073,34,397.13,11.68,58.4,1.0,13.0,2025-04-22,2025-10-14
508333,47,396.67,8.44,42.2,8.0,9.12,2025-05-19,2025-09-26
506704,49,396.63,8.09,40.47,3.05,9.15,2025-04-18,2025-06-27
507957,47,396.38,8.43,42.17,8.0,8.65,2025-05-05,2025-07-08
414472,33,396.36,12.01,60.05,2.0,13.27,2025-05-11,2025-10-16
410240,36,396.3,11.01,55.04,1.0,13.2,2025-04-19,2025-10-12
420759,33,396.0,12.0,60.0,12.0,12.0,2025-04-23,2025-07-04
504461,32,395.74,12.37,61.83,8.6,12.78,2025-04-19,2025-07-08
506547,49,395.55,8.07,40.36,1.5,12.0,2025-04-19,2025-10-12
406162,81,395.24,4.88,24.4,4.0,8.88,2025-04-18,2025-10-15
202844,32,395.23,12.35,61.75,12.0,12.77,2025-04-21,2025-07-30
412441,32,395.13,12.35,61.74,12.0,12.67,2025-04-21,2025-07-28
415140,51,395.08,7.75,38.73,3.98,8.12,2025-04-18,2025-09-26
103421,47,394.8,8.4,42.0,1.85,11.17,2025-04-18,2025-07-07
335435,34,394.71,11.61,58.05,2.5,12.55,2025-04-19,2025-10-11
502800,54,394.51,7.31,36.53,0.35,9.0,2025-04-18,2025-09-26
102297,47,394.27,8.39,41.94,3.73,8.73,2025-04-18,2025-10-16
505934,34,394.23,11.6,57.98,6.07,12.78,2025-04-18,2025-07-04
104124,39,394.02,10.1,50.52,4.0,12.38,2025-04-18,2025-07-07
14073,80,394.02,4.93,24.63,0.25,12.58,2025-04-18,2025-10-16
103142,51,393.75,7.72,38.6,4.08,16.5,2025-04-19,2025-10-16
415718,33,393.62,11.93,59.64,1.0,13.47,2025-04-19,2025-10-12
508293,40,393.61,9.84,49.2,7.22,16.77,2025-05-27,2025-09-24
415160,36,393.37,10.93,54.63,1.0,19.0,2025-04-23,2025-07-07
502364,46,393.34,8.55,42.75,8.0,8.9,2025-04-22,2025-10-02
500677,32,393.29,12.29,61.45,4.8,13.8,2025-04-19,2025-06-30
506066,32,393.25,12.29,61.45,6.77,14.75,2025-04-18,2025-06-24
414810,34,393.13,11.56,57.81,1.0,13.07,2025-06-02,2025-10-16
413281,33,393.02,11.91,59.55,5.12,12.65,2025-04-22,2025-10-02
422122,35,392.92,11.23,56.13,2.0,12.77,2025-04-18,2025-10-10
101429,32,392.88,12.28,61.39,1.0,14.67,2025-04-22,2025-10-11
506628,34,392.87,11.56,57.78,1.0,12.62,2025-04-18,2025-10-07
506909,34,392.85,11.55,57.77,5.0,12.67,2025-04-18,2025-10-07
112425,46,392.68,8.54,42.68,8.0,12.42,2025-04-18,2025-10-15
334811,40,392.61,9.82,49.08,1.12,11.42,2025-04-22,2025-09-24
417136,37,392.13,10.6,52.99,4.22,12.0,2025-04-18,2025-09-24
402229,32,391.99,12.25,61.25,4.47,12.88,2025-04-19,2025-10-11
504692,32,391.97,12.25,61.25,8.48,13.1,2025-04-23,2025-10-07
414266,34,391.83,11.52,57.62,8.6,15.0,2025-04-30,2025-10-14
504427,54,391.64,7.25,36.26,4.18,17.72,2025-04-18,2025-09-24
400228,34,391.35,11.51,57.55,8.0,12.5,2025-04-24,2025-10-10
508530,46,391.31,8.51,42.53,7.5,9.27,2025-06-09,2025-10-16
506448,82,391.19,4.77,23.85,3.87,5.97,2025-04-18,2025-10-16
402158,34,391.14,11.5,57.52,1.0,12.88,2025-04-19,2025-10-15
505933,46,391.12,8.5,42.51,5.08,13.02,2025-04-19,2025-10-16
201096,31,390.84,12.61,63.04,12.0,13.07,2025-04-19,2025-10-11
507384,42,390.7,9.3,46.51,2.0,11.37,2025-04-18,2025-07-02
202668,31,390.47,12.6,62.98,12.0,13.57,2025-04-19,2025-10-12
200007,31,390.46,12.6,62.98,12.0,13.18,2025-04-19,2025-10-12
101149,66,390.43,5.92,29.58,2.98,6.07,2025-04-21,2025-10-16
505774,46,390.18,8.48,42.41,7.83,15.73,2025-04-18,2025-09-21
504402,47,390.03,8.3,41.49,8.0,8.53,2025-06-09,2025-10-16
415161,47,390.0,8.3,41.49,5.0,13.0,2025-04-18,2025-06-30
111420,42,389.82,9.28,46.41,6.0,14.98,2025-04-18,2025-09-23
100785,41,389.47,9.5,47.5,1.78,13.25,2025-04-21,2025-09-19
105273,32,389.32,12.17,60.83,5.07,13.02,2025-04-22,2025-10-16
507718,82,389.2,4.75,23.73,2.5,7.98,2025-04-18,2025-10-16
101192,81,389.18,4.8,24.02,3.03,7.68,2025-04-18,2025-10-16
506825,32,389.17,12.16,60.81,4.12,12.7,2025-04-18,2025-06-27
506927,34,389.03,11.44,57.21,8.3,13.05,2025-04-21,2025-10-07
507958,46,388.91,8.45,42.27,5.5,9.22,2025-05-05,2025-07-08
501474,39,388.73,9.97,49.84,6.17,12.28,2025-04-18,2025-07-05
335454,39,388.61,9.96,49.82,2.47,11.93,2025-04-21,2025-09-26
422683,49,388.56,7.93,39.65,2.0,8.95,2025-04-18,2025-10-16
501352,34,388.56,11.43,57.14,8.47,12.58,2025-04-30,2025-10-15
411932,46,388.48,8.45,42.23,1.32,10.62,2025-04-18,2025-10-03
416818,38,387.9,10.21,51.04,5.02,20.5,2025-04-18,2025-10-09
508226,33,387.8,11.75,58.76,6.83,12.67,2025-05-12,2025-10-05
11247,80,387.73,4.85,24.23,1.23,7.05,2025-04-18,2025-10-16
503041,55,387.62,7.05,35.24,0.83,11.23,2025-04-18,2025-09-24
411961,37,387.49,10.47,52.36,2.0,24.0,2025-04-21,2025-10-03
203292,56,387.48,6.92,34.6,0.53,9.72,2025-04-18,2025-07-04
504017,49,387.16,7.9,39.51,5.87,8.63,2025-04-21,2025-09-23
508294,43,386.94,9.0,44.99,7.87,12.05,2025-05-27,2025-09-24
204521,31,386.53,12.47,62.34,4.0,13.82,2025-04-18,2025-07-06
201253,31,386.35,12.46,62.31,12.0,12.78,2025-04-23,2025-10-13
508272,41,386.28,9.42,47.11,3.0,13.5,2025-05-19,2025-10-11
15333,46,386.23,8.4,41.98,4.5,15.9,2025-04-18,2025-10-12
201387,47,386.2,8.22,41.09,0.28,10.72,2025-04-18,2025-10-16
402937,33,386.14,11.7,58.51,1.0,12.83,2025-04-19,2025-10-06
506824,31,385.91,12.45,62.24,12.0,12.67,2025-04-18,2025-06-25
503322,34,385.66,11.34,56.71,4.0,13.2,2025-04-23,2025-10-15
508518,46,385.39,8.38,41.89,1.75,9.35,2025-06-09,2025-10-16
508435,46,385.31,8.38,41.88,6.95,8.5,2025-06-09,2025-10-16
507457,82,385.11,4.7,23.48,3.0,12.0,2025-04-18,2025-10-16
407345,38,385.09,10.13,50.67,3.85,11.22,2025-04-22,2025-09-21
203221,37,385.03,10.41,52.03,2.0,14.08,2025-04-21,2025-10-07
505017,75,384.97,5.13,25.66,3.32,8.42,2025-04-18,2025-10-16
420682,32,384.89,12.03,60.14,4.0,14.03,2025-04-18,2025-07-17
503922,45,384.67,8.55,42.74,5.82,10.63,2025-04-20,2025-07-06
506781,32,384.63,12.02,60.1,4.58,12.88,2025-04-22,2025-10-10
200364,36,384.44,10.68,53.39,1.0,13.27,2025-04-25,2025-10-16
105251,52,384.4,7.39,36.96,0.77,17.5,2025-04-18,2025-09-26
503221,35,384.16,10.98,54.88,0.12,12.87,2025-05-27,2025-10-16
408233,45,384.16,8.54,42.68,1.0,13.7,2025-04-22,2025-09-24
103804,47,384.06,8.17,40.86,3.13,9.4,2025-04-18,2025-07-03
506965,31,383.97,12.39,61.93,12.23,12.63,2025-04-18,2025-06-24
506277,36,383.73,10.66,53.3,2.82,13.5,2025-04-22,2025-10-11
505600,51,382.48,7.5,37.5,1.68,15.68,2025-04-18,2025-09-27
406317,30,381.85,12.73,63.64,2.0,18.0,2025-04-20,2025-10-12
101165,47,381.84,8.12,40.62,4.08,9.2,2025-04-22,2025-10-16
117911,32,381.07,11.91,59.54,3.0,13.33,2025-04-18,2025-09-16
505178,51,380.96,7.47,37.35,3.08,9.92,2025-04-19,2025-10-12
504184,50,380.84,7.62,38.08,2.28,8.6,2025-04-18,2025-07-04
506373,48,380.44,7.93,39.63,6.53,8.47,2025-04-21,2025-10-15
506279,57,380.37,6.67,33.37,4.5,12.23,2025-04-18,2025-10-03
10036,75,380.06,5.07,25.34,3.8,11.93,2025-04-20,2025-10-16
417670,32,379.7,11.87,59.33,1.0,13.47,2025-05-02,2025-10-09
506800,57,379.32,6.65,33.27,3.38,12.32,2025-04-18,2025-10-05
507702,31,379.12,12.23,61.15,4.0,12.75,2025-04-21,2025-07-02
412271,31,378.43,12.21,61.04,4.0,12.95,2025-04-18,2025-07-06
409833,30,378.38,12.61,63.06,12.0,13.28,2025-04-22,2025-10-11
505682,31,378.24,12.2,61.01,8.28,12.72,2025-04-19,2025-06-17
410354,46,377.69,8.21,41.05,3.6,9.13,2025-04-18,2025-07-08
501794,43,377.17,8.77,43.86,6.98,10.5,2025-04-18,2025-09-26
507933,33,377.08,11.43,57.13,8.38,12.67,2025-05-12,2025-10-11
422357,30,376.87,12.56,62.81,8.42,16.6,2025-04-22,2025-07-08
502163,34,376.77,11.08,55.41,3.07,12.95,2025-04-19,2025-07-06
504956,35,376.7,10.76,53.81,4.47,16.5,2025-04-18,2025-10-12
411972,46,376.68,8.19,40.94,5.42,10.5,2025-04-18,2025-10-15
202858,33,376.64,11.41,57.07,1.0,12.57,2025-04-18,2025-10-11
101548,45,376.4,8.36,41.82,0.63,13.88,2025-04-22,2025-09-26
14132,24,376.3,15.68,78.4,3.02,20.5,2025-09-15,2025-10-16
507790,33,376.18,11.4,57.0,4.55,12.88,2025-05-12,2025-10-11
506877,33,376.08,11.4,56.98,4.48,16.58,2025-04-18,2025-09-16
336569,47,376.0,8.0,40.0,8.0,8.0,2025-04-28,2025-07-03
503873,50,375.78,7.52,37.58,3.32,8.67,2025-04-18,2025-10-15
200024,31,375.74,12.12,60.6,4.0,12.68,2025-04-19,2025-10-12
503507,44,375.6,8.54,42.68,8.22,8.72,2025-04-18,2025-09-21
201561,37,375.48,10.15,50.74,6.5,12.87,2025-04-21,2025-09-24
101116,40,375.34,9.38,46.92,2.42,11.53,2025-04-18,2025-09-23
506908,41,375.11,9.15,45.75,8.0,15.18,2025-04-18,2025-09-15
507777,33,375.09,11.37,56.83,4.0,12.67,2025-05-27,2025-10-16
101602,43,374.59,8.71,43.56,1.0,13.07,2025-04-19,2025-10-14
504142,30,374.33,12.48,62.39,12.0,12.7,2025-04-18,2025-10-11
420147,31,374.07,12.07,60.33,5.92,16.08,2025-04-18,2025-09-21
407910,36,373.69,10.38,51.9,8.32,12.82,2025-04-22,2025-10-10
105602,48,373.53,7.78,38.91,2.82,9.72,2025-04-18,2025-06-25
508505,44,373.02,8.48,42.39,4.42,9.17,2025-06-09,2025-10-16
502310,31,372.93,12.03,60.15,6.8,16.25,2025-04-24,2025-10-16
421012,45,372.37,8.27,41.37,5.0,8.65,2025-04-18,2025-06-20
506696,33,372.13,11.28,56.38,4.05,13.6,2025-04-23,2025-10-10
415809,45,372.05,8.27,41.34,6.05,8.55,2025-04-18,2025-10-15
506776,31,371.95,12.0,59.99,4.0,12.5,2025-04-18,2025-06-27
506779,44,371.93,8.45,42.26,8.0,8.93,2025-04-18,2025-06-20
203049,33,371.29,11.25,56.26,3.62,12.77,2025-04-19,2025-10-12
506716,38,371.21,9.77,48.84,3.05,10.57,2025-04-18,2025-06-27
506963,53,371.18,7.0,35.02,0.33,12.17,2025-04-18,2025-06-18
504811,32,371.18,11.6,58.0,4.52,12.73,2025-04-29,2025-10-11
203323,34,370.75,10.9,54.52,10.0,12.73,2025-04-21,2025-09-15
14752,46,370.65,8.06,40.29,0.02,12.08,2025-04-22,2025-10-12
406630,44,370.47,8.42,42.1,7.68,9.3,2025-04-21,2025-10-16
506758,31,370.37,11.95,59.74,8.0,12.55,2025-04-18,2025-06-26
505914,30,370.34,12.34,61.72,12.0,14.12,2025-04-18,2025-10-11
15131,89,370.33,4.16,20.81,4.0,6.73,2025-04-18,2025-10-16
104516,53,369.81,6.98,34.89,3.33,15.63,2025-04-18,2025-10-16
406518,39,369.71,9.48,47.4,8.0,21.0,2025-04-21,2025-10-08
400921,30,369.5,12.32,61.58,6.97,12.97,2025-04-18,2025-10-13
505615,48,369.19,7.69,38.46,3.93,8.52,2025-04-23,2025-07-07
415528,32,369.17,11.54,57.68,1.0,12.77,2025-04-20,2025-10-07
412556,31,369.13,11.91,59.54,0.02,16.47,2025-04-22,2025-10-11
508580,30,369.0,12.3,61.5,3.5,24.0,2025-06-23,2025-10-10
201523,46,368.81,8.02,40.09,2.0,10.02,2025-04-18,2025-10-08
412232,32,368.6,11.52,57.59,1.55,12.68,2025-04-19,2025-07-16
507378,44,368.5,8.38,41.88,4.32,9.18,2025-04-24,2025-10-16
503415,45,368.29,8.18,40.92,2.45,15.57,2025-04-22,2025-07-08
506948,31,368.03,11.87,59.36,7.0,12.55,2025-04-19,2025-06-28
508492,46,368.0,8.0,40.0,2.98,8.77,2025-06-02,2025-10-16
507396,38,367.88,9.68,48.41,8.23,10.78,2025-04-21,2025-09-22
507299,46,367.58,7.99,39.95,0.42,9.4,2025-04-18,2025-06-20
103382,32,367.52,11.49,57.43,0.02,12.67,2025-04-24,2025-10-16
505736,52,367.46,7.07,35.33,3.82,10.07,2025-04-18,2025-10-16
503933,57,367.28,6.44,32.22,2.72,8.27,2025-04-18,2025-07-08
413484,36,367.22,10.2,51.0,2.47,12.57,2025-04-22,2025-10-10
506923,47,366.99,7.81,39.04,0.22,12.97,2025-04-18,2025-10-10
500760,38,366.03,9.63,48.16,4.5,11.02,2025-04-18,2025-06-26
404687,31,365.91,11.8,59.02,3.0,16.92,2025-04-18,2025-10-11
105020,52,365.68,7.03,35.16,3.92,8.63,2025-04-19,2025-10-14
203031,33,365.46,11.07,55.37,0.85,13.35,2025-04-18,2025-10-10
101940,29,365.2,12.59,62.97,12.38,13.08,2025-04-24,2025-10-14
400362,41,365.15,8.91,44.53,1.0,11.42,2025-04-19,2025-10-08
503602,33,364.92,11.06,55.29,1.0,13.2,2025-04-18,2025-10-11
200640,43,364.78,8.48,42.42,2.0,9.25,2025-04-21,2025-10-10
507088,35,364.75,10.42,52.11,8.57,10.72,2025-04-18,2025-07-05
203883,35,364.22,10.41,52.03,8.0,12.18,2025-04-21,2025-10-09
403629,46,364.0,7.91,39.57,4.0,8.0,2025-06-20,2025-10-16
417955,45,363.89,8.09,40.43,5.65,8.5,2025-04-18,2025-10-16
508292,45,363.87,8.09,40.43,0.42,13.03,2025-05-27,2025-10-10
420937,35,363.83,10.4,51.98,1.0,12.72,2025-04-22,2025-09-27
507143,65,363.32,5.59,27.95,0.68,9.0,2025-04-18,2025-10-16
105153,39,362.96,9.31,46.53,6.57,11.53,2025-04-21,2025-09-25
200604,29,362.38,12.5,62.48,12.0,12.87,2025-04-21,2025-07-23
506977,42,362.28,8.63,43.13,6.13,14.93,2025-04-18,2025-10-16
202239,34,361.82,10.64,53.21,6.97,11.5,2025-04-22,2025-09-30
101183,30,361.0,12.03,60.17,4.73,13.97,2025-04-18,2025-10-06
501808,30,360.69,12.02,60.11,8.5,12.78,2025-04-21,2025-10-11
504898,31,360.65,11.63,58.17,6.52,12.62,2025-05-19,2025-10-11
504856,55,360.49,6.55,32.77,3.0,9.0,2025-04-18,2025-10-16
412290,31,360.24,11.62,58.1,1.7,12.83,2025-04-26,2025-07-30
422117,45,359.8,8.0,39.98,1.6,8.72,2025-04-18,2025-07-08
93252,59,359.64,6.1,30.48,1.5,8.67,2025-04-19,2025-10-15
421968,36,359.3,9.98,49.9,2.0,17.13,2025-04-19,2025-10-11
416258,35,358.5,10.24,51.21,2.12,12.53,2025-04-18,2025-07-07
505983,44,358.11,8.14,40.69,6.33,12.65,2025-04-18,2025-06-18
101342,49,358.01,7.31,36.53,4.0,8.65,2025-04-20,2025-10-15
416534,30,358.0,11.93,59.67,1.52,13.1,2025-04-19,2025-10-11
406920,23,357.94,15.56,77.81,8.0,16.77,2025-04-19,2025-07-05
507578,29,357.89,12.34,61.71,7.0,16.6,2025-04-22,2025-10-11
417205,30,357.75,11.93,59.63,8.15,16.33,2025-04-18,2025-10-07
501436,40,357.65,8.94,44.71,4.8,16.0,2025-04-22,2025-10-16
404324,92,357.17,3.88,19.41,0.75,9.92,2025-04-18,2025-10-16
105337,37,357.07,9.65,48.25,4.5,12.5,2025-04-18,2025-10-10
507721,43,357.06,8.3,41.52,7.58,8.55,2025-04-18,2025-06-19
406430,36,356.97,9.92,49.58,4.3,11.23,2025-04-18,2025-07-11
114101,39,356.74,9.15,45.74,1.05,24.0,2025-04-18,2025-10-08
507959,42,356.45,8.49,42.43,8.0,8.85,2025-05-12,2025-07-08
506815,29,356.36,12.29,61.44,9.0,12.68,2025-04-21,2025-06-28
508041,44,356.32,8.1,40.49,0.6,8.7,2025-04-30,2025-07-08
502133,30,355.89,11.86,59.32,7.7,12.53,2025-04-18,2025-07-02
101976,36,355.41,9.87,49.36,1.75,12.52,2025-04-23,2025-09-26
505411,29,355.4,12.26,61.28,4.97,12.8,2025-04-30,2025-10-13
203855,38,355.39,9.35,46.76,5.38,12.78,2025-04-23,2025-09-25
101770,28,355.22,12.69,63.43,12.03,16.4,2025-04-21,2025-10-01
508475,42,355.16,8.46,42.28,8.0,9.12,2025-06-09,2025-10-16
202864,42,353.78,8.42,42.12,0.25,13.12,2025-04-18,2025-09-25
422538,43,352.97,8.21,41.04,4.0,8.62,2025-04-18,2025-07-07
505956,48,352.96,7.35,36.77,3.58,12.45,2025-04-23,2025-09-25
335834,43,352.91,8.21,41.04,6.12,8.73,2025-04-18,2025-09-29
403082,54,352.85,6.53,32.67,2.08,7.85,2025-04-18,2025-09-24
201720,42,352.65,8.4,41.98,3.2,15.28,2025-04-18,2025-09-24
02268,29,352.33,12.15,60.75,9.07,24.0,2025-09-15,2025-10-16
014180,45,352.24,7.83,39.14,3.53,9.05,2025-04-18,2025-07-07
505398,40,352.19,8.8,44.02,7.32,11.88,2025-04-18,2025-07-03
507622,31,351.87,11.35,56.75,8.37,12.85,2025-05-12,2025-10-11
508581,35,351.85,10.05,50.26,8.0,20.5,2025-06-16,2025-10-16
408315,34,351.79,10.35,51.73,5.38,11.38,2025-04-23,2025-09-24
201089,33,351.72,10.66,53.29,6.82,12.88,2025-04-19,2025-10-06
506879,29,351.18,12.11,60.55,8.5,12.57,2025-04-19,2025-10-05
421899,44,351.17,7.98,39.91,4.0,10.65,2025-04-21,2025-10-09
503551,34,350.7,10.31,51.57,7.13,10.82,2025-04-18,2025-07-04
102964,33,350.6,10.62,53.12,1.0,12.87,2025-04-19,2025-10-11
501142,42,350.48,8.34,41.72,8.0,8.62,2025-04-18,2025-07-04
13480,50,350.17,7.0,35.02,5.0,8.58,2025-04-21,2025-09-25
102117-107941,59,350.0,5.93,29.66,2.0,8.0,2025-04-21,2025-07-04
504662,44,350.0,7.95,39.77,6.0,8.0,2025-05-05,2025-07-04
410786,29,349.97,12.07,60.34,2.57,12.98,2025-04-24,2025-10-07
501743,38,349.2,9.19,45.95,3.0,12.65,2025-04-22,2025-10-10
405302,23,349.04,15.18,75.88,8.0,17.63,2025-04-19,2025-07-05
501149,33,348.84,10.57,52.85,8.18,12.73,2025-04-24,2025-10-10
508118,31,348.8,11.25,56.26,0.02,12.85,2025-05-12,2025-10-11
508566,41,348.77,8.51,42.53,7.57,9.07,2025-06-16,2025-10-16
420458,67,348.76,5.21,26.03,3.0,7.02,2025-04-18,2025-10-16
204091,28,348.49,12.45,62.23,12.0,12.73,2025-04-18,2025-07-01
502613,42,348.21,8.29,41.45,8.0,8.55,2025-06-13,2025-10-16
203468,34,348.08,10.24,51.19,7.1,11.08,2025-04-21,2025-07-07
334036,29,347.89,12.0,59.98,4.67,12.77,2025-04-18,2025-10-07
401283,30,347.56,11.59,57.93,2.0,24.0,2025-04-25,2025-09-24
101873,37,347.36,9.39,46.94,0.58,24.0,2025-04-19,2025-10-15
101463,38,346.98,9.13,45.66,5.92,13.03,2025-04-21,2025-10-03
101131,44,346.56,7.88,39.38,2.85,9.72,2025-04-18,2025-09-24
101747,42,346.47,8.25,41.25,3.02,9.53,2025-04-18,2025-09-23
503887,34,346.38,10.19,50.94,0.17,13.3,2025-05-01,2025-10-13
508246,30,346.09,11.54,57.68,5.12,12.77,2025-06-09,2025-10-16
105052,36,345.91,9.61,48.04,4.38,30.0,2025-04-18,2025-10-11
506055,45,345.57,7.68,38.4,2.55,16.27,2025-04-18,2025-10-16
508586,40,345.48,8.64,43.19,6.0,9.75,2025-06-16,2025-10-16
506278,30,344.08,11.47,57.35,0.4,14.7,2025-04-21,2025-07-08
112833,43,344.0,8.0,40.0,8.0,8.0,2025-04-18,2025-07-03
336777,44,344.0,7.82,39.09,4.0,8.0,2025-04-24,2025-07-04
416437,40,343.98,8.6,43.0,4.5,12.62,2025-04-18,2025-10-11
507695,31,343.75,11.09,55.44,1.0,12.65,2025-05-12,2025-10-16
506596,34,343.59,10.11,50.53,0.12,12.32,2025-04-20,2025-10-11
504023,27,343.48,12.72,63.61,12.0,13.43,2025-04-19,2025-10-01
506780,35,343.3,9.81,49.04,6.55,10.48,2025-04-21,2025-06-26
411968,38,343.18,9.03,45.16,4.67,10.68,2025-05-27,2025-10-16
204033,33,342.99,10.39,51.97,5.2,11.12,2025-04-28,2025-07-08
506449,68,342.78,5.04,25.2,5.0,5.1,2025-04-21,2025-10-16
411982,35,342.56,9.79,48.94,4.18,12.23,2025-04-21,2025-10-15
506881,40,342.48,8.56,42.81,3.85,12.6,2025-04-18,2025-06-27
506711,28,342.41,12.23,61.14,5.0,15.0,2025-04-21,2025-06-25
101867,47,342.0,7.28,36.38,2.0,8.5,2025-04-23,2025-09-27
501477,31,341.89,11.03,55.14,8.0,12.63,2025-04-18,2025-10-11
421613,57,341.78,6.0,29.98,1.97,11.48,2025-04-21,2025-09-24
407380,39,341.75,8.76,43.81,7.6,24.0,2025-04-18,2025-09-24
402249,29,341.02,11.76,58.8,4.0,13.88,2025-04-19,2025-07-13
104002,42,340.84,8.12,40.58,1.0,8.65,2025-04-18,2025-10-12
103187,41,340.0,8.29,41.46,8.0,8.5,2025-04-23,2025-10-16
105091,45,339.49,7.54,37.72,0.4,8.8,2025-04-18,2025-07-07
205505,42,339.17,8.08,40.38,3.95,9.67,2025-04-21,2025-09-24
101219,36,338.08,9.39,46.96,3.42,11.23,2025-04-21,2025-09-26
111514,41,338.0,8.24,41.22,1.22,9.83,2025-04-21,2025-10-16
102019,40,337.93,8.45,42.24,1.22,9.98,2025-04-21,2025-07-03
506894,27,337.43,12.5,62.49,12.33,12.8,2025-04-24,2025-06-27
508450,40,337.35,8.43,42.17,8.0,8.5,2025-06-16,2025-10-16
506428,82,337.34,4.11,20.57,1.75,6.75,2025-04-18,2025-10-16
419036,41,337.12,8.22,41.11,4.0,8.62,2025-04-18,2025-09-30
405951,34,336.99,9.91,49.56,0.22,11.1,2025-04-24,2025-09-25
504255,55,336.79,6.12,30.62,0.75,9.47,2025-04-18,2025-09-24
103351,34,336.73,9.9,49.52,1.95,12.77,2025-04-18,2025-07-09
104158,41,336.5,8.21,41.04,3.42,13.78,2025-04-18,2025-09-23
413130,52,336.5,6.47,32.36,6.0,8.5,2025-04-18,2025-06-30
505528,30,336.37,11.21,56.06,7.5,16.0,2025-04-22,2025-10-03
504283,41,336.21,8.2,41.0,3.22,11.25,2025-04-18,2025-06-23
409186,42,336.0,8.0,40.0,8.0,8.0,2025-04-21,2025-07-03
503736,38,335.89,8.84,44.2,8.0,9.9,2025-04-18,2025-06-12
105080,75,335.77,4.48,22.38,3.63,8.0,2025-04-19,2025-10-16
505706,40,335.28,8.38,41.91,2.77,8.9,2025-04-18,2025-06-19
501779,31,335.21,10.81,54.07,5.0,12.68,2025-04-19,2025-10-11
504353,32,334.78,10.46,52.31,4.0,23.75,2025-04-23,2025-09-24
413487,33,334.31,10.13,50.65,5.92,10.58,2025-04-21,2025-07-03
105015-110555,32,334.08,10.44,52.2,6.52,14.05,2025-04-18,2025-07-08
119967,27,334.05,12.37,61.86,8.43,14.42,2025-04-19,2025-09-14
405743,39,333.94,8.56,42.81,5.5,8.8,2025-04-21,2025-10-10
413811,55,333.85,6.07,30.35,4.0,8.0,2025-04-21,2025-09-24
421460,40,333.67,8.34,41.71,5.95,14.18,2025-04-24,2025-10-16
502070,41,333.61,8.14,40.68,3.77,12.82,2025-04-18,2025-09-23
506768,27,333.6,12.36,61.78,8.67,13.35,2025-04-19,2025-06-17
101130,38,333.4,8.77,43.87,1.22,10.47,2025-04-18,2025-10-16
505880,41,332.38,8.11,40.53,4.07,8.55,2025-04-18,2025-06-13
504339,33,332.03,10.06,50.31,3.6,12.6,2025-04-22,2025-09-26
507113,39,332.02,8.51,42.57,7.42,8.92,2025-04-18,2025-09-24
507121,40,331.8,8.3,41.48,4.3,8.5,2025-05-09,2025-10-16
505243,41,331.75,8.09,40.46,3.98,8.58,2025-04-18,2025-06-13
204082,35,331.52,9.47,47.36,4.0,11.55,2025-04-20,2025-10-08
506164,42,331.5,7.89,39.46,4.18,10.03,2025-04-18,2025-10-16
204710,39,331.23,8.49,42.47,8.0,8.93,2025-04-21,2025-09-25
104263,35,330.96,9.46,47.28,1.13,12.48,2025-04-18,2025-07-03
507850,35,330.37,9.44,47.2,4.0,12.5,2025-06-09,2025-10-10
101695,42,330.3,7.86,39.32,1.0,8.65,2025-04-21,2025-10-15
301621,31,330.15,10.65,53.25,3.95,14.1,2025-04-21,2025-09-24
101563,55,330.0,6.0,30.0,0.27,11.58,2025-04-21,2025-09-24
421593,27,328.92,12.18,60.91,8.0,12.82,2025-04-18,2025-10-16
507405,37,328.7,8.88,44.42,8.5,12.5,2025-04-18,2025-10-10
504289,42,328.54,7.82,39.11,2.17,16.07,2025-04-19,2025-10-16
14795,27,328.5,12.17,60.83,10.37,24.0,2025-09-15,2025-10-15
202524,27,328.44,12.16,60.82,4.0,12.68,2025-04-19,2025-10-13
104382,39,328.19,8.42,42.08,4.37,13.7,2025-04-25,2025-10-11
10943,28,327.94,11.71,58.56,7.0,24.0,2025-09-16,2025-10-16
508477,28,327.8,11.71,58.54,8.0,12.62,2025-06-09,2025-10-14
505362,36,327.26,9.09,45.45,1.73,15.2,2025-04-19,2025-09-27
204164,31,327.1,10.55,52.76,4.0,12.7,2025-04-21,2025-10-08
415975,32,326.99,10.22,51.09,3.75,20.5,2025-04-23,2025-09-26
401989,37,326.96,8.84,44.18,4.57,12.73,2025-04-21,2025-10-16
101721,36,326.26,9.06,45.31,6.5,17.5,2025-04-24,2025-10-16
505665,27,325.86,12.07,60.34,8.0,12.88,2025-04-18,2025-06-17
506721,39,325.84,8.35,41.77,4.52,9.18,2025-04-18,2025-06-11
507902,32,325.33,10.17,50.83,6.5,17.57,2025-05-12,2025-07-08
103587,30,325.2,10.84,54.2,1.0,12.93,2025-04-23,2025-10-01
508529,36,325.03,9.03,45.14,2.1,20.5,2025-06-09,2025-10-16
203648,36,325.01,9.03,45.14,4.0,10.65,2025-04-18,2025-09-24
508217,28,324.98,11.61,58.03,8.0,12.83,2025-05-12,2025-07-08
405224,31,324.84,10.48,52.39,9.02,11.78,2025-04-18,2025-10-06
101010,56,324.63,5.8,28.98,4.98,6.08,2025-04-18,2025-09-26
12905,26,324.56,12.48,62.42,8.0,13.7,2025-06-11,2025-10-12
507625,34,324.32,9.54,47.69,6.02,10.5,2025-04-24,2025-10-15
504982,26,324.01,12.46,62.31,10.32,15.93,2025-04-18,2025-06-05
200141,50,323.74,6.47,32.37,4.5,13.78,2025-04-21,2025-09-24
416364,45,323.64,7.19,35.96,2.0,9.48,2025-04-18,2025-06-20
102121,39,323.54,8.3,41.48,3.0,16.0,2025-04-23,2025-10-16
104395,27,323.44,11.98,59.9,11.5,12.07,2025-04-18,2025-10-16
201432,30,323.24,10.77,53.87,8.0,12.87,2025-04-21,2025-10-10
400344,39,323.14,8.29,41.43,4.92,8.6,2025-04-21,2025-09-24
414012,36,323.05,8.97,44.87,3.0,12.93,2025-04-19,2025-07-02
416093,31,323.02,10.42,52.1,9.03,11.3,2025-04-21,2025-07-08
335866,32,322.94,10.09,50.46,3.03,13.0,2025-04-24,2025-10-08
421074,36,322.93,8.97,44.85,3.0,16.7,2025-04-19,2025-07-08
504833,31,322.91,10.42,52.08,7.95,16.37,2025-04-18,2025-09-24
504056,38,322.67,8.49,42.46,8.0,9.12,2025-04-18,2025-08-06
401768,36,322.43,8.96,44.78,3.7,10.65,2025-04-18,2025-07-03
101783,39,322.27,8.26,41.32,1.05,13.4,2025-04-18,2025-09-26
420298,30,322.19,10.74,53.7,6.15,13.57,2025-04-18,2025-06-15
501146,28,321.79,11.49,57.46,8.38,12.65,2025-04-20,2025-10-10
505791,26,321.41,12.36,61.81,9.02,13.43,2025-04-18,2025-06-03
417194,27,321.36,11.9,59.51,4.13,12.7,2025-04-20,2025-09-24
503988,30,321.2,10.71,53.53,2.47,12.58,2025-04-28,2025-09-23
102302,42,320.5,7.63,38.15,3.5,9.5,2025-04-21,2025-10-16
404047,28,320.18,11.44,57.18,4.0,13.3,2025-04-21,2025-09-30
416736,50,319.99,6.4,32.0,1.47,10.43,2025-04-21,2025-09-24
422196,28,319.95,11.43,57.13,1.0,12.6,2025-04-18,2025-10-11
336165,28,319.93,11.43,57.13,3.0,14.05,2025-04-21,2025-09-24
104957,37,319.38,8.63,43.16,8.0,9.07,2025-04-18,2025-07-05
420642,27,318.75,11.81,59.03,2.0,12.62,2025-04-25,2025-10-15
506477,39,318.5,8.17,40.83,3.0,8.58,2025-04-18,2025-07-11
201208,26,318.49,12.25,61.25,8.0,12.72,2025-04-18,2025-07-08
105317,34,317.84,9.35,46.74,5.17,11.57,2025-04-21,2025-09-26
101189,26,317.37,12.21,61.03,7.07,13.12,2025-04-18,2025-10-15
101789,56,317.27,5.67,28.33,1.98,7.27,2025-04-18,2025-09-26
105165,38,316.7,8.33,41.67,6.4,16.5,2025-04-18,2025-10-11
203130,33,316.61,9.59,47.97,1.5,13.92,2025-04-21,2025-10-07
420133,34,315.77,9.29,46.44,8.5,9.62,2025-04-19,2025-10-12
411091,26,315.77,12.15,60.72,5.12,13.03,2025-04-21,2025-10-13
508414,27,315.62,11.69,58.45,4.0,13.2,2025-06-09,2025-10-16
102145,56,315.5,5.63,28.17,4.0,10.5,2025-04-21,2025-10-16
500988,38,315.17,8.29,41.47,7.1,8.82,2025-04-18,2025-09-23
105012,36,314.93,8.75,43.74,2.0,9.62,2025-05-02,2025-10-15
104551,39,314.46,8.06,40.32,4.12,12.83,2025-04-18,2025-09-26
200077,38,314.28,8.27,41.35,1.0,10.98,2025-04-22,2025-10-16
507708,31,314.26,10.14,50.69,1.85,12.82,2025-04-18,2025-06-15
505171,39,313.44,8.04,40.18,0.73,8.65,2025-04-18,2025-06-11
101871,27,313.38,11.61,58.03,7.0,23.98,2025-05-16,2025-10-16
505086,24,313.36,13.06,65.28,8.5,23.98,2025-09-15,2025-10-16
422385,38,313.26,8.24,41.22,3.73,8.72,2025-04-21,2025-10-14
08243,27,312.87,11.59,57.94,7.97,18.0,2025-09-15,2025-10-16
301897,50,312.09,6.24,31.21,4.0,12.6,2025-04-24,2025-10-05
417069,30,312.06,10.4,52.01,7.17,12.88,2025-04-18,2025-10-03
500517,39,312.0,8.0,40.0,8.0,8.0,2025-04-18,2025-06-11
102034,39,312.0,8.0,40.0,8.0,8.0,2025-05-02,2025-10-16
413410,44,312.0,7.09,35.45,4.0,8.0,2025-04-18,2025-06-20
104572,61,311.05,5.1,25.5,2.82,16.0,2025-04-24,2025-10-16
403118,32,310.86,9.71,48.57,8.5,16.15,2025-04-19,2025-10-12
506549,37,310.83,8.4,42.0,1.5,16.5,2025-04-18,2025-10-11
101559,34,310.81,9.14,45.71,4.77,12.42,2025-04-18,2025-09-18
508517,44,310.64,7.06,35.3,3.5,8.28,2025-06-09,2025-10-15
507630,28,309.97,11.07,55.35,2.5,12.75,2025-04-18,2025-10-05
503480,38,309.55,8.15,40.73,0.02,8.93,2025-04-18,2025-07-11
104085,32,308.91,9.65,48.27,1.0,13.05,2025-04-18,2025-10-12
500688,25,308.62,12.34,61.72,10.62,12.67,2025-04-21,2025-07-04
508319,45,308.38,6.85,34.26,2.5,8.97,2025-05-28,2025-10-16
414231,33,308.08,9.34,46.68,0.63,23.5,2025-04-29,2025-10-15
102318,40,308.0,7.7,38.5,7.5,9.0,2025-04-21,2025-10-16
503801,53,308.0,5.81,29.06,2.0,14.0,2025-04-18,2025-09-26
101398,41,307.45,7.5,37.49,1.0,9.32,2025-04-19,2025-10-16
08192,25,307.37,12.29,61.47,8.08,18.0,2025-09-15,2025-10-16
502076,39,306.99,7.87,39.36,4.7,12.13,2025-04-19,2025-09-27
421274,43,306.87,7.14,35.68,1.07,13.13,2025-04-18,2025-07-03
105089,30,306.21,10.21,51.04,4.0,12.6,2025-04-23,2025-10-16
201337,30,305.66,10.19,50.94,8.4,11.15,2025-04-23,2025-09-29
507614,38,305.49,8.04,40.2,3.93,15.9,2025-04-19,2025-09-27
501864,42,305.38,7.27,36.35,3.67,9.22,2025-04-21,2025-09-24
504449,25,305.28,12.21,61.06,4.0,13.47,2025-04-20,2025-10-12
410960,30,305.23,10.17,50.87,1.0,12.88,2025-04-18,2025-10-07
202116,30,305.03,10.17,50.84,1.25,11.68,2025-04-22,2025-10-15
418292,25,304.53,12.18,60.91,4.0,24.0,2025-09-14,2025-10-16
202672,26,304.29,11.7,58.52,5.0,12.77,2025-04-21,2025-06-27
422508,25,304.06,12.16,60.81,8.42,14.12,2025-04-18,2025-10-13
304078,39,304.0,7.79,38.97,6.0,8.0,2025-04-18,2025-06-13
417976,35,303.9,8.68,43.41,3.35,12.72,2025-04-18,2025-10-15
205517,31,303.86,9.8,49.01,7.48,10.93,2025-04-24,2025-10-10
501065,23,303.84,13.21,66.05,9.0,16.67,2025-04-18,2025-09-19
07386,27,303.75,11.25,56.25,7.0,16.98,2025-09-14,2025-10-16
502267,27,303.3,11.23,56.17,0.12,12.62,2025-04-18,2025-10-06
504122,64,303.2,4.74,23.69,0.05,10.15,2025-04-22,2025-09-24
504812,26,302.95,11.65,58.26,5.63,16.53,2025-05-07,2025-10-16
102116,39,302.89,7.77,38.83,3.87,8.5,2025-04-21,2025-10-16
405545,32,302.79,9.46,47.31,8.02,10.95,2025-04-19,2025-10-12
501209,25,302.47,12.1,60.49,8.57,12.62,2025-04-19,2025-09-23
505020,33,302.42,9.16,45.82,1.0,12.57,2025-04-22,2025-10-06
508094,31,302.4,9.75,48.77,4.0,12.72,2025-05-12,2025-10-10
507422,51,302.21,5.93,29.63,4.6,8.82,2025-04-18,2025-09-27
02300,25,302.05,12.08,60.41,10.43,24.0,2025-09-16,2025-10-16
401621,35,301.91,8.63,43.13,7.08,12.67,2025-04-18,2025-10-11
101079,37,300.66,8.13,40.63,4.2,8.62,2025-04-18,2025-10-15
501134,33,300.66,9.11,45.55,6.7,10.58,2025-06-02,2025-10-10
130029,38,300.0,7.89,39.47,4.0,8.0,2025-04-28,2025-10-16
507640,39,299.59,7.68,38.41,1.0,16.27,2025-04-18,2025-10-04
506644,36,299.44,8.32,41.59,5.88,9.25,2025-04-18,2025-06-06
506460,41,299.33,7.3,36.5,2.5,11.07,2025-04-18,2025-10-16
420377,39,298.95,7.67,38.33,4.52,10.72,2025-04-18,2025-07-01
407672,37,298.83,8.08,40.38,3.75,10.62,2025-04-18,2025-06-06
508558,29,298.56,10.3,51.48,7.93,12.5,2025-06-16,2025-10-11
508449,25,298.03,11.92,59.61,8.33,12.5,2025-06-09,2025-10-09
507658,35,297.95,8.51,42.56,4.62,15.02,2025-04-19,2025-07-06
06305,30,297.59,9.92,49.6,8.47,17.98,2025-09-15,2025-10-16
422318,49,297.47,6.07,30.35,4.08,8.5,2025-04-22,2025-10-15
508341,25,296.63,11.87,59.33,8.5,12.98,2025-05-27,2025-10-11
505890,37,296.48,8.01,40.06,3.75,8.6,2025-04-19,2025-09-23
05417,25,296.23,11.85,59.25,6.85,24.0,2025-09-14,2025-10-15
420344,67,296.02,4.42,22.09,4.0,5.25,2025-04-18,2025-09-24
335225,37,296.0,8.0,40.0,8.0,8.0,2025-04-28,2025-10-16
422626,37,296.0,8.0,40.0,8.0,8.0,2025-04-18,2025-07-18
417190,26,295.8,11.38,56.88,0.37,16.5,2025-04-18,2025-10-11
418164,35,295.5,8.44,42.21,8.0,8.5,2025-05-26,2025-10-16
101223,27,295.47,10.94,54.72,4.0,12.55,2025-04-18,2025-09-30
505757,35,295.31,8.44,42.19,4.9,12.55,2025-04-18,2025-06-06
508628,34,295.13,8.68,43.4,8.0,11.62,2025-06-23,2025-10-16
504598,31,294.82,9.51,47.55,0.22,13.12,2025-04-21,2025-07-06
422679,28,294.48,10.52,52.59,4.0,13.6,2025-04-19,2025-06-13
110272,35,293.82,8.39,41.97,3.13,11.5,2025-04-18,2025-07-07
411962,31,293.8,9.48,47.39,5.67,10.3,2025-04-18,2025-10-15
503397,29,293.69,10.13,50.64,4.03,14.6,2025-04-19,2025-09-24
508426,40,293.26,7.33,36.66,3.03,9.08,2025-06-02,2025-10-16
413869,20,293.24,14.66,73.31,8.32,16.72,2025-04-26,2025-09-21
105034,46,293.15,6.37,31.86,0.1,9.8,2025-04-19,2025-10-13
404780,29,292.88,10.1,50.5,8.33,10.6,2025-04-23,2025-09-25
503120,40,292.68,7.32,36.59,2.5,9.13,2025-04-21,2025-10-15
508415,32,292.35,9.14,45.68,6.52,13.97,2025-06-09,2025-09-27
408035,35,292.0,8.34,41.71,8.0,8.5,2025-04-28,2025-10-16
508432,24,291.42,12.14,60.71,5.33,12.82,2025-06-15,2025-10-16
508233,25,290.89,11.64,58.18,4.0,12.58,2025-05-27,2025-10-15
504603,24,290.49,12.1,60.52,4.95,16.15,2025-04-18,2025-09-20
504896,24,290.43,12.1,60.51,8.0,12.63,2025-04-18,2025-09-26
205499,34,290.3,8.54,42.69,8.42,8.73,2025-04-19,2025-10-11
412633,26,290.24,11.16,55.82,2.5,12.88,2025-04-18,2025-07-02
401716,35,290.07,8.29,41.44,6.07,8.5,2025-04-18,2025-10-16
82578,37,289.8,7.83,39.16,3.92,9.98,2025-04-19,2025-10-12
418056,38,289.43,7.62,38.08,4.47,9.37,2025-04-18,2025-10-08
508287,25,289.37,11.57,57.87,7.5,12.53,2025-06-16,2025-10-11
504842,34,288.95,8.5,42.49,4.5,13.65,2025-04-19,2025-09-27
415803,23,288.57,12.55,62.73,12.0,12.88,2025-04-18,2025-07-05
302964,39,288.49,7.4,36.99,7.0,8.93,2025-04-28,2025-10-10
101155,36,288.08,8.0,40.01,4.5,9.0,2025-04-18,2025-09-22
416638,36,288.0,8.0,40.0,8.0,8.0,2025-05-02,2025-06-20
503347,36,288.0,8.0,40.0,8.0,8.0,2025-04-18,2025-06-06
406185,24,287.99,12.0,60.0,8.52,16.35,2025-04-18,2025-07-03
500720,24,287.9,12.0,59.98,8.4,20.5,2025-09-14,2025-10-16
419038,21,287.86,13.71,68.54,7.0,19.0,2025-04-21,2025-06-30
407908,21,287.36,13.68,68.42,8.5,23.98,2025-09-15,2025-10-16
13361,34,287.0,8.44,42.21,8.0,8.5,2025-05-30,2025-10-16
508107,25,286.73,11.47,57.35,8.0,12.65,2025-05-12,2025-07-07
401006,37,284.95,7.7,38.51,4.15,9.18,2025-04-21,2025-07-16
06463,25,284.77,11.39,56.95,8.43,24.0,2025-09-16,2025-10-15
420073,31,284.02,9.16,45.81,7.4,16.4,2025-04-18,2025-07-05
414605,34,284.0,8.35,41.76,8.0,8.5,2025-04-18,2025-10-16
409284,34,284.0,8.35,41.76,8.0,8.5,2025-06-02,2025-10-16
500842,34,284.0,8.35,41.76,8.0,8.5,2025-04-21,2025-10-16
333943,28,283.95,10.14,50.71,8.0,10.5,2025-04-22,2025-09-17
504959,23,283.03,12.31,61.53,8.72,12.7,2025-05-21,2025-07-08
508241,33,282.9,8.57,42.86,8.0,8.93,2025-05-19,2025-07-02
07241,29,282.8,9.75,48.76,6.85,24.0,2025-09-14,2025-10-16
105031,24,282.75,11.78,58.91,8.23,12.55,2025-04-30,2025-10-16
508234,25,282.6,11.3,56.52,4.0,12.55,2025-05-27,2025-10-09
08726,22,282.52,12.84,64.21,4.28,16.77,2025-09-14,2025-10-16
508535,24,282.41,11.77,58.84,8.5,12.8,2025-06-23,2025-10-16
105414,36,281.39,7.82,39.08,3.88,8.68,2025-04-19,2025-09-26
105442,34,281.23,8.27,41.36,4.22,10.93,2025-04-20,2025-06-05
419892,40,280.69,7.02,35.09,3.28,8.5,2025-04-18,2025-09-27
504364,38,280.58,7.38,36.92,4.13,11.73,2025-04-18,2025-10-16
504600,35,280.44,8.01,40.06,4.58,8.63,2025-04-18,2025-06-13
417932,46,279.95,6.09,30.43,2.9,8.0,2025-04-18,2025-07-08
508446,33,279.5,8.47,42.35,8.0,8.5,2025-07-11,2025-10-16
10763,33,279.5,8.47,42.35,8.0,8.5,2025-06-19,2025-10-16
503979,33,279.5,8.47,42.35,8.0,8.5,2025-04-25,2025-10-16
503974,21,279.49,13.31,66.55,2.72,18.93,2025-04-18,2025-09-21
102061,27,279.33,10.35,51.73,4.0,14.18,2025-04-18,2025-10-16
505450,25,279.2,11.17,55.84,7.0,16.98,2025-09-14,2025-10-16
508466,24,278.73,11.61,58.07,8.5,12.77,2025-06-09,2025-10-10
508098,24,278.62,11.61,58.05,7.0,12.67,2025-05-12,2025-10-15
103901,33,278.5,8.44,42.2,8.0,8.5,2025-04-18,2025-07-11
508332,35,278.38,7.95,39.77,3.77,9.87,2025-05-28,2025-10-16
506422,50,278.28,5.57,27.83,3.95,8.6,2025-04-21,2025-10-15
421909,34,278.25,8.18,40.92,4.48,9.7,2025-04-22,2025-09-24
104626,23,277.94,12.08,60.42,8.25,12.53,2025-05-08,2025-07-04
502581,49,277.93,5.67,28.36,3.92,8.5,2025-04-20,2025-10-15
508556,30,277.81,9.26,46.3,7.0,12.58,2025-06-16,2025-10-10
506457,50,277.2,5.54,27.72,3.9,8.52,2025-04-18,2025-10-13
409471,36,276.98,7.69,38.47,4.7,16.05,2025-04-19,2025-09-21
422663,25,276.57,11.06,55.31,8.0,12.98,2025-04-19,2025-07-05
104763,33,276.46,8.38,41.89,8.0,8.53,2025-04-19,2025-10-12
113794,34,276.09,8.12,40.6,4.0,10.0,2025-04-24,2025-09-30
202696,33,276.0,8.36,41.82,8.0,8.5,2025-04-21,2025-10-16
415644,33,276.0,8.36,41.82,8.0,8.5,2025-04-24,2025-10-16
95927,23,275.69,11.99,59.93,8.5,24.0,2025-09-15,2025-10-16
15121,28,275.52,9.84,49.2,8.0,17.57,2025-09-14,2025-10-16
504541,32,275.19,8.6,43.0,8.18,10.58,2025-04-18,2025-09-24
409050,30,274.99,9.17,45.83,7.45,10.37,2025-04-21,2025-09-23
422175,24,274.23,11.43,57.13,4.0,12.77,2025-04-19,2025-10-16
08194,25,274.08,10.96,54.82,9.5,18.0,2025-09-15,2025-10-16
505435,30,273.61,9.12,45.6,8.18,12.58,2025-04-25,2025-10-13
401879,74,273.07,3.69,18.45,2.53,4.6,2025-04-18,2025-10-16
508644,27,272.79,10.1,50.52,8.5,10.6,2025-06-23,2025-10-09
403863,19,272.72,14.35,71.77,8.1,16.63,2025-04-19,2025-09-27
101661,28,272.63,9.74,48.68,1.28,10.97,2025-04-18,2025-09-26
505503,36,272.26,7.56,37.81,3.92,8.65,2025-04-18,2025-06-27
11379,32,272.2,8.51,42.53,6.0,9.57,2025-04-18,2025-10-13
410864,34,272.0,8.0,40.0,3.5,8.5,2025-04-24,2025-10-16
13026,40,272.0,6.8,34.0,6.0,8.0,2025-04-23,2025-10-16
203211,33,272.0,8.24,41.21,4.0,8.5,2025-04-28,2025-10-16
01126,25,271.9,10.88,54.38,8.42,24.0,2025-09-15,2025-10-15
417271,27,271.76,10.07,50.33,2.0,12.78,2025-04-24,2025-07-08
506280,34,271.38,7.98,39.91,5.7,9.8,2025-04-18,2025-10-09
414083,32,271.35,8.48,42.4,8.37,8.55,2025-04-19,2025-10-05
08301,39,271.33,6.96,34.79,3.0,8.15,2025-04-23,2025-09-27
508421,23,271.22,11.79,58.96,8.5,12.63,2025-05-27,2025-10-05
08649,24,271.15,11.3,56.49,7.42,24.0,2025-09-15,2025-10-16
503296,32,270.75,8.46,42.3,5.0,10.07,2025-04-21,2025-09-24
416530,26,270.32,10.4,51.98,0.83,12.62,2025-04-22,2025-09-26
105036,27,270.02,10.0,50.0,0.02,12.5,2025-05-05,2025-10-16
13832,30,270.0,9.0,45.0,9.0,9.0,2025-09-04,2025-10-16
508336,25,269.92,10.8,53.98,4.5,12.53,2025-05-27,2025-10-09
14206,28,269.68,9.63,48.16,8.0,16.23,2025-09-14,2025-10-16
505760,34,269.64,7.93,39.65,2.15,10.62,2025-04-19,2025-10-08
421323,23,269.36,11.71,58.56,1.0,12.73,2025-04-28,2025-10-09
415315,22,269.35,12.24,61.22,8.63,13.2,2025-04-19,2025-07-06
415814,31,269.27,8.69,43.43,7.08,9.12,2025-04-19,2025-07-07
105537,32,269.01,8.41,42.03,7.57,9.13,2025-04-18,2025-06-02
14618,27,268.76,9.95,49.77,8.0,24.0,2025-09-16,2025-10-16
507355,41,268.15,6.54,32.7,2.12,9.45,2025-04-18,2025-09-23
202680,32,268.0,8.38,41.88,8.0,8.5,2025-04-18,2025-10-16
502148,33,267.8,8.12,40.58,5.87,12.0,2025-04-18,2025-10-03
506421,65,267.55,4.12,20.58,3.78,4.68,2025-04-18,2025-10-15
420892,30,267.43,8.91,44.57,2.0,12.55,2025-04-18,2025-10-16
102750,32,267.2,8.35,41.75,4.5,9.72,2025-04-19,2025-09-16
506410,32,267.0,8.34,41.72,4.0,8.5,2025-07-04,2025-10-16
105435,35,266.98,7.63,38.14,4.35,8.55,2025-04-20,2025-06-10
101774,31,266.93,8.61,43.05,8.03,12.0,2025-04-18,2025-09-18
420862,36,266.91,7.41,37.07,3.5,8.47,2025-04-18,2025-07-08
101158,33,266.5,8.08,40.38,1.0,8.75,2025-04-18,2025-10-16
105618,43,266.45,6.2,30.98,3.47,13.13,2025-05-11,2025-07-08
422503,22,266.09,12.1,60.48,11.82,12.47,2025-04-18,2025-06-05
508271,24,266.04,11.09,55.43,4.67,13.0,2025-05-27,2025-09-21
09546,25,265.93,10.64,53.19,8.5,14.25,2025-09-15,2025-10-16
507034,33,265.69,8.05,40.26,7.92,8.18,2025-04-19,2025-10-12
507297,26,265.32,10.2,51.02,8.3,12.63,2025-05-12,2025-10-11
102335,34,265.14,7.8,38.99,1.83,8.52,2025-04-18,2025-10-13
506061,31,265.09,8.55,42.76,5.75,16.3,2025-04-19,2025-10-15
202563,32,264.88,8.28,41.39,4.88,8.5,2025-04-24,2025-10-16
07971,27,264.59,9.8,49.0,8.5,15.5,2025-09-15,2025-10-16
504931,22,264.51,12.02,60.12,8.38,12.6,2025-04-18,2025-10-11
06892,24,264.5,11.02,55.1,6.0,15.5,2025-09-14,2025-10-16
508216,24,264.32,11.01,55.07,7.0,12.72,2025-05-27,2025-10-11
508447,32,264.2,8.26,41.28,4.0,8.55,2025-06-09,2025-10-16
502658,33,264.0,8.0,40.0,8.0,8.0,2025-04-23,2025-10-16
415069,33,264.0,8.0,40.0,8.0,8.0,2025-04-25,2025-07-04
336727,33,263.87,8.0,39.98,1.52,11.9,2025-05-02,2025-09-21
07784,31,263.5,8.5,42.5,8.5,8.5,2025-09-04,2025-10-16
61838,31,263.5,8.5,42.5,8.5,8.5,2025-09-04,2025-10-16
505958,31,263.32,8.49,42.47,8.0,8.58,2025-04-18,2025-05-30
101115,32,263.24,8.23,41.13,4.27,8.72,2025-04-19,2025-10-14
505960,26,262.87,10.11,50.55,8.42,15.5,2025-09-15,2025-10-16
505489,39,262.74,6.74,33.68,3.93,13.23,2025-04-18,2025-09-23
508074,22,262.69,11.94,59.7,4.68,12.57,2025-06-30,2025-10-16
506750,31,262.67,8.47,42.37,8.0,9.12,2025-04-18,2025-05-30
59964,26,262.17,10.08,50.42,8.47,23.92,2025-09-15,2025-10-16
502482,22,262.12,11.91,59.57,4.92,12.82,2025-09-14,2025-10-16
507808,23,262.07,11.39,56.97,4.2,12.67,2025-04-18,2025-09-21
102620,26,261.81,10.07,50.35,9.5,10.97,2025-04-19,2025-09-21
102547,29,261.59,9.02,45.1,2.87,10.5,2025-04-23,2025-10-15
15161,21,261.27,12.44,62.21,5.72,19.75,2025-09-15,2025-10-16
508316,23,261.23,11.36,56.79,8.0,12.6,2025-05-27,2025-10-11
101144,25,261.22,10.45,52.24,1.0,12.8,2025-04-23,2025-10-09
200480,29,260.64,8.99,44.94,6.0,10.53,2025-04-21,2025-07-30
422392,31,260.18,8.39,41.96,8.27,8.5,2025-04-18,2025-10-13
504993,21,260.16,12.39,61.94,2.5,13.62,2025-04-22,2025-10-02
508342,31,260.13,8.39,41.96,8.0,8.58,2025-05-27,2025-07-08
507649,34,260.05,7.65,38.24,1.48,8.62,2025-04-18,2025-06-07
201382,31,260.0,8.39,41.94,8.0,8.5,2025-05-09,2025-10-16
419928,31,260.0,8.39,41.94,8.0,8.5,2025-04-21,2025-10-16
507372,31,260.0,8.39,41.94,8.0,8.5,2025-05-02,2025-10-16
14200,21,259.97,12.38,61.9,10.42,24.0,2025-09-15,2025-10-15
414853,32,259.68,8.12,40.58,0.5,10.0,2025-04-18,2025-05-30
421496,22,259.27,11.78,58.92,6.4,12.55,2025-04-19,2025-06-04
409307,34,259.12,7.62,38.11,4.35,8.92,2025-04-18,2025-09-22
507922,22,258.93,11.77,58.85,8.5,12.63,2025-05-27,2025-10-08
404800,34,257.86,7.58,37.92,3.12,8.75,2025-04-28,2025-10-16
506996,31,257.58,8.31,41.55,2.0,8.65,2025-04-28,2025-10-04
101722,31,257.46,8.31,41.53,2.58,17.5,2025-04-18,2025-10-16
507912,33,257.41,7.8,39.0,1.2,8.93,2025-05-05,2025-07-07
401055,25,256.88,10.28,51.38,4.12,14.3,2025-04-29,2025-09-24
508380,22,256.22,11.65,58.23,8.0,12.62,2025-05-27,2025-10-11
507360,30,256.01,8.53,42.67,3.0,11.13,2025-04-18,2025-05-29
514642,26,256.0,9.85,49.23,8.5,15.5,2025-09-15,2025-10-16
407237,39,255.0,6.54,32.69,1.0,8.5,2025-04-18,2025-10-16
508381,31,254.94,8.22,41.12,4.4,8.65,2025-05-27,2025-07-08
507867,26,254.6,9.79,48.96,7.92,12.5,2025-05-27,2025-10-10
505216,28,254.59,9.09,45.46,4.9,10.07,2025-04-21,2025-07-08
504839,21,254.32,12.11,60.55,8.0,12.58,2025-05-27,2025-10-16
504533,43,254.23,5.91,29.56,4.08,7.47,2025-04-19,2025-07-08
504804,22,254.14,11.55,57.76,8.4,12.62,2025-05-10,2025-10-12
508520,30,254.14,8.47,42.36,8.0,8.85,2025-06-30,2025-10-16
201683,23,253.88,11.04,55.19,3.2,13.0,2025-04-21,2025-07-03
506603,30,253.87,8.46,42.31,8.0,10.65,2025-04-18,2025-10-11
422385-104837,35,253.68,7.25,36.24,5.03,9.65,2025-04-18,2025-07-04
506287,31,253.66,8.18,40.91,2.83,8.62,2025-04-18,2025-05-30
336332,31,253.63,8.18,40.91,6.52,8.87,2025-04-22,2025-07-08
504850,24,253.31,10.55,52.77,4.5,16.5,2025-09-14,2025-10-16
105427,64,253.24,3.96,19.78,2.93,4.53,2025-04-19,2025-10-16
15322,29,252.76,8.72,43.58,7.0,9.92,2025-09-14,2025-10-16
502888,35,252.65,7.22,36.09,4.07,8.75,2025-04-18,2025-10-16
11747,35,252.64,7.22,36.09,4.05,8.78,2025-04-18,2025-10-03
14711,23,252.63,10.98,54.92,8.5,12.85,2025-05-03,2025-09-28
505971,31,252.62,8.15,40.75,7.92,8.62,2025-05-21,2025-09-24
11090,31,252.1,8.13,40.66,7.95,8.33,2025-04-21,2025-10-14
416506,49,252.07,5.14,25.72,5.0,5.38,2025-04-22,2025-10-16
506954,28,252.03,9.0,45.01,7.93,12.38,2025-04-18,2025-09-23
410907,30,252.0,8.4,42.0,8.0,8.5,2025-04-23,2025-10-16
130150,32,252.0,7.88,39.38,4.0,8.0,2025-04-23,2025-10-16
201108,30,252.0,8.4,42.0,8.0,8.5,2025-05-23,2025-10-16
406181,30,252.0,8.4,42.0,8.0,8.5,2025-04-21,2025-10-16
203048,30,252.0,8.4,42.0,8.0,8.5,2025-05-08,2025-10-16
203642,30,252.0,8.4,42.0,8.0,8.5,2025-04-18,2025-10-16
336345,35,251.6,7.19,35.94,2.67,9.93,2025-04-18,2025-09-24
506254,30,251.51,8.38,41.92,0.03,16.6,2025-04-19,2025-09-20
506708,29,251.07,8.66,43.29,8.38,9.78,2025-04-18,2025-10-09
203832,30,251.0,8.37,41.83,8.0,8.5,2025-06-17,2025-10-16
101647,31,250.79,8.09,40.45,0.53,24.0,2025-05-09,2025-10-15
508422,21,250.52,11.93,59.65,8.5,16.13,2025-05-27,2025-07-07
501501,24,250.36,10.43,52.16,4.32,16.63,2025-04-19,2025-10-05
06183,21,250.34,11.92,59.6,10.35,22.0,2025-09-15,2025-10-16
505019,26,250.17,9.62,48.11,1.0,12.53,2025-04-26,2025-10-15
101083,25,250.0,10.0,50.0,10.0,10.0,2025-09-04,2025-10-16
102509,25,250.0,10.0,50.0,10.0,10.0,2025-09-04,2025-10-16
406050,24,250.0,10.42,52.08,10.0,10.5,2025-06-30,2025-10-16
104214,21,249.94,11.9,59.51,11.3,12.2,2025-04-24,2025-09-21
103638,26,249.84,9.61,48.05,4.42,12.72,2025-04-22,2025-10-14
01443,23,249.79,10.86,54.3,10.47,13.0,2025-09-15,2025-10-16
507105,21,249.4,11.88,59.38,6.77,12.5,2025-04-18,2025-09-26
15086,21,249.29,11.87,59.35,5.03,15.53,2025-09-16,2025-10-16
416744,30,248.37,8.28,41.39,2.05,8.77,2025-06-03,2025-10-10
504434,27,248.37,9.2,45.99,4.63,10.28,2025-04-21,2025-05-30
07933,26,248.36,9.55,47.76,6.0,19.0,2025-09-14,2025-10-16
508207,28,248.24,8.87,44.33,8.25,12.5,2025-09-14,2025-10-16
04812,21,248.21,11.82,59.1,8.5,24.0,2025-09-15,2025-10-10
101096,31,248.0,8.0,40.0,8.0,8.0,2025-09-04,2025-10-16
508231,22,247.65,11.26,56.28,7.67,12.58,2025-05-27,2025-07-08
506671,29,247.23,8.53,42.63,5.18,9.35,2025-04-21,2025-09-24
508057,29,246.9,8.51,42.57,7.98,9.55,2025-06-16,2025-10-16
406830,29,246.57,8.5,42.51,8.0,8.67,2025-06-09,2025-09-24
507036,47,246.23,5.24,26.19,0.02,7.82,2025-04-18,2025-09-23
104115,49,246.2,5.02,25.12,3.65,6.38,2025-04-22,2025-10-04
506409,29,246.0,8.48,42.41,8.0,8.5,2025-07-04,2025-10-16
508379,21,245.95,11.71,58.56,8.5,12.6,2025-05-27,2025-07-06
502498,23,245.55,10.68,53.38,1.0,16.27,2025-04-23,2025-10-11
507629,41,245.34,5.98,29.92,4.07,9.13,2025-04-19,2025-07-08
508228,23,245.18,10.66,53.3,4.5,12.63,2025-05-27,2025-10-11
08345,26,245.01,9.42,47.12,8.48,11.5,2025-09-15,2025-10-16
421087,34,245.0,7.21,36.03,2.75,9.22,2025-04-22,2025-09-18
508340,22,244.77,11.13,55.63,4.5,12.6,2025-05-27,2025-07-07
102546,44,244.36,5.55,27.77,4.9,6.13,2025-04-18,2025-09-25
412263,22,244.17,11.1,55.49,3.0,19.0,2025-04-18,2025-06-17
503712,29,244.12,8.42,42.09,8.0,8.63,2025-04-19,2025-07-19
130018,31,244.0,7.87,39.35,4.0,8.0,2025-04-21,2025-10-16
421664,29,244.0,8.41,42.07,8.0,8.5,2025-04-21,2025-10-16
420800,29,244.0,8.41,42.07,8.0,8.5,2025-05-26,2025-10-16
104534,29,244.0,8.41,42.07,8.0,8.5,2025-05-06,2025-10-16
506729,38,243.9,6.42,32.09,2.43,8.53,2025-04-19,2025-09-20
501376,37,243.85,6.59,32.95,2.63,8.88,2025-04-21,2025-07-18
505183,32,243.59,7.61,38.06,0.83,8.63,2025-04-18,2025-05-29
406983,29,243.5,8.4,41.98,8.0,8.5,2025-04-18,2025-10-16
501169,24,243.37,10.14,50.7,4.0,13.07,2025-04-27,2025-09-24
507025,26,242.77,9.34,46.69,7.38,16.28,2025-04-19,2025-10-12
504908,38,242.69,6.39,31.93,3.3,16.35,2025-04-18,2025-06-30
102213,36,242.58,6.74,33.69,0.65,8.85,2025-04-18,2025-09-25
503351,26,242.41,9.32,46.62,8.48,15.0,2025-09-15,2025-10-16
421656,46,242.19,5.27,26.33,2.05,8.65,2025-04-18,2025-06-20
101627,28,242.02,8.64,43.22,1.0,10.52,2025-04-18,2025-09-22
507186,28,241.89,8.64,43.19,2.0,12.7,2025-04-21,2025-10-08
409993,26,241.78,9.3,46.5,4.0,11.38,2025-04-18,2025-10-09
508230,21,241.59,11.5,57.52,4.0,12.65,2025-05-27,2025-07-05
420655,29,241.5,8.33,41.64,8.0,8.5,2025-05-19,2025-10-16
503861,25,241.42,9.66,48.28,3.72,13.07,2025-04-18,2025-07-08
418458,29,241.06,8.31,41.56,5.52,8.7,2025-04-18,2025-09-23
204137,27,241.0,8.93,44.63,3.07,10.75,2025-04-22,2025-07-14
411867,26,241.0,9.27,46.35,8.0,10.5,2025-04-25,2025-10-16
502906,31,240.98,7.77,38.87,1.0,19.0,2025-04-18,2025-09-21
01572,20,240.91,12.05,60.23,7.13,24.0,2025-09-22,2025-10-16
420691,30,240.9,8.03,40.15,4.38,8.7,2025-04-18,2025-10-01
507336,36,240.74,6.69,33.44,1.18,12.98,2025-04-21,2025-07-08
104903,33,240.5,7.29,36.44,3.5,9.0,2025-04-25,2025-10-16
502683,20,240.48,12.02,60.12,4.32,12.52,2025-05-09,2025-10-16
508602,30,240.29,8.01,40.05,6.5,8.53,2025-06-25,2025-10-16
101883,21,240.2,11.44,57.19,4.62,16.62,2025-04-19,2025-06-07
336766,30,240.0,8.0,40.0,8.0,8.0,2025-04-18,2025-05-29
336770,30,240.0,8.0,40.0,8.0,8.0,2025-05-12,2025-06-20
502862,30,240.0,8.0,40.0,8.0,8.0,2025-04-18,2025-10-16
410731,30,240.0,8.0,40.0,8.0,8.0,2025-05-27,2025-10-16
101449,24,240.0,10.0,50.0,10.0,10.0,2025-09-05,2025-10-15
100997,30,239.83,7.99,39.97,5.07,9.03,2025-04-18,2025-09-29
101767,23,239.5,10.41,52.07,10.0,10.5,2025-06-19,2025-10-16
508559,21,239.4,11.4,57.0,8.0,12.78,2025-06-23,2025-10-10
505472,26,239.34,9.21,46.03,8.0,16.27,2025-09-14,2025-10-16
103546,38,239.07,6.29,31.46,2.0,20.5,2025-04-18,2025-09-25
501221,20,239.05,11.95,59.76,8.62,12.83,2025-05-20,2025-07-07
302321,29,239.03,8.24,41.21,4.05,9.05,2025-04-18,2025-09-23
508256,21,238.84,11.37,56.87,8.0,12.63,2025-05-27,2025-07-07
09955,22,238.77,10.85,54.27,10.38,13.0,2025-09-15,2025-10-16
201278,25,238.56,9.54,47.71,8.0,12.83,2025-04-19,2025-10-14
13172,27,238.52,8.83,44.17,8.47,10.0,2025-09-15,2025-10-16
07671,28,238.39,8.51,42.57,8.48,8.63,2025-09-15,2025-10-16
503414,28,238.0,8.5,42.5,8.5,8.5,2025-09-09,2025-10-16
111944,24,238.0,9.92,49.58,7.0,10.5,2025-06-09,2025-10-09
400380,28,238.0,8.5,42.5,8.5,8.5,2025-09-09,2025-10-16
507691,28,238.0,8.5,42.5,8.5,8.5,2025-09-09,2025-10-16
508071,19,237.99,12.53,62.63,12.35,12.7,2025-05-26,2025-07-08
504971,20,237.98,11.9,59.5,1.5,12.62,2025-05-20,2025-07-02
101800,30,237.82,7.93,39.64,3.65,8.53,2025-05-02,2025-10-15
201212,22,237.81,10.81,54.05,6.0,20.0,2025-04-21,2025-10-07
508263,21,237.71,11.32,56.6,4.0,12.8,2025-06-23,2025-10-11
505557,21,237.67,11.32,56.59,8.05,24.0,2025-09-15,2025-10-16
202403,24,237.38,9.89,49.45,2.5,10.95,2025-04-21,2025-10-15
07743,28,237.33,8.48,42.38,4.45,14.5,2025-09-14,2025-10-16
101542,28,236.95,8.46,42.31,8.4,8.63,2025-04-22,2025-10-15
506065,30,236.88,7.9,39.48,4.15,8.78,2025-04-18,2025-09-24
103987,33,236.52,7.17,35.84,1.0,12.77,2025-04-18,2025-10-10
415992,19,236.21,12.43,62.16,8.93,12.95,2025-05-07,2025-10-16
405446,37,236.15,6.38,31.91,3.0,10.6,2025-04-21,2025-09-24
502962,28,236.0,8.43,42.14,8.0,8.5,2025-05-14,2025-10-16
414059,28,236.0,8.43,42.14,8.0,8.5,2025-05-05,2025-10-16
405391,28,236.0,8.43,42.14,8.0,8.5,2025-04-18,2025-10-16
415048,28,236.0,8.43,42.14,8.0,8.5,2025-04-21,2025-10-16
201277,28,236.0,8.43,42.14,8.0,8.5,2025-04-22,2025-10-16
501757,28,236.0,8.43,42.14,8.0,8.5,2025-05-23,2025-10-16
414452,28,236.0,8.43,42.14,8.0,8.5,2025-05-16,2025-10-16
405956,28,236.0,8.43,42.14,8.0,8.5,2025-05-20,2025-10-16
413170,28,236.0,8.43,42.14,8.0,8.5,2025-05-26,2025-10-16
502071,28,236.0,8.43,42.14,8.0,8.5,2025-06-18,2025-10-16
415145,28,236.0,8.43,42.14,8.0,8.5,2025-04-25,2025-10-16
06420,24,235.97,9.83,49.16,7.37,15.0,2025-09-14,2025-10-16
419710,19,235.88,12.41,62.07,12.0,13.88,2025-04-20,2025-06-16
102435,26,235.81,9.07,45.35,1.0,13.5,2025-04-24,2025-10-02
501718,27,235.74,8.73,43.66,7.43,16.37,2025-04-19,2025-07-05
508649,28,235.54,8.41,42.06,7.5,8.75,2025-06-30,2025-10-16
421002,27,235.49,8.72,43.61,5.0,14.98,2025-04-19,2025-09-21
102162,25,235.48,9.42,47.1,8.5,23.98,2025-09-15,2025-10-16
402542,32,235.36,7.35,36.78,2.0,12.32,2025-04-18,2025-09-23
505619,20,235.26,11.76,58.82,8.5,12.9,2025-04-18,2025-10-10
504866,23,235.07,10.22,51.1,8.28,12.53,2025-06-09,2025-10-14
419701,19,234.94,12.37,61.83,8.85,15.95,2025-05-01,2025-10-14
503738,19,234.93,12.36,61.82,12.0,12.55,2025-04-18,2025-05-30
03883,23,234.91,10.21,51.07,7.57,24.0,2025-09-16,2025-10-16
09180,20,234.79,11.74,58.7,10.3,24.0,2025-09-16,2025-10-15
14796,34,234.63,6.9,34.5,1.0,9.63,2025-04-23,2025-10-12
102819,36,234.59,6.52,32.58,0.93,9.12,2025-04-28,2025-09-24
15072,22,234.55,10.66,53.31,8.5,16.55,2025-09-16,2025-10-16
407995,28,234.5,8.38,41.88,8.0,8.5,2025-05-16,2025-10-16
508284,20,234.35,11.72,58.59,8.5,12.57,2025-05-27,2025-07-06
105246,20,234.25,11.71,58.56,7.15,12.57,2025-04-18,2025-05-25
504254,35,233.44,6.67,33.35,3.27,8.5,2025-04-23,2025-10-16
105313,26,233.03,8.96,44.81,4.38,10.38,2025-05-27,2025-07-08
501246,22,232.74,10.58,52.9,4.0,12.53,2025-06-30,2025-10-16
505073,31,232.74,7.51,37.54,1.95,15.9,2025-04-28,2025-07-07
14906,23,232.45,10.11,50.53,5.77,10.5,2025-09-16,2025-10-16
501491,35,232.37,6.64,33.2,3.6,8.42,2025-04-19,2025-10-16
501856,23,232.05,10.09,50.45,6.58,10.5,2025-09-16,2025-10-16
15317,22,232.01,10.55,52.73,10.37,11.17,2025-09-15,2025-10-16
506010,24,232.0,9.67,48.33,8.5,15.5,2025-09-15,2025-10-16
06857,29,232.0,8.0,40.0,8.0,8.0,2025-09-08,2025-10-16
506382,29,232.0,8.0,40.0,8.0,8.0,2025-05-26,2025-10-16
401473,28,232.0,8.29,41.43,4.0,8.5,2025-05-19,2025-10-16
508631,22,231.87,10.54,52.7,6.98,12.55,2025-06-23,2025-10-11
503358,27,231.52,8.57,42.87,4.5,9.5,2025-09-15,2025-10-16
503111,20,231.17,11.56,57.79,4.17,12.0,2025-04-21,2025-06-05
508214,57,231.02,4.05,20.26,2.25,8.0,2025-05-12,2025-10-16
14816,20,231.0,11.55,57.75,8.38,27.5,2025-09-14,2025-10-16
417348,25,230.98,9.24,46.2,8.0,12.07,2025-04-19,2025-10-16
12500,19,230.98,12.16,60.78,5.02,12.8,2025-09-14,2025-10-16
504217,28,230.93,8.25,41.24,7.98,8.7,2025-04-19,2025-06-20
10266,24,230.81,9.62,48.09,8.17,15.0,2025-09-15,2025-10-16
505016,21,230.77,10.99,54.95,8.0,12.5,2025-04-21,2025-10-16
09258,24,230.64,9.61,48.05,5.0,24.0,2025-09-14,2025-10-16
507886,19,230.38,12.13,60.63,8.5,13.07,2025-09-15,2025-10-16
408638,22,230.0,10.45,52.27,10.0,10.5,2025-05-26,2025-10-16
508236,20,230.0,11.5,57.5,8.5,12.72,2025-05-27,2025-07-02
06149,25,229.88,9.2,45.98,8.38,18.0,2025-09-14,2025-10-15
508512,25,229.72,9.19,45.94,6.88,16.32,2025-06-16,2025-09-24
15158,26,229.5,8.83,44.13,8.5,12.53,2025-09-14,2025-10-16
104206,25,229.24,9.17,45.85,1.0,10.58,2025-04-19,2025-09-27
417392,68,229.2,3.37,16.85,2.88,5.0,2025-04-21,2025-10-16
104647,27,229.16,8.49,42.44,8.32,9.03,2025-04-19,2025-10-16
514681,19,229.15,12.06,60.3,4.83,12.52,2025-09-15,2025-10-16
508257,20,229.12,11.46,57.28,8.5,12.53,2025-05-27,2025-07-02
510290,27,228.64,8.47,42.34,7.83,8.83,2025-06-30,2025-10-16
504488,37,228.64,6.18,30.9,3.02,8.45,2025-04-19,2025-07-08
508488,23,228.5,9.93,49.67,4.5,12.63,2025-06-30,2025-10-10
507726,27,228.0,8.44,42.22,8.0,8.5,2025-05-26,2025-10-16
406536,27,228.0,8.44,42.22,8.0,8.5,2025-05-26,2025-10-16
402898,27,228.0,8.44,42.22,8.0,8.5,2025-05-26,2025-10-16
504445,27,228.0,8.44,42.22,8.0,8.5,2025-05-26,2025-10-16
102238,29,228.0,7.86,39.31,4.0,8.0,2025-04-18,2025-10-16
410667,27,228.0,8.44,42.22,8.0,8.5,2025-04-25,2025-10-16
130052,29,228.0,7.86,39.31,4.0,8.0,2025-04-21,2025-10-16
418266,27,228.0,8.44,42.22,8.0,8.5,2025-05-26,2025-10-16
503836,27,228.0,8.44,42.22,8.0,8.5,2025-05-26,2025-10-16
503692,27,228.0,8.44,42.22,8.0,8.5,2025-05-26,2025-10-16
417305,27,227.75,8.44,42.18,6.0,9.33,2025-04-18,2025-05-27
507660,17,227.72,13.4,66.98,8.02,20.5,2025-09-15,2025-10-08
203171,19,227.71,11.98,59.92,10.0,12.83,2025-04-21,2025-10-03
12150,19,227.69,11.98,59.92,6.0,24.0,2025-09-15,2025-10-16
502127,22,227.55,10.34,51.72,8.73,10.53,2025-04-18,2025-10-10
402141,27,227.5,8.43,42.13,8.0,8.5,2025-04-25,2025-10-16
501431,27,227.5,8.43,42.13,8.0,8.5,2025-05-26,2025-10-16
420910,18,227.44,12.64,63.18,12.0,12.98,2025-04-18,2025-05-23
500572,23,227.36,9.89,49.43,8.5,14.65,2025-09-15,2025-10-15
13964,23,227.3,9.88,49.41,8.12,20.5,2025-09-15,2025-10-16
505667,24,227.22,9.47,47.34,5.3,10.43,2025-04-19,2025-09-20
508587,20,227.09,11.35,56.77,8.0,12.68,2025-06-23,2025-09-30
505410,23,226.72,9.86,49.29,7.32,14.2,2025-04-18,2025-05-23
421031,30,226.57,7.55,37.76,3.88,8.5,2025-04-22,2025-10-16
508487,27,226.5,8.39,41.94,8.0,8.5,2025-07-04,2025-10-16
501351,23,226.5,9.85,49.24,8.0,10.5,2025-06-19,2025-10-16
508461,27,226.5,8.39,41.94,8.0,8.5,2025-07-04,2025-10-16
508268,27,226.5,8.39,41.94,8.0,8.5,2025-07-04,2025-10-16
417983,18,226.24,12.57,62.84,7.92,18.18,2025-05-02,2025-07-05
507412,18,226.03,12.56,62.79,7.93,16.0,2025-09-15,2025-10-15
508507,20,225.88,11.29,56.47,4.0,12.7,2025-06-23,2025-10-10
402813,40,225.79,5.64,28.22,5.0,6.5,2025-04-18,2025-10-15
105454,28,225.73,8.06,40.31,6.93,8.58,2025-04-23,2025-09-22
204807,32,225.63,7.05,35.25,2.1,9.03,2025-04-22,2025-09-18
04881,32,225.61,7.05,35.25,1.38,10.45,2025-09-15,2025-10-16
101656,29,225.35,7.77,38.85,3.5,10.65,2025-04-20,2025-10-16
414655,27,225.0,8.33,41.67,8.0,10.5,2025-05-26,2025-10-16
505140,18,224.98,12.5,62.49,12.48,12.5,2025-04-23,2025-09-24
102599,34,224.97,6.62,33.08,2.93,12.4,2025-04-19,2025-10-08
500972,22,224.87,10.22,51.11,8.5,20.5,2025-09-17,2025-10-16
502238,26,224.71,8.64,43.21,5.48,23.98,2025-09-15,2025-10-16
501416,19,224.65,11.82,59.12,1.0,12.67,2025-05-25,2025-07-05
503661,19,224.61,11.82,59.11,6.25,12.93,2025-09-14,2025-10-15
507110,30,224.46,7.48,37.41,4.0,11.45,2025-04-19,2025-10-07
510598,17,224.32,13.2,65.98,5.12,24.5,2025-09-17,2025-10-15
08308,17,224.21,13.19,65.94,12.0,16.0,2025-09-14,2025-10-16
508317,20,224.21,11.21,56.05,4.5,12.62,2025-05-27,2025-07-06
417883,28,224.0,8.0,40.0,8.0,8.0,2025-04-21,2025-07-18
501994,27,224.0,8.3,41.48,8.0,8.5,2025-05-26,2025-10-16
503715,27,224.0,8.3,41.48,4.0,8.5,2025-05-02,2025-10-16
200222,20,224.0,11.2,56.0,8.0,24.0,2025-05-26,2025-07-14
410847,28,224.0,8.0,40.0,4.0,8.5,2025-05-26,2025-10-16
501052,27,223.95,8.29,41.47,3.67,11.55,2025-05-03,2025-06-18
505672,26,223.87,8.61,43.05,5.78,15.85,2025-04-18,2025-07-06
504093,19,223.75,11.78,58.88,4.22,13.17,2025-05-06,2025-10-06
105595,24,223.67,9.32,46.6,5.8,11.75,2025-04-22,2025-09-23
10834,24,223.64,9.32,46.59,8.0,17.77,2025-09-14,2025-10-16
200815,27,223.5,8.28,41.39,8.0,9.08,2025-04-22,2025-10-11
12421,30,223.47,7.45,37.25,3.47,8.0,2025-04-22,2025-07-03
11599,25,223.47,8.94,44.69,8.48,12.52,2025-09-15,2025-10-16
03569,23,223.11,9.7,48.5,8.47,24.0,2025-09-14,2025-10-10
336711,27,223.1,8.26,41.31,1.78,8.68,2025-06-02,2025-07-08
507089,32,223.04,6.97,34.85,1.77,8.92,2025-04-21,2025-06-27
502189,27,223.0,8.26,41.3,4.0,8.5,2025-05-09,2025-10-16
103397,21,222.66,10.6,53.01,5.25,12.93,2025-04-20,2025-07-03
421731,26,222.5,8.56,42.79,8.0,10.5,2025-04-29,2025-10-16
510514,24,222.38,9.27,46.33,9.0,10.77,2025-09-15,2025-10-16
422648,25,222.34,8.89,44.47,4.45,17.0,2025-04-19,2025-10-12
102416,28,221.92,7.93,39.63,5.97,8.08,2025-04-19,2025-10-12
334696,26,221.91,8.54,42.68,8.5,9.0,2025-04-19,2025-10-11
42606,24,221.8,9.24,46.21,3.38,19.0,2025-09-15,2025-10-16
15124,25,221.71,8.87,44.34,8.5,9.5,2025-09-14,2025-10-16
101950,26,221.7,8.53,42.63,5.38,13.0,2025-05-26,2025-10-16
02844,26,221.52,8.52,42.6,8.5,8.67,2025-09-04,2025-10-16
508424,19,221.51,11.66,58.29,8.5,12.65,2025-05-27,2025-07-05
510268,26,221.0,8.5,42.5,8.5,8.5,2025-09-14,2025-10-16
14048,26,221.0,8.5,42.5,8.5,8.5,2025-09-15,2025-10-16
501420,26,220.92,8.5,42.48,8.38,8.58,2025-04-22,2025-10-15
422714,18,220.84,12.27,61.34,8.48,12.7,2025-04-18,2025-06-02
101409,21,220.81,10.51,52.57,10.0,11.88,2025-04-19,2025-10-16
508203,21,220.51,10.5,52.5,8.48,15.5,2025-09-14,2025-10-16
102225,14,220.44,15.75,78.73,15.43,16.5,2025-04-23,2025-10-15
405073,26,220.37,8.48,42.38,8.0,8.5,2025-06-19,2025-10-16
508111,20,220.19,11.01,55.05,4.0,12.6,2025-05-27,2025-07-08
506851,29,220.13,7.59,37.95,4.0,9.72,2025-04-20,2025-09-24
90183,20,220.02,11.0,55.01,8.5,20.5,2025-09-15,2025-10-16
335203,26,220.0,8.46,42.31,8.0,8.5,2025-05-26,2025-10-16
507318,26,220.0,8.46,42.31,8.0,8.5,2025-06-20,2025-10-16
502286,26,220.0,8.46,42.31,8.0,8.5,2025-06-18,2025-10-16
418270,26,220.0,8.46,42.31,8.0,8.5,2025-06-19,2025-10-16
421214,26,220.0,8.46,42.31,8.0,8.5,2025-05-26,2025-10-16
203120,28,220.0,7.86,39.29,4.0,8.0,2025-05-16,2025-07-18
408323,26,220.0,8.46,42.31,8.0,8.5,2025-05-23,2025-10-16
419968,26,220.0,8.46,42.31,8.0,8.5,2025-06-19,2025-10-16
412818,26,220.0,8.46,42.31,8.0,8.5,2025-05-23,2025-10-16
503453,27,220.0,8.15,40.74,0.5,8.5,2025-05-27,2025-10-16
201110,26,220.0,8.46,42.31,8.0,8.5,2025-04-18,2025-10-16
422465,26,220.0,8.46,42.31,8.0,8.5,2025-04-29,2025-10-16
501233,20,219.98,11.0,54.99,6.4,16.4,2025-04-19,2025-07-05
102183,26,219.92,8.46,42.29,1.0,13.17,2025-04-27,2025-09-14
05641,21,219.71,10.46,52.31,7.37,24.0,2025-09-17,2025-10-14
08029,22,219.7,9.99,49.93,5.0,24.0,2025-09-15,2025-10-15
507731,28,219.64,7.84,39.22,4.83,8.5,2025-04-25,2025-09-30
202267,24,219.36,9.14,45.7,3.93,13.2,2025-04-18,2025-10-07
522107,20,219.32,10.97,54.83,8.0,15.57,2025-09-15,2025-10-10
09710,20,219.04,10.95,54.76,8.48,15.5,2025-09-14,2025-10-16
507451,36,218.93,6.08,30.41,4.58,8.0,2025-04-26,2025-10-04
11737,25,218.9,8.76,43.78,8.43,11.02,2025-09-14,2025-10-16
406219,18,218.83,12.16,60.79,8.5,16.45,2025-04-26,2025-10-12
504787,26,218.78,8.41,42.07,8.0,8.52,2025-04-18,2025-05-23
103825,21,218.75,10.42,52.08,9.9,10.83,2025-04-21,2025-10-16
507851,26,218.64,8.41,42.05,4.0,15.52,2025-06-16,2025-09-26
14136,26,218.61,8.41,42.04,8.0,8.63,2025-09-14,2025-10-16
508462,26,218.5,8.4,42.02,8.0,8.5,2025-09-15,2025-10-16
416601,26,218.5,8.4,42.02,8.0,8.5,2025-05-07,2025-10-16
508238,26,218.5,8.4,42.02,8.0,8.5,2025-09-15,2025-10-16
510484,24,218.46,9.1,45.51,9.0,9.55,2025-09-15,2025-10-16
03777,42,218.42,5.2,26.0,2.92,8.08,2025-04-19,2025-09-24
420442,18,217.79,12.1,60.5,8.03,12.77,2025-05-22,2025-09-23
505095,24,217.71,9.07,45.36,7.52,12.5,2025-09-15,2025-10-16
508258,19,217.67,11.46,57.28,8.47,12.72,2025-05-27,2025-07-02
04374,24,217.37,9.06,45.29,8.15,15.07,2025-09-15,2025-10-16
510339,25,217.35,8.69,43.47,6.5,9.25,2025-06-30,2025-10-16
506686,26,217.19,8.35,41.77,6.0,9.2,2025-04-23,2025-10-07
504888,24,217.0,9.04,45.21,9.0,9.3,2025-09-15,2025-10-16
413588,27,216.96,8.04,40.18,0.67,19.77,2025-04-20,2025-09-28
506151,35,216.95,6.2,30.99,3.9,8.57,2025-04-20,2025-09-30
416730,18,216.94,12.05,60.26,7.5,13.37,2025-04-18,2025-10-08
104886,17,216.61,12.74,63.71,8.5,13.42,2025-04-19,2025-05-26
412380,25,216.5,8.66,43.3,8.0,9.5,2025-04-25,2025-10-16
505777,32,216.39,6.76,33.81,4.0,8.17,2025-04-22,2025-10-16
08054,21,216.32,10.3,51.5,7.38,14.4,2025-09-15,2025-10-15
507418,25,216.28,8.65,43.26,8.5,9.45,2025-09-14,2025-10-16
504974,23,216.24,9.4,47.01,6.0,12.53,2025-04-18,2025-10-11
08210,16,216.23,13.51,67.57,2.0,20.23,2025-09-14,2025-10-16
420241,26,216.0,8.31,41.54,4.0,8.5,2025-05-16,2025-10-16
414783,27,216.0,8.0,40.0,8.0,8.0,2025-04-18,2025-10-16
500497,26,215.78,8.3,41.5,6.0,10.13,2025-09-14,2025-10-16
502332,20,215.67,10.78,53.92,8.43,16.48,2025-09-14,2025-10-15
500767,17,215.46,12.67,63.37,8.0,24.0,2025-09-15,2025-10-16
301742,24,215.36,8.97,44.87,8.0,10.12,2025-04-19,2025-10-08
12007,26,215.18,8.28,41.38,2.98,8.55,2025-09-14,2025-10-16
507861,25,215.1,8.6,43.02,8.33,10.55,2025-09-14,2025-10-16
507863,26,215.09,8.27,41.36,0.78,8.95,2025-06-02,2025-09-23
421184,33,215.03,6.52,32.58,6.23,6.77,2025-04-18,2025-09-23
202870,25,214.84,8.59,42.97,8.45,8.72,2025-04-18,2025-10-08
05782,21,214.66,10.22,51.11,4.27,11.08,2025-09-14,2025-10-16
15422,25,214.61,8.58,42.92,4.0,12.47,2025-09-14,2025-10-16
504900,23,214.59,9.33,46.65,4.33,12.68,2025-04-21,2025-10-11
422529,21,214.5,10.21,51.07,10.0,10.5,2025-04-18,2025-10-13
10103,24,214.0,8.92,44.58,8.5,9.5,2025-09-14,2025-10-16
418602,25,214.0,8.56,42.8,8.0,9.0,2025-07-03,2025-10-16
105322,31,213.76,6.9,34.48,4.03,12.07,2025-04-18,2025-09-22
08391,24,213.76,8.91,44.53,8.13,11.98,2025-09-16,2025-10-16
503225,26,213.57,8.21,41.07,7.58,8.6,2025-04-19,2025-09-21
417394,17,213.18,12.54,62.7,12.15,12.87,2025-04-22,2025-10-05
508417,18,213.15,11.84,59.21,4.68,12.85,2025-06-30,2025-10-14
15188,25,213.05,8.52,42.61,8.5,8.68,2025-09-15,2025-10-16
07455,25,213.0,8.52,42.6,6.0,9.0,2025-09-15,2025-10-16
105619,27,212.97,7.89,39.44,0.67,10.3,2025-04-21,2025-09-24
09097,24,212.89,8.87,44.35,8.32,10.97,2025-09-15,2025-10-16
13933,25,212.88,8.52,42.58,8.5,8.57,2025-09-15,2025-10-16
505296,25,212.69,8.51,42.54,8.43,8.58,2025-09-04,2025-10-16
508575,25,212.5,8.5,42.5,8.5,8.5,2025-06-16,2025-07-18
500560,25,212.5,8.5,42.5,8.5,8.5,2025-09-14,2025-10-16
508242,25,212.5,8.5,42.5,8.5,8.5,2025-09-15,2025-10-16
12516,24,212.43,8.85,44.26,7.48,14.82,2025-09-15,2025-10-16
510392,25,212.41,8.5,42.48,8.25,8.77,2025-09-14,2025-10-15
505690,25,212.29,8.49,42.46,8.45,8.55,2025-09-13,2025-10-16
06103,21,212.27,10.11,50.54,7.5,15.0,2025-09-17,2025-10-15
508225,17,212.12,12.48,62.39,12.23,12.52,2025-09-16,2025-10-16
102834,25,212.0,8.48,42.4,8.0,8.5,2025-07-04,2025-10-16
407436,25,212.0,8.48,42.4,8.0,8.5,2025-05-23,2025-10-16
336520,25,212.0,8.48,42.4,8.0,8.5,2025-07-01,2025-10-16
507454,25,212.0,8.48,42.4,8.0,8.5,2025-06-02,2025-10-16
417110,25,212.0,8.48,42.4,8.0,8.5,2025-06-20,2025-10-16
413520,25,212.0,8.48,42.4,8.0,8.5,2025-06-19,2025-10-16
413650,25,212.0,8.48,42.4,8.0,8.5,2025-07-04,2025-10-16
503942,25,212.0,8.48,42.4,8.0,8.5,2025-07-04,2025-10-16
415563,25,212.0,8.48,42.4,8.0,8.5,2025-05-16,2025-10-16
422545,25,212.0,8.48,42.4,8.0,8.5,2025-05-12,2025-10-16
405272,25,212.0,8.48,42.4,8.0,8.5,2025-05-26,2025-10-16
420246,25,212.0,8.48,42.4,8.0,8.5,2025-06-19,2025-10-16
101411,25,212.0,8.48,42.4,4.5,12.5,2025-07-02,2025-10-16
103403,25,212.0,8.48,42.4,8.0,8.5,2025-06-30,2025-10-16
302899,25,212.0,8.48,42.4,8.0,8.5,2025-06-19,2025-10-16
413167,25,212.0,8.48,42.4,8.0,8.5,2025-05-26,2025-10-16
510326,25,211.69,8.47,42.34,7.02,8.65,2025-09-15,2025-10-16
510378,25,211.67,8.47,42.33,7.92,8.5,2025-07-07,2025-10-16
507935,17,211.58,12.45,62.23,12.05,12.5,2025-09-16,2025-10-15
405453,35,211.56,6.04,30.22,3.03,9.87,2025-04-18,2025-09-26
13871,24,211.46,8.81,44.05,8.5,14.83,2025-09-14,2025-10-16
14390,24,211.34,8.81,44.03,8.5,9.88,2025-09-15,2025-10-16
09993,24,211.32,8.81,44.03,8.47,9.5,2025-09-15,2025-10-16
500412,25,211.28,8.45,42.26,7.27,8.73,2025-09-15,2025-10-16
500902,25,210.94,8.44,42.19,6.17,10.5,2025-06-02,2025-07-07
203138,19,210.81,11.1,55.48,1.62,18.5,2025-04-22,2025-06-17
14376,24,210.77,8.78,43.91,8.45,10.22,2025-09-15,2025-10-16
11329,20,210.64,10.53,52.66,10.5,10.73,2025-09-14,2025-10-16
03896,24,210.57,8.77,43.87,8.65,9.08,2025-09-15,2025-10-15
508373,24,210.41,8.77,43.84,6.0,9.5,2025-09-14,2025-10-16
505368,38,210.35,5.54,27.68,2.77,15.55,2025-04-21,2025-10-04
503088,24,210.29,8.76,43.81,4.0,10.33,2025-09-15,2025-10-16
421571,31,210.0,6.77,33.87,5.57,13.38,2025-04-20,2025-10-04
507067,20,209.8,10.49,52.45,10.45,10.5,2025-09-15,2025-10-16
14029,24,209.78,8.74,43.7,8.5,9.32,2025-09-15,2025-10-16
04034,20,209.78,10.49,52.45,9.67,10.72,2025-09-15,2025-10-16
506651,24,209.75,8.74,43.7,8.45,13.55,2025-09-14,2025-10-16
13551,25,209.6,8.38,41.92,5.97,8.52,2025-09-14,2025-10-16
47696,25,209.57,8.38,41.91,4.0,9.22,2025-09-14,2025-10-16
507698,26,209.48,8.06,40.28,8.0,9.0,2025-09-14,2025-10-16
14591,24,209.46,8.73,43.64,8.5,12.18,2025-09-15,2025-10-16
504911,25,209.17,8.37,41.83,1.75,16.05,2025-09-14,2025-10-16
414546,24,209.0,8.71,43.54,8.0,15.0,2025-05-26,2025-10-15
507050,23,208.98,9.09,45.43,8.93,9.5,2025-09-15,2025-10-16
201950,25,208.85,8.35,41.77,6.17,9.37,2025-04-18,2025-05-30
09586,24,208.8,8.7,43.5,8.5,9.62,2025-09-15,2025-10-16
11497,16,208.57,13.04,65.18,3.18,16.93,2025-09-16,2025-10-16
105344,25,208.5,8.34,41.7,3.0,9.5,2025-05-19,2025-10-16
421475,24,208.5,8.69,43.44,8.0,11.5,2025-05-16,2025-10-16
419696,17,208.48,12.26,61.32,12.0,12.92,2025-04-19,2025-06-21
14613,25,208.41,8.34,41.68,7.25,9.55,2025-04-25,2025-10-11
502527,20,208.35,10.42,52.09,8.27,11.47,2025-09-15,2025-10-16
502083,25,208.27,8.33,41.65,5.78,9.03,2025-04-18,2025-05-29
414250,32,208.17,6.51,32.53,1.65,8.68,2025-04-21,2025-10-16
09641,17,208.04,12.24,61.19,5.07,17.2,2025-09-14,2025-10-13
103455,25,208.0,8.32,41.6,4.0,8.5,2025-06-02,2025-10-16
112683,25,208.0,8.32,41.6,4.0,8.5,2025-06-13,2025-10-16
102450,26,208.0,8.0,40.0,8.0,8.0,2025-04-18,2025-09-19
14677,24,207.93,8.66,43.32,4.87,12.52,2025-09-15,2025-10-16
507273,25,207.9,8.32,41.58,1.32,9.17,2025-09-15,2025-10-16
510538,24,207.9,8.66,43.31,8.38,12.45,2025-09-15,2025-10-16
03761,24,207.82,8.66,43.3,8.5,9.18,2025-09-14,2025-10-16
500700,25,207.66,8.31,41.53,3.1,8.6,2025-09-14,2025-10-16
510602,26,207.58,7.98,39.92,2.25,8.5,2025-09-14,2025-10-16
506574,25,207.5,8.3,41.5,4.0,9.0,2025-06-13,2025-10-16
503564,26,207.4,7.98,39.88,2.37,8.7,2025-09-15,2025-10-16
205530,25,207.38,8.3,41.48,4.98,8.83,2025-04-19,2025-10-11
03177,24,207.2,8.63,43.17,8.23,9.42,2025-09-15,2025-10-16
508491,25,207.2,8.29,41.44,6.88,8.67,2025-06-02,2025-07-08
507275,19,207.19,10.9,54.52,5.95,20.5,2025-09-16,2025-10-16
504960,24,207.17,8.63,43.16,8.12,9.47,2025-09-15,2025-10-16
03328,24,207.13,8.63,43.15,6.03,10.25,2025-09-15,2025-10-16
507932,18,207.03,11.5,57.51,8.0,12.42,2025-05-27,2025-07-03
104748,25,207.0,8.28,41.4,6.0,8.5,2025-07-08,2025-10-16
503747,18,206.95,11.5,57.49,4.67,12.77,2025-04-20,2025-09-18
050879,24,206.71,8.61,43.06,8.5,9.35,2025-09-15,2025-10-16
507228,24,206.63,8.61,43.05,8.5,9.08,2025-09-15,2025-10-16
09538,24,206.62,8.61,43.05,8.5,9.02,2025-09-15,2025-10-16
502695,24,206.6,8.61,43.04,8.5,9.15,2025-09-15,2025-10-16
408795,17,206.52,12.15,60.74,11.97,12.5,2025-04-19,2025-10-05
410697,25,206.5,8.26,41.3,8.0,8.5,2025-05-26,2025-10-16
508595,25,206.47,8.26,41.29,6.0,16.0,2025-06-23,2025-10-16
14659,24,206.43,8.6,43.01,8.5,9.28,2025-09-15,2025-10-16
15270,24,206.36,8.6,42.99,8.45,9.47,2025-09-15,2025-10-16
15337,24,206.34,8.6,42.99,8.45,9.95,2025-09-14,2025-10-16
506526,18,206.29,11.46,57.3,7.33,13.48,2025-09-16,2025-10-16
503118,24,206.22,8.59,42.96,8.5,10.2,2025-09-14,2025-10-16
12939,24,206.16,8.59,42.95,8.3,11.52,2025-09-15,2025-10-16
409991,20,206.16,10.31,51.54,3.32,18.0,2025-05-03,2025-09-27
11826,24,206.08,8.59,42.93,8.5,8.98,2025-09-15,2025-10-16
11207,24,206.02,8.58,42.92,8.5,8.92,2025-09-15,2025-10-16
101932,24,206.0,8.58,42.92,5.0,10.5,2025-09-15,2025-10-16
103410,25,206.0,8.24,41.2,4.0,9.5,2025-04-28,2025-10-16
504577,24,205.96,8.58,42.91,7.0,9.12,2025-09-15,2025-10-16
504373,35,205.86,5.88,29.41,2.62,8.07,2025-04-21,2025-10-16
12407,18,205.84,11.44,57.18,5.0,24.0,2025-09-14,2025-10-16
13652,15,205.8,13.72,68.6,12.0,16.42,2025-09-14,2025-10-16
505000,24,205.8,8.58,42.88,7.83,8.9,2025-09-15,2025-10-16
12292,24,205.6,8.57,42.83,8.5,8.85,2025-09-15,2025-10-16
02022,24,205.6,8.57,42.83,8.48,9.18,2025-09-15,2025-10-16
04201,24,205.59,8.57,42.83,7.82,9.03,2025-09-15,2025-10-16
15016,24,205.57,8.57,42.83,8.33,9.25,2025-09-15,2025-10-16
12388,24,205.5,8.56,42.81,8.15,9.83,2025-09-15,2025-10-16
07803,20,205.43,10.27,51.36,7.88,10.5,2025-09-15,2025-10-16
502132,25,205.41,8.22,41.08,8.0,10.12,2025-09-14,2025-10-16
510611,24,205.39,8.56,42.79,8.02,9.82,2025-09-15,2025-10-16
505900,20,205.35,10.27,51.34,3.95,12.73,2025-04-20,2025-10-09
08722,22,205.34,9.33,46.67,5.9,13.57,2025-09-14,2025-10-15
13999,25,205.3,8.21,41.06,8.0,12.5,2025-09-14,2025-10-16
515698,24,205.3,8.55,42.77,8.5,8.73,2025-09-15,2025-10-16
505039,24,205.29,8.55,42.77,8.2,9.23,2025-09-15,2025-10-16
09626,25,205.29,8.21,41.06,1.18,11.15,2025-09-15,2025-10-16
503091,25,205.26,8.21,41.05,3.33,9.03,2025-09-15,2025-10-16
508411,21,205.25,9.77,48.87,8.0,16.23,2025-09-14,2025-10-13
02625,24,205.22,8.55,42.75,8.5,9.02,2025-09-14,2025-10-16
02341,20,205.22,10.26,51.3,8.47,13.68,2025-09-15,2025-10-10
10772,24,205.18,8.55,42.75,8.5,8.75,2025-09-15,2025-10-16
504576,24,205.17,8.55,42.74,6.28,9.85,2025-09-15,2025-10-16
08832,24,205.16,8.55,42.74,8.37,8.95,2025-09-15,2025-10-16
04931,24,205.12,8.55,42.73,8.5,8.67,2025-09-15,2025-10-16
06724,24,205.1,8.55,42.73,8.0,8.88,2025-09-15,2025-10-16
15428,24,205.08,8.55,42.73,8.5,9.0,2025-09-15,2025-10-16
02923,20,205.07,10.25,51.27,8.5,10.72,2025-09-15,2025-10-16
407027,26,205.06,7.89,39.43,6.03,8.18,2025-06-03,2025-10-16
507717,27,205.06,7.59,37.97,3.0,8.5,2025-04-18,2025-10-16
506281,24,205.04,8.54,42.72,6.65,9.35,2025-09-14,2025-10-15
504551,24,205.03,8.54,42.71,8.5,8.75,2025-09-15,2025-10-16
14507,24,205.02,8.54,42.71,7.58,9.35,2025-09-15,2025-10-16
514659,24,205.02,8.54,42.71,8.32,9.0,2025-09-15,2025-10-16
03529,24,205.0,8.54,42.71,8.5,8.7,2025-09-15,2025-10-16
400707,14,204.99,14.64,73.21,7.5,16.63,2025-04-26,2025-06-21
104706,24,204.98,8.54,42.7,8.5,8.73,2025-09-15,2025-10-16
14036,24,204.97,8.54,42.7,8.5,8.73,2025-09-15,2025-10-16
501034,24,204.94,8.54,42.7,8.5,8.65,2025-09-15,2025-10-16
15149,24,204.94,8.54,42.7,8.5,8.65,2025-09-14,2025-10-16
508630,24,204.91,8.54,42.69,8.5,8.68,2025-09-15,2025-10-16
507809,24,204.91,8.54,42.69,8.5,8.73,2025-09-15,2025-10-16
104847,34,204.9,6.03,30.13,3.0,9.0,2025-04-18,2025-07-07
502665,24,204.9,8.54,42.69,8.5,8.85,2025-09-15,2025-10-16
508403,24,204.86,8.54,42.68,8.27,8.73,2025-09-15,2025-10-16
506949,24,204.85,8.54,42.68,8.5,8.62,2025-09-15,2025-10-16
104683,21,204.84,9.75,48.77,1.7,12.0,2025-05-10,2025-07-08
15142,24,204.82,8.53,42.67,8.5,8.62,2025-09-15,2025-10-16
500867,25,204.82,8.19,40.96,3.67,8.5,2025-09-15,2025-10-16
07838,19,204.8,10.78,53.89,4.77,17.38,2025-09-14,2025-10-09
11793,24,204.74,8.53,42.65,8.37,9.38,2025-09-15,2025-10-16
510455,24,204.68,8.53,42.64,8.48,8.7,2025-09-15,2025-10-16
505788,24,204.67,8.53,42.64,8.5,8.62,2025-09-15,2025-10-16
506615,24,204.67,8.53,42.64,6.62,9.45,2025-09-15,2025-10-16
510537,24,204.66,8.53,42.64,8.5,8.9,2025-09-15,2025-10-16
504557,24,204.64,8.53,42.63,8.5,8.58,2025-09-15,2025-10-16
507325,24,204.62,8.53,42.63,8.5,8.65,2025-09-15,2025-10-16
502237,19,204.61,10.77,53.84,8.23,16.5,2025-09-14,2025-10-15
507037,24,204.6,8.53,42.63,8.5,8.75,2025-09-15,2025-10-16
504323,24,204.59,8.52,42.62,8.38,9.32,2025-09-14,2025-10-16
504793,24,204.57,8.52,42.62,8.5,8.65,2025-09-15,2025-10-16
15244,24,204.57,8.52,42.62,8.5,8.67,2025-09-14,2025-10-16
12865,24,204.55,8.52,42.61,8.5,8.62,2025-09-14,2025-10-16
15181,24,204.52,8.52,42.61,8.5,9.0,2025-09-14,2025-10-16
519624,24,204.51,8.52,42.61,8.48,8.7,2025-09-15,2025-10-16
07795,24,204.5,8.52,42.6,8.5,8.7,2025-09-15,2025-10-16
503175,24,204.5,8.52,42.6,8.5,8.63,2025-09-15,2025-10-16
13012,24,204.49,8.52,42.6,8.5,8.62,2025-09-15,2025-10-16
501263,24,204.48,8.52,42.6,8.5,8.63,2025-09-14,2025-10-16
07820,24,204.48,8.52,42.6,8.43,8.62,2025-09-15,2025-10-16
506256,24,204.47,8.52,42.6,8.45,8.93,2025-09-15,2025-10-16
506453,30,204.46,6.82,34.08,3.98,8.55,2025-04-19,2025-10-12
15039,24,204.44,8.52,42.59,8.43,8.67,2025-09-15,2025-10-16
15418,24,204.43,8.52,42.59,8.5,8.68,2025-09-15,2025-10-16
14679,24,204.4,8.52,42.58,8.42,9.0,2025-09-14,2025-10-16
09232,24,204.4,8.52,42.58,8.0,9.17,2025-09-15,2025-10-16
504555,24,204.39,8.52,42.58,8.45,8.6,2025-09-15,2025-10-16
504559,24,204.39,8.52,42.58,8.5,8.75,2025-09-15,2025-10-16
420823,24,204.37,8.52,42.58,8.5,8.62,2025-09-15,2025-10-16
510343,23,204.36,8.89,44.43,8.0,16.5,2025-07-07,2025-10-16
506730,24,204.34,8.51,42.57,8.5,8.57,2025-09-15,2025-10-16
10728,24,204.34,8.51,42.57,8.5,8.62,2025-09-15,2025-10-16
502872,24,204.31,8.51,42.56,7.43,9.33,2025-09-15,2025-10-16
07674,24,204.31,8.51,42.56,6.0,9.17,2025-09-15,2025-10-16
506898,25,204.3,8.17,40.86,3.15,9.08,2025-09-15,2025-10-16
504552,24,204.3,8.51,42.56,8.35,8.75,2025-09-15,2025-10-16
510539,20,204.28,10.21,51.07,4.88,10.55,2025-09-16,2025-10-16
505117,24,204.27,8.51,42.56,8.08,9.12,2025-09-15,2025-10-16
101152,25,204.27,8.17,40.85,4.7,8.63,2025-04-21,2025-09-24
503662,24,204.23,8.51,42.55,4.0,9.63,2025-09-15,2025-10-16
507842,24,204.23,8.51,42.55,8.47,8.65,2025-09-15,2025-10-16
510454,24,204.22,8.51,42.55,8.42,8.57,2025-09-15,2025-10-16
504578,24,204.21,8.51,42.54,8.35,8.63,2025-09-15,2025-10-16
07292,23,204.2,8.88,44.39,8.22,15.0,2025-09-15,2025-10-16
10113,24,204.19,8.51,42.54,8.5,8.55,2025-09-14,2025-10-16
11179,24,204.19,8.51,42.54,6.0,9.08,2025-09-15,2025-10-16
09708,24,204.18,8.51,42.54,8.48,8.55,2025-09-15,2025-10-16
85944,24,204.16,8.51,42.53,8.45,8.57,2025-09-15,2025-10-16
02900,24,204.15,8.51,42.53,8.43,8.62,2025-09-14,2025-10-16
505548,24,204.15,8.51,42.53,8.47,8.55,2025-09-15,2025-10-16
13488,24,204.13,8.51,42.53,8.42,8.58,2025-09-14,2025-10-16
15375,24,204.12,8.51,42.53,8.47,8.53,2025-09-15,2025-10-16
510398,24,204.1,8.5,42.52,8.4,8.68,2025-09-15,2025-10-16
14446,24,204.09,8.5,42.52,8.5,8.55,2025-09-15,2025-10-16
08896,24,204.09,8.5,42.52,8.08,8.63,2025-09-15,2025-10-16
05726,24,204.09,8.5,42.52,8.48,8.58,2025-09-15,2025-10-16
506535,24,204.07,8.5,42.51,8.45,8.57,2025-09-15,2025-10-16
05137,24,204.07,8.5,42.51,8.37,8.57,2025-09-15,2025-10-16
501948,24,204.06,8.5,42.51,8.43,8.62,2025-09-15,2025-10-16
510349,24,204.05,8.5,42.51,7.85,8.67,2025-09-15,2025-10-16
508329,24,204.03,8.5,42.51,6.0,9.03,2025-09-15,2025-10-16
10205,24,204.02,8.5,42.5,8.5,8.52,2025-09-14,2025-10-16
506374,27,204.0,7.56,37.78,6.0,8.0,2025-05-27,2025-07-03
08525,24,204.0,8.5,42.5,8.5,8.5,2025-09-15,2025-10-16
413277,24,204.0,8.5,42.5,8.5,8.5,2025-09-15,2025-10-16
421771,24,204.0,8.5,42.5,8.5,8.5,2025-09-15,2025-10-16
120686,24,204.0,8.5,42.5,8.5,8.5,2025-09-15,2025-10-16
510599,24,204.0,8.5,42.5,8.5,8.5,2025-09-15,2025-10-16
402114,24,204.0,8.5,42.5,8.5,8.5,2025-09-15,2025-10-16
502853,24,204.0,8.5,42.5,8.5,8.5,2025-09-15,2025-10-16
200103,24,204.0,8.5,42.5,8.5,8.5,2025-09-15,2025-10-16
406371,24,204.0,8.5,42.5,8.5,8.5,2025-09-15,2025-10-16
516704,24,204.0,8.5,42.5,8.5,8.5,2025-09-15,2025-10-16
411908,24,204.0,8.5,42.5,8.5,8.5,2025-09-15,2025-10-16
08638,24,204.0,8.5,42.5,8.5,8.5,2025-09-15,2025-10-16
418916,24,204.0,8.5,42.5,8.5,8.5,2025-09-15,2025-10-16
116162,24,204.0,8.5,42.5,8.5,8.5,2025-09-15,2025-10-16
15052,24,204.0,8.5,42.5,8.5,8.5,2025-09-15,2025-10-16
15112,24,204.0,8.5,42.5,8.5,8.5,2025-09-15,2025-10-16
405983,24,204.0,8.5,42.5,8.5,8.5,2025-09-15,2025-10-16
414644,24,204.0,8.5,42.5,8.5,8.5,2025-09-15,2025-10-16
416209,24,204.0,8.5,42.5,8.5,8.5,2025-09-15,2025-10-16
11360,24,204.0,8.5,42.5,8.5,8.5,2025-09-15,2025-10-16
101700,24,204.0,8.5,42.5,8.5,8.5,2025-09-15,2025-10-16
14544,24,204.0,8.5,42.5,8.5,8.5,2025-09-15,2025-10-16
409954,24,204.0,8.5,42.5,8.5,8.5,2025-09-15,2025-10-16
418414,24,204.0,8.5,42.5,8.5,8.5,2025-09-15,2025-10-16
102068,24,204.0,8.5,42.5,8.5,8.5,2025-09-15,2025-10-16
400698,24,204.0,8.5,42.5,8.5,8.5,2025-09-15,2025-10-16
506669,24,204.0,8.5,42.5,8.5,8.5,2025-09-15,2025-10-16
103170,24,204.0,8.5,42.5,8.5,8.5,2025-09-15,2025-10-16
101780,24,204.0,8.5,42.5,8.5,8.5,2025-09-15,2025-10-16
114014,24,204.0,8.5,42.5,8.5,8.5,2025-09-15,2025-10-16
416226,24,204.0,8.5,42.5,8.5,8.5,2025-09-15,2025-10-16
505811,24,204.0,8.5,42.5,8.5,8.5,2025-09-15,2025-10-16
15193,24,203.98,8.5,42.5,8.47,8.57,2025-09-15,2025-10-16
506870,24,203.98,8.5,42.5,6.45,9.18,2025-09-15,2025-10-16
510614,24,203.97,8.5,42.49,8.3,8.72,2025-09-15,2025-10-16
13609,24,203.96,8.5,42.49,8.28,9.12,2025-09-15,2025-10-16
505556,20,203.95,10.2,50.99,5.53,10.5,2025-09-15,2025-10-16
504582,24,203.94,8.5,42.49,8.42,8.58,2025-09-15,2025-10-16
508344,24,203.93,8.5,42.49,7.43,9.03,2025-09-15,2025-10-16
510551,24,203.91,8.5,42.48,8.37,8.57,2025-09-15,2025-10-16
504826,24,203.91,8.5,42.48,7.82,8.73,2025-09-15,2025-10-16
13895,24,203.85,8.49,42.47,8.1,8.63,2025-09-15,2025-10-16
335554,24,203.83,8.49,42.46,8.02,9.28,2025-04-18,2025-09-22
507274,24,203.82,8.49,42.46,8.4,8.6,2025-09-15,2025-10-16
08004,24,203.8,8.49,42.46,8.3,8.5,2025-09-14,2025-10-16
12718,24,203.77,8.49,42.45,8.42,8.53,2025-09-15,2025-10-16
500853,24,203.76,8.49,42.45,7.58,8.65,2025-09-15,2025-10-16
94334,24,203.74,8.49,42.45,6.8,8.9,2025-09-15,2025-10-16
503503,24,203.74,8.49,42.45,8.3,8.57,2025-09-15,2025-10-16
13966,24,203.73,8.49,42.44,8.38,8.57,2025-09-15,2025-10-16
12240,24,203.72,8.49,42.44,7.98,9.03,2025-09-15,2025-10-16
519623,24,203.7,8.49,42.44,8.27,8.77,2025-09-15,2025-10-16
06945,23,203.68,8.86,44.28,0.5,13.5,2025-09-15,2025-10-16
507466,24,203.66,8.49,42.43,8.4,8.5,2025-09-15,2025-10-16
411904,26,203.65,7.83,39.16,5.0,8.22,2025-04-23,2025-09-24
112292,19,203.6,10.72,53.58,6.0,12.67,2025-04-22,2025-06-30
510393,24,203.58,8.48,42.41,8.08,8.57,2025-09-15,2025-10-16
502666,24,203.58,8.48,42.41,8.37,8.5,2025-09-15,2025-10-16
500708,17,203.57,11.97,59.87,1.0,12.85,2025-04-18,2025-10-13
516716,24,203.56,8.48,42.41,8.37,8.55,2025-09-15,2025-10-16
510554,24,203.51,8.48,42.4,8.37,8.52,2025-09-15,2025-10-16
510463,24,203.5,8.48,42.4,6.0,9.0,2025-09-15,2025-10-16
14197,23,203.5,8.85,44.24,8.5,9.5,2025-09-14,2025-10-16
421180,24,203.5,8.48,42.4,8.0,8.5,2025-07-04,2025-10-16
508584,24,203.5,8.48,42.4,8.0,8.5,2025-07-04,2025-10-16
09535,17,203.37,11.96,59.81,2.5,12.8,2025-09-14,2025-10-15
406716,18,203.33,11.3,56.48,10.0,11.5,2025-04-26,2025-10-12
503999,24,203.32,8.47,42.36,7.38,8.63,2025-09-15,2025-10-16
504934,24,203.29,8.47,42.35,8.27,8.53,2025-05-08,2025-10-14
507192,20,203.28,10.16,50.82,3.1,11.07,2025-04-18,2025-05-22
10880,21,203.21,9.68,48.38,6.27,16.53,2025-09-14,2025-10-16
101001,24,203.17,8.47,42.33,8.02,9.35,2025-04-22,2025-09-23
510330,24,203.15,8.46,42.32,7.8,8.57,2025-09-15,2025-10-16
09753,16,203.13,12.7,63.48,8.0,20.0,2025-09-15,2025-10-16
09854,24,203.11,8.46,42.31,8.18,8.55,2025-09-15,2025-10-16
508640,24,203.1,8.46,42.31,7.13,8.67,2025-09-15,2025-10-16
420713,25,203.07,8.12,40.61,6.85,14.07,2025-05-04,2025-07-04
507591,24,203.06,8.46,42.3,7.0,9.43,2025-09-15,2025-10-16
15120,20,203.02,10.15,50.75,7.0,10.62,2025-09-16,2025-10-16
506528,24,203.02,8.46,42.3,7.5,8.55,2025-09-14,2025-10-16
507049,24,203.01,8.46,42.29,3.97,10.3,2025-09-15,2025-10-16
421577,24,203.0,8.46,42.29,8.0,8.5,2025-05-26,2025-10-16
14789,22,203.0,9.23,46.14,7.4,12.6,2025-09-15,2025-10-10
201290,24,203.0,8.46,42.29,8.0,8.5,2025-04-24,2025-10-16
114765,24,203.0,8.46,42.29,8.0,8.5,2025-05-26,2025-10-16
508219,22,202.99,9.23,46.13,7.52,15.95,2025-06-09,2025-09-27
14356,24,202.99,8.46,42.29,6.0,9.23,2025-09-15,2025-10-16
10172,24,202.96,8.46,42.28,8.27,8.5,2025-09-15,2025-10-16
506813,19,202.94,10.68,53.41,5.25,12.85,2025-04-20,2025-10-12
522056,24,202.94,8.46,42.28,7.28,8.62,2025-09-15,2025-10-16
505128,24,202.91,8.45,42.27,6.98,8.6,2025-09-15,2025-10-16
504568,24,202.89,8.45,42.27,8.08,8.5,2025-09-15,2025-10-16
504102,16,202.86,12.68,63.39,8.0,16.1,2025-09-16,2025-10-15
03394,24,202.78,8.45,42.25,7.08,8.65,2025-09-15,2025-10-16
510481,24,202.74,8.45,42.24,7.12,8.65,2025-09-15,2025-10-16
10252,24,202.68,8.45,42.23,8.17,8.68,2025-09-15,2025-10-16
05581,18,202.65,11.26,56.29,7.6,12.73,2025-09-14,2025-10-12
507326,24,202.63,8.44,42.21,7.5,8.65,2025-09-15,2025-10-16
410913,19,202.58,10.66,53.31,1.0,12.73,2025-04-18,2025-07-07
505603,24,202.55,8.44,42.2,8.0,8.78,2025-06-03,2025-07-08
02463,24,202.53,8.44,42.19,7.12,8.9,2025-09-14,2025-10-16
421179,31,202.53,6.53,32.67,5.9,7.08,2025-05-09,2025-09-24
08099,24,202.38,8.43,42.16,8.0,8.73,2025-09-14,2025-10-16
507350,24,202.36,8.43,42.16,6.65,8.63,2025-09-15,2025-10-16
506771,24,202.3,8.43,42.15,7.57,8.65,2025-09-15,2025-10-16
15252,24,202.24,8.43,42.13,8.0,16.1,2025-09-15,2025-10-16
505255,23,202.19,8.79,43.95,7.55,16.0,2025-04-26,2025-10-16
505756,24,202.17,8.42,42.12,5.92,8.77,2025-09-15,2025-10-16
420361,27,202.14,7.49,37.43,1.0,11.02,2025-04-19,2025-07-06
505132,24,202.14,8.42,42.11,7.17,8.58,2025-09-15,2025-10-16
15353,20,202.12,10.11,50.53,6.45,10.68,2025-09-15,2025-10-16
14324,24,202.1,8.42,42.1,6.45,8.67,2025-09-15,2025-10-16
419162,17,202.02,11.88,59.42,2.97,26.0,2025-04-21,2025-10-14
501027,24,202.02,8.42,42.09,7.2,8.6,2025-09-15,2025-10-16
103791,23,202.0,8.78,43.91,8.5,15.0,2025-09-16,2025-10-16
06017,24,201.96,8.42,42.07,5.5,9.0,2025-09-15,2025-10-16
13039,24,201.89,8.41,42.06,7.48,8.5,2025-09-15,2025-10-16
507864,18,201.84,11.21,56.07,5.0,17.12,2025-05-04,2025-10-05
13099,25,201.82,8.07,40.36,0.2,9.13,2025-09-15,2025-10-16
105384,26,201.71,7.76,38.79,1.92,9.87,2025-06-20,2025-10-16
14676,25,201.69,8.07,40.34,4.03,12.0,2025-04-18,2025-10-05
502844,17,201.64,11.86,59.31,8.42,12.5,2025-04-26,2025-10-11
500659,24,201.64,8.4,42.01,5.5,8.93,2025-09-15,2025-10-16
11982,24,201.57,8.4,41.99,6.25,8.53,2025-09-15,2025-10-15
15478,16,201.52,12.6,62.98,12.5,13.17,2025-09-15,2025-10-16
12581,24,201.5,8.4,41.98,8.0,8.5,2025-09-15,2025-10-16
419169,24,201.4,8.39,41.96,4.38,12.38,2025-04-19,2025-10-11
507345,24,201.39,8.39,41.96,6.98,8.58,2025-09-14,2025-10-16
13184,16,201.35,12.58,62.92,4.0,17.0,2025-09-21,2025-10-15
506283,24,201.32,8.39,41.94,5.62,8.7,2025-09-15,2025-10-16
04449,19,201.32,10.6,52.98,10.5,11.18,2025-09-15,2025-10-15
102900,19,201.3,10.59,52.97,9.1,13.43,2025-09-17,2025-10-16
507193,24,201.26,8.39,41.93,7.05,8.63,2025-09-15,2025-10-16
14799,25,201.25,8.05,40.25,8.0,8.5,2025-09-14,2025-10-16
507138,20,201.25,10.06,50.31,7.0,12.78,2025-04-21,2025-05-23
11380,22,201.19,9.15,45.72,8.0,17.0,2025-09-14,2025-10-16
421234,24,201.01,8.38,41.88,5.0,8.7,2025-09-15,2025-10-16
418346,23,201.0,8.74,43.7,8.0,10.5,2025-05-26,2025-10-16
506377,25,201.0,8.04,40.2,8.0,9.0,2025-06-04,2025-10-16
103687,24,201.0,8.38,41.88,7.0,8.5,2025-05-19,2025-10-16
14884,24,200.95,8.37,41.86,4.8,9.07,2025-09-15,2025-10-16
14208,24,200.84,8.37,41.84,4.0,9.0,2025-09-14,2025-10-16
10580,15,200.82,13.39,66.94,8.0,24.0,2025-09-16,2025-10-10
502982,25,200.77,8.03,40.15,8.0,8.2,2025-09-15,2025-10-16
105521,29,200.77,6.92,34.62,0.92,11.47,2025-04-25,2025-10-13
07331,25,200.68,8.03,40.14,7.98,8.25,2025-09-16,2025-10-16
200536,16,200.65,12.54,62.7,12.0,13.13,2025-04-20,2025-10-10
205013,16,200.63,12.54,62.7,12.0,12.85,2025-04-24,2025-10-11
417127,16,200.59,12.54,62.68,12.0,12.95,2025-04-18,2025-05-24
501422,16,200.52,12.53,62.66,12.43,12.93,2025-09-17,2025-10-14
101473,27,200.51,7.43,37.13,1.83,10.52,2025-04-18,2025-09-26
502625,24,200.5,8.35,41.77,8.0,8.5,2025-05-02,2025-10-16
13178,20,200.49,10.02,50.12,9.88,10.5,2025-09-14,2025-10-15
10427,24,200.48,8.35,41.77,6.0,8.93,2025-09-15,2025-10-16
08337,23,200.47,8.72,43.58,8.0,12.65,2025-09-15,2025-10-16
79483,19,200.46,10.55,52.75,5.98,18.0,2025-09-14,2025-10-15
416865,16,200.44,12.53,62.64,8.42,16.67,2025-04-21,2025-07-03
06037,20,200.43,10.02,50.11,4.05,12.5,2025-09-15,2025-10-16
101166,25,200.39,8.02,40.08,3.87,10.4,2025-04-18,2025-09-26
08408,19,200.38,10.55,52.73,10.17,10.97,2025-09-15,2025-10-16
92973,23,200.36,8.71,43.56,7.5,10.45,2025-09-15,2025-10-16
505999,22,200.34,9.11,45.53,9.0,9.65,2025-09-15,2025-10-16
503061,24,200.28,8.35,41.73,4.92,8.82,2025-09-15,2025-10-16
504584,23,200.2,8.7,43.52,7.83,9.8,2025-09-15,2025-10-16
101255,25,200.18,8.01,40.04,4.0,8.88,2025-06-03,2025-10-16
93450,24,200.15,8.34,41.7,8.0,16.0,2025-09-14,2025-10-16
05639,23,200.14,8.7,43.51,8.0,15.98,2025-09-14,2025-10-16
15282,20,200.13,10.01,50.03,4.8,10.5,2025-09-15,2025-10-16
06541,24,200.07,8.34,41.68,4.8,8.62,2025-09-15,2025-10-16
510510,24,200.03,8.33,41.67,5.55,8.78,2025-09-15,2025-10-16
13382,25,200.02,8.0,40.0,1.6,8.6,2025-09-15,2025-10-16
130078,25,200.0,8.0,40.0,8.0,8.0,2025-05-26,2025-10-16
506316,25,200.0,8.0,40.0,8.0,8.0,2025-07-18,2025-10-16
12278,25,200.0,8.0,40.0,8.0,8.0,2025-05-23,2025-10-16
510495,24,199.98,8.33,41.66,5.07,9.15,2025-09-15,2025-10-16
15307,26,199.76,7.68,38.42,1.0,8.83,2025-04-25,2025-10-12
508459,19,199.72,10.51,52.56,10.27,11.0,2025-09-15,2025-10-16
104259,25,199.71,7.99,39.94,4.27,16.07,2025-04-18,2025-09-16
505546,19,199.54,10.5,52.51,10.38,10.6,2025-09-15,2025-10-16
502755,15,199.51,13.3,66.5,8.3,20.5,2025-09-15,2025-10-15
507229,23,199.45,8.67,43.36,8.5,10.47,2025-09-15,2025-10-16
01694,24,199.43,8.31,41.55,4.0,8.52,2025-09-15,2025-10-16
510473,24,199.36,8.31,41.53,4.52,8.85,2025-09-15,2025-10-16
504143,24,199.35,8.31,41.53,2.52,10.08,2025-09-14,2025-10-16
10603,25,199.33,7.97,39.87,2.4,8.75,2025-09-15,2025-10-16
105000,27,199.24,7.38,36.9,4.0,9.25,2025-04-22,2025-09-30
07744,24,199.14,8.3,41.49,4.68,8.63,2025-09-15,2025-10-16
500768,17,199.08,11.71,58.55,8.5,13.55,2025-09-14,2025-10-12
03232,24,199.04,8.29,41.47,4.6,8.65,2025-09-15,2025-10-16
04209,19,199.0,10.47,52.37,10.05,10.58,2025-09-15,2025-10-15
421564,25,199.0,7.96,39.8,4.0,8.5,2025-04-24,2025-10-16
104696,24,198.96,8.29,41.45,6.9,8.62,2025-04-20,2025-06-15
13160,24,198.82,8.28,41.42,4.5,8.62,2025-09-15,2025-10-16
505562,47,198.8,4.23,21.15,3.95,4.52,2025-04-18,2025-07-07
508322,18,198.77,11.04,55.21,8.0,12.65,2025-06-09,2025-10-11
12852,24,198.74,8.28,41.4,2.77,10.4,2025-09-15,2025-10-16
502744,25,198.71,7.95,39.74,4.15,8.82,2025-04-22,2025-10-14
13493,24,198.62,8.28,41.38,6.02,8.62,2025-04-19,2025-09-18
12162,16,198.56,12.41,62.05,8.0,14.32,2025-09-16,2025-10-16
508618,24,198.5,8.27,41.35,8.0,8.5,2025-07-04,2025-10-15
11195,15,198.49,13.23,66.16,12.5,18.88,2025-09-15,2025-10-16
504149,23,198.45,8.63,43.14,8.48,10.1,2025-09-15,2025-10-16
505875,19,198.44,10.44,52.22,9.4,10.63,2025-09-15,2025-10-16
15221,23,198.39,8.63,43.13,8.47,9.42,2025-09-14,2025-10-16
101022,34,198.39,5.83,29.17,0.78,8.52,2025-04-19,2025-10-14
07027,24,198.35,8.26,41.32,0.98,9.62,2025-09-15,2025-10-16
14927,24,198.33,8.26,41.32,2.95,8.53,2025-09-15,2025-10-16
205497,23,198.29,8.62,43.11,8.47,9.75,2025-04-19,2025-07-05
06779,24,198.28,8.26,41.31,2.58,8.62,2025-09-15,2025-10-16
508537,31,198.24,6.39,31.97,4.42,8.0,2025-06-16,2025-10-16
14072,25,198.23,7.93,39.65,4.25,10.45,2025-09-14,2025-10-16
15468,23,198.21,8.62,43.09,8.5,9.55,2025-09-16,2025-10-16
01929,19,198.2,10.43,52.16,10.02,10.5,2025-09-15,2025-10-16
00025,23,198.18,8.62,43.08,7.52,12.02,2025-09-14,2025-10-16
507481,24,198.15,8.26,41.28,3.83,12.78,2025-09-15,2025-10-16
501508,29,198.1,6.83,34.16,3.92,11.0,2025-04-19,2025-09-24
506541,23,198.02,8.61,43.05,8.5,10.57,2025-09-14,2025-10-16
10816,23,198.01,8.61,43.05,8.5,9.15,2025-09-15,2025-10-16
506224,24,197.96,8.25,41.24,3.5,8.72,2025-09-15,2025-10-16
13763,24,197.92,8.25,41.23,2.18,8.65,2025-09-15,2025-10-16
510557,24,197.76,8.24,41.2,2.17,8.7,2025-09-15,2025-10-16
510472,23,197.72,8.6,42.98,8.07,9.0,2025-09-15,2025-10-16
420916,16,197.7,12.36,61.78,10.0,12.75,2025-04-18,2025-09-27
07907,16,197.66,12.35,61.77,4.53,19.0,2025-09-15,2025-10-16
12593,23,197.63,8.59,42.96,7.45,9.5,2025-09-15,2025-10-16
12994,19,197.58,10.4,51.99,9.67,10.53,2025-09-15,2025-10-16
420799,24,197.5,8.23,41.15,8.0,8.5,2025-04-24,2025-10-16
06864,19,197.4,10.39,51.95,8.72,10.58,2025-09-15,2025-10-16
06009,23,197.4,8.58,42.91,8.43,9.22,2025-09-16,2025-10-16
510462,24,197.36,8.22,41.12,4.0,8.53,2025-09-15,2025-10-16
507678,16,197.33,12.33,61.67,5.05,16.5,2025-09-14,2025-10-16
501397,24,197.27,8.22,41.1,1.97,8.5,2025-09-15,2025-10-16
12110,18,197.26,10.96,54.79,0.5,13.38,2025-09-15,2025-10-16
15465,17,197.2,11.6,58.0,8.0,14.92,2025-09-15,2025-10-16
505316,22,197.08,8.96,44.79,8.5,12.75,2025-04-18,2025-05-29
13968,33,197.03,5.97,29.85,3.55,12.03,2025-04-18,2025-06-01
77727,24,197.02,8.21,41.05,0.33,8.8,2025-09-14,2025-10-16
07520,23,197.01,8.57,42.83,8.5,9.1,2025-09-15,2025-10-16
15296,23,197.01,8.57,42.83,7.48,9.18,2025-09-15,2025-10-16
101442,23,197.0,8.57,42.83,8.5,10.0,2025-09-14,2025-10-16
02578,21,196.99,9.38,46.9,8.5,15.0,2025-09-15,2025-10-16
04741,17,196.98,11.59,57.94,9.58,24.0,2025-09-14,2025-10-16
500545,23,196.97,8.56,42.82,8.4,9.52,2025-09-15,2025-10-16
202499,23,196.93,8.56,42.81,8.4,10.42,2025-05-10,2025-10-11
102292,42,196.92,4.69,23.44,0.02,15.6,2025-04-21,2025-10-16
203289,20,196.85,9.84,49.21,1.08,11.72,2025-04-18,2025-06-20
504562,23,196.83,8.56,42.79,7.52,9.12,2025-09-16,2025-10-16
506002,23,196.78,8.56,42.78,8.5,9.0,2025-09-15,2025-10-15
08306,16,196.77,12.3,61.49,9.5,12.62,2025-09-16,2025-10-16
501951,23,196.71,8.55,42.76,5.72,11.62,2025-04-21,2025-09-26
510552,23,196.62,8.55,42.74,7.92,8.97,2025-09-15,2025-10-16
08341,23,196.5,8.54,42.72,8.5,9.5,2025-09-15,2025-10-16
102237,23,196.5,8.54,42.72,4.0,14.0,2025-05-29,2025-10-16
05105,23,196.48,8.54,42.71,7.92,9.53,2025-09-15,2025-10-16
07308,19,196.45,10.34,51.7,9.53,10.58,2025-09-15,2025-10-16
15470,16,196.43,12.28,61.38,7.85,14.32,2025-09-15,2025-10-10
500653,23,196.43,8.54,42.7,8.38,8.85,2025-09-15,2025-10-16
11582,24,196.35,8.18,40.91,3.38,9.47,2025-09-15,2025-10-16
13839,23,196.28,8.53,42.67,8.5,8.67,2025-09-14,2025-10-16
07328,23,196.25,8.53,42.66,8.48,8.75,2025-09-15,2025-10-16
506223,23,196.23,8.53,42.66,7.33,10.0,2025-09-15,2025-10-16
13100,31,196.22,6.33,31.65,3.72,11.98,2025-05-27,2025-09-26
504570,23,196.21,8.53,42.65,8.48,8.78,2025-09-15,2025-10-16
15698,23,196.2,8.53,42.65,8.43,8.87,2025-09-16,2025-10-16
200944,23,196.2,8.53,42.65,3.03,9.5,2025-04-23,2025-10-16
504569,23,196.18,8.53,42.65,8.5,8.77,2025-09-16,2025-10-16
102285,27,196.16,7.27,36.33,4.0,12.73,2025-04-18,2025-05-23
504563,23,196.15,8.53,42.64,8.45,9.07,2025-09-16,2025-10-16
104962,22,196.12,8.91,44.57,1.0,12.5,2025-04-22,2025-10-16
14079,24,196.06,8.17,40.85,3.02,8.58,2025-09-15,2025-10-16
103661,40,196.06,4.9,24.51,2.77,8.0,2025-04-21,2025-10-16
09719,21,196.01,9.33,46.67,4.08,16.57,2025-09-15,2025-10-16
130121,25,196.0,7.84,39.2,4.0,8.0,2025-05-22,2025-10-16
11082,25,196.0,7.84,39.2,4.0,8.0,2025-05-23,2025-10-16
104199-421871,19,196.0,10.32,51.58,4.0,15.5,2025-04-23,2025-07-05
09860,23,195.99,8.52,42.61,8.27,8.78,2025-09-15,2025-10-16
12623,23,195.98,8.52,42.6,8.48,8.75,2025-09-15,2025-10-16
508470,23,195.95,8.52,42.6,8.5,8.62,2025-09-14,2025-10-16
510334,23,195.95,8.52,42.6,8.48,8.63,2025-09-14,2025-10-16
504329,23,195.95,8.52,42.6,6.5,9.67,2025-09-15,2025-10-16
501337,23,195.92,8.52,42.59,8.5,8.58,2025-09-15,2025-10-15
514674,23,195.92,8.52,42.59,8.5,8.65,2025-09-15,2025-10-16
504476,23,195.9,8.52,42.59,8.5,8.6,2025-09-14,2025-10-16
15135,23,195.88,8.52,42.58,8.5,8.58,2025-09-14,2025-10-16
504566,23,195.87,8.52,42.58,3.58,10.13,2025-09-15,2025-10-16
506943,24,195.86,8.16,40.8,1.63,16.1,2025-09-16,2025-10-16
10114,23,195.86,8.52,42.58,8.5,8.63,2025-09-15,2025-10-15
510410,23,195.85,8.52,42.58,8.5,8.6,2025-09-15,2025-10-16
503625,23,195.85,8.52,42.58,8.4,8.67,2025-09-15,2025-10-16
420967,26,195.84,7.53,37.66,2.93,8.87,2025-04-18,2025-05-23
04352,23,195.84,8.51,42.57,8.5,8.58,2025-09-15,2025-10-16
504511,23,195.84,8.51,42.57,8.48,8.6,2025-09-15,2025-10-16
07623,23,195.82,8.51,42.57,8.5,8.72,2025-09-15,2025-10-16
504574,23,195.78,8.51,42.56,8.5,8.75,2025-09-15,2025-10-16
11498,23,195.78,8.51,42.56,8.5,8.63,2025-09-16,2025-10-16
10813,23,195.77,8.51,42.56,8.18,8.73,2025-09-15,2025-10-16
510401,23,195.67,8.51,42.54,8.5,8.55,2025-09-15,2025-10-16
02992,23,195.66,8.51,42.53,8.42,8.65,2025-09-16,2025-10-16
13788,23,195.66,8.51,42.53,8.47,8.58,2025-09-15,2025-10-15
504545,23,195.62,8.51,42.53,8.48,8.57,2025-09-15,2025-10-16
504589,23,195.61,8.5,42.52,8.45,8.57,2025-09-15,2025-10-16
505700,23,195.61,8.5,42.52,6.47,9.42,2025-09-16,2025-10-16
14084,24,195.59,8.15,40.75,8.0,8.62,2025-09-15,2025-10-16
10659,16,195.58,12.22,61.12,8.45,12.5,2025-09-15,2025-10-15
08974,20,195.57,9.78,48.89,8.5,16.75,2025-09-14,2025-10-16
02549,23,195.57,8.5,42.52,8.33,8.67,2025-09-15,2025-10-16
14382,23,195.57,8.5,42.52,8.5,8.57,2025-09-15,2025-10-16
510555,23,195.55,8.5,42.51,8.43,8.58,2025-09-15,2025-10-16
08757,25,195.52,7.82,39.1,1.5,8.77,2025-09-15,2025-10-16
13676,23,195.5,8.5,42.5,8.5,8.5,2025-09-15,2025-10-16
14701,23,195.5,8.5,42.5,8.5,8.5,2025-09-15,2025-10-16
505911,23,195.5,8.5,42.5,8.5,8.5,2025-09-15,2025-10-16
421088,23,195.5,8.5,42.5,8.5,8.5,2025-09-15,2025-10-16
418931,23,195.5,8.5,42.5,8.5,8.5,2025-09-15,2025-10-16
507099,23,195.49,8.5,42.5,8.45,8.57,2025-09-15,2025-10-16
510400,23,195.49,8.5,42.5,8.43,8.58,2025-09-15,2025-10-16
00518,16,195.43,12.21,61.07,8.0,12.62,2025-09-14,2025-10-13
505568,23,195.4,8.5,42.48,8.42,8.55,2025-09-15,2025-10-15
506691,23,195.39,8.5,42.48,8.4,8.58,2025-09-15,2025-10-16
500565,23,195.36,8.49,42.47,8.43,8.52,2025-09-15,2025-10-16
505250,15,195.31,13.02,65.1,8.43,16.37,2025-09-15,2025-10-14
12829,23,195.27,8.49,42.45,8.05,8.58,2025-09-14,2025-10-16
07736,23,195.15,8.48,42.42,8.4,8.5,2025-09-15,2025-10-16
08828,23,195.12,8.48,42.42,8.25,8.52,2025-09-15,2025-10-16
502736,16,195.06,12.19,60.96,8.0,12.65,2025-09-14,2025-10-16
05966,23,195.04,8.48,42.4,8.38,8.5,2025-09-15,2025-10-16
09499,23,195.03,8.48,42.4,8.28,8.58,2025-09-15,2025-10-16
14348,25,195.02,7.8,39.0,2.02,8.52,2025-09-15,2025-10-16
503510,20,195.01,9.75,48.75,4.0,12.7,2025-04-18,2025-10-05
104576,16,195.0,12.19,60.94,12.0,12.5,2025-04-19,2025-10-11
14315,16,194.91,12.18,60.91,4.25,16.28,2025-09-14,2025-10-13
08794,23,194.9,8.47,42.37,8.08,8.52,2025-09-15,2025-10-16
12205,16,194.86,12.18,60.89,8.0,12.65,2025-09-17,2025-10-16
506630,23,194.84,8.47,42.36,7.32,8.65,2025-09-15,2025-10-16
13629-108984,28,194.82,6.96,34.79,2.92,12.45,2025-04-20,2025-07-06
522071,23,194.81,8.47,42.35,6.5,9.12,2025-09-15,2025-10-16
504573,24,194.8,8.12,40.58,6.25,8.55,2025-09-15,2025-10-16
508641,23,194.8,8.47,42.35,8.37,8.5,2025-09-15,2025-10-16
422565,23,194.74,8.47,42.33,6.0,8.75,2025-04-19,2025-07-05
507812,17,194.73,11.45,57.27,6.6,12.63,2025-09-14,2025-10-16
501315,22,194.72,8.85,44.25,8.33,15.97,2025-09-17,2025-10-16
505352,23,194.71,8.47,42.33,7.07,9.48,2025-09-15,2025-10-16
65920,16,194.7,12.17,60.84,8.0,12.58,2025-09-16,2025-10-16
101275,33,194.6,5.9,29.48,5.8,6.02,2025-04-18,2025-06-12
504546,23,194.57,8.46,42.3,8.22,8.72,2025-09-15,2025-10-16
05550,24,194.53,8.11,40.53,3.27,8.62,2025-09-15,2025-10-16
418405,23,194.5,8.46,42.28,8.0,8.5,2025-05-26,2025-10-16
416146,23,194.5,8.46,42.28,8.0,8.5,2025-05-26,2025-10-16
505569,23,194.5,8.46,42.28,8.0,8.5,2025-09-15,2025-10-16
408231,23,194.5,8.46,42.28,6.0,9.0,2025-07-04,2025-10-16
504594,16,194.39,12.15,60.75,4.57,16.72,2025-04-19,2025-09-21
507613,22,194.31,8.83,44.16,8.5,9.63,2025-09-16,2025-10-16
501438,24,194.23,8.09,40.46,5.4,8.5,2025-04-18,2025-10-15
510509,23,194.18,8.44,42.21,7.68,8.67,2025-09-15,2025-10-16
12644,19,194.1,10.22,51.08,10.12,10.25,2025-09-15,2025-10-16
10845,15,194.07,12.94,64.69,8.0,16.0,2025-09-15,2025-10-16
12661,21,194.03,9.24,46.2,1.72,10.95,2025-09-15,2025-10-16
502185,23,194.0,8.43,42.17,8.0,8.5,2025-05-26,2025-10-16
501711,23,194.0,8.43,42.17,8.0,8.5,2025-04-21,2025-10-16
505470,19,193.98,10.21,51.05,5.15,16.48,2025-04-21,2025-10-16
500500,24,193.96,8.08,40.41,8.0,8.88,2025-09-15,2025-10-16
14201,16,193.95,12.12,60.61,5.02,13.13,2025-09-14,2025-10-13
503240,23,193.94,8.43,42.16,6.0,8.92,2025-04-18,2025-09-23
503065,24,193.92,8.08,40.4,8.0,8.45,2025-09-15,2025-10-16
504886,27,193.92,7.18,35.91,3.83,8.87,2025-04-29,2025-09-26
508500,23,193.89,8.43,42.15,7.95,8.5,2025-09-15,2025-10-16
502814,23,193.85,8.43,42.14,7.37,8.62,2025-09-15,2025-10-16
503761,18,193.85,10.77,53.85,10.5,14.05,2025-09-14,2025-10-13
102589,30,193.83,6.46,32.31,3.58,7.9,2025-04-23,2025-09-24
15339,19,193.64,10.19,50.96,0.87,12.55,2025-09-15,2025-10-16
504338,20,193.54,9.68,48.39,3.12,10.1,2025-09-14,2025-10-15
11418,23,193.53,8.41,42.07,5.47,8.75,2025-09-16,2025-10-16
13154,27,193.53,7.17,35.84,3.03,9.07,2025-09-20,2025-10-16
410165,17,193.45,11.38,56.9,7.0,12.88,2025-04-26,2025-10-09
504963,25,193.44,7.74,38.69,6.37,8.73,2025-04-18,2025-09-26
506871,23,193.42,8.41,42.05,4.77,9.68,2025-09-15,2025-10-16
14204,23,193.4,8.41,42.04,4.77,8.9,2025-09-16,2025-10-16
12206,23,193.38,8.41,42.04,5.13,9.02,2025-09-15,2025-10-16
06333,23,193.33,8.41,42.03,6.28,8.57,2025-09-15,2025-10-16
15038,24,193.26,8.05,40.26,7.63,8.88,2025-09-15,2025-10-16
505526,16,193.1,12.07,60.34,11.73,12.27,2025-04-18,2025-05-23
87247,25,192.87,7.71,38.57,2.08,8.6,2025-09-15,2025-10-16
11581,23,192.83,8.38,41.92,3.77,9.08,2025-09-15,2025-10-16
09315,16,192.69,12.04,60.22,6.45,12.62,2025-09-16,2025-10-14
102974,24,192.45,8.02,40.09,3.0,16.0,2025-04-19,2025-10-16
07288,16,192.4,12.03,60.13,7.0,16.5,2025-09-16,2025-10-14
401982,24,192.38,8.02,40.08,6.5,9.53,2025-04-18,2025-09-26
13344,16,192.37,12.02,60.12,2.9,13.3,2025-09-14,2025-10-16
104857,21,192.36,9.16,45.8,1.0,12.77,2025-04-18,2025-09-21
501013,16,192.31,12.02,60.1,8.4,12.58,2025-05-23,2025-10-16
01399,26,192.3,7.4,36.98,2.28,8.68,2025-09-15,2025-10-16
15694,23,192.27,8.36,41.8,4.87,8.75,2025-09-15,2025-10-16
14398,15,192.26,12.82,64.09,12.5,15.92,2025-09-15,2025-10-16
506724,23,192.15,8.35,41.77,4.75,8.68,2025-09-14,2025-10-16
400125,23,192.13,8.35,41.77,5.62,8.65,2025-04-28,2025-09-26
130088,24,192.0,8.0,40.0,8.0,8.0,2025-09-15,2025-10-16
11806,24,192.0,8.0,40.0,8.0,8.0,2025-09-15,2025-10-16
505731,24,192.0,8.0,40.0,8.0,8.0,2025-09-15,2025-10-16
506378,24,192.0,8.0,40.0,8.0,8.0,2025-09-15,2025-10-16
130241,24,192.0,8.0,40.0,8.0,8.0,2025-09-15,2025-10-16
505156,24,192.0,8.0,40.0,8.0,8.0,2025-04-18,2025-07-05
505130,24,192.0,8.0,40.0,8.0,8.0,2025-09-15,2025-10-16
130008,24,192.0,8.0,40.0,8.0,8.0,2025-09-15,2025-10-16
506366,24,192.0,8.0,40.0,8.0,8.0,2025-09-15,2025-10-16
130239,24,192.0,8.0,40.0,8.0,8.0,2025-09-15,2025-10-16
101174,24,192.0,8.0,40.0,8.0,8.0,2025-09-15,2025-10-16
130009,24,192.0,8.0,40.0,8.0,8.0,2025-09-15,2025-10-16
130093,24,192.0,8.0,40.0,8.0,8.0,2025-09-15,2025-10-16
506379,24,192.0,8.0,40.0,8.0,8.0,2025-09-15,2025-10-16
11931,24,192.0,8.0,40.0,8.0,8.0,2025-09-15,2025-10-16
130167,24,192.0,8.0,40.0,8.0,8.0,2025-09-15,2025-10-16
508579,24,192.0,8.0,40.0,8.0,8.0,2025-09-15,2025-10-16
00933,24,192.0,8.0,40.0,8.0,8.0,2025-09-15,2025-10-16
502924,24,192.0,8.0,40.0,8.0,8.0,2025-09-15,2025-10-16
08721,24,192.0,8.0,40.0,8.0,8.0,2025-09-15,2025-10-16
303005,24,192.0,8.0,40.0,8.0,8.0,2025-09-15,2025-10-16
130001,24,192.0,8.0,40.0,8.0,8.0,2025-09-15,2025-10-16
130006,24,192.0,8.0,40.0,8.0,8.0,2025-09-15,2025-10-16
507617,24,192.0,8.0,40.0,8.0,8.0,2025-09-15,2025-10-16
11109,24,192.0,8.0,40.0,8.0,8.0,2025-09-15,2025-10-16
405303,24,192.0,8.0,40.0,8.0,8.0,2025-04-18,2025-07-11
03525,24,192.0,8.0,40.0,8.0,8.0,2025-09-15,2025-10-16
11126,24,192.0,8.0,40.0,8.0,8.0,2025-09-15,2025-10-16
130058,24,192.0,8.0,40.0,8.0,8.0,2025-09-15,2025-10-16
10416,24,192.0,8.0,40.0,8.0,8.0,2025-09-15,2025-10-16
510332,23,191.94,8.35,41.73,5.33,10.08,2025-09-15,2025-10-16
507831,15,191.9,12.79,63.97,12.48,16.37,2025-09-16,2025-10-15
02654,20,191.88,9.59,47.97,2.95,10.65,2025-09-15,2025-10-16
419998,33,191.85,5.81,29.07,4.15,7.78,2025-04-23,2025-07-08
501506,26,191.66,7.37,36.86,5.4,8.43,2025-04-18,2025-05-23
06456,18,191.63,10.65,53.23,10.5,11.4,2025-09-15,2025-10-15
500987,18,191.6,10.64,53.22,2.28,12.9,2025-09-16,2025-10-15
507897,23,191.36,8.32,41.6,7.82,8.5,2025-09-15,2025-10-16
11630,17,191.34,11.26,56.28,3.4,12.63,2025-09-14,2025-10-16
14383,24,191.26,7.97,39.85,7.22,8.27,2025-09-15,2025-10-16
522062,23,191.21,8.31,41.57,4.08,8.57,2025-09-15,2025-10-15
14009,23,191.09,8.31,41.54,8.0,12.12,2025-09-16,2025-10-16
06281,24,191.09,7.96,39.81,6.02,8.6,2025-09-15,2025-10-16
500790,22,191.04,8.68,43.42,8.5,9.1,2025-09-14,2025-10-16
508633,17,190.92,11.23,56.15,8.5,12.65,2025-06-23,2025-10-10
07580,23,190.83,8.3,41.48,3.75,8.73,2025-09-15,2025-10-16
504560,23,190.81,8.3,41.48,3.85,8.6,2025-09-15,2025-10-16
506221,16,190.79,11.92,59.62,6.0,13.17,2025-04-18,2025-05-26
06893,23,190.78,8.29,41.47,4.5,9.63,2025-09-15,2025-10-16
15096,24,190.73,7.95,39.74,2.0,8.63,2025-09-15,2025-10-16
06175,17,190.73,11.22,56.1,8.42,20.0,2025-09-19,2025-10-15
501904,23,190.5,8.28,41.41,8.0,8.5,2025-09-15,2025-10-16
504547,23,190.47,8.28,41.41,7.4,8.5,2025-09-16,2025-10-16
508624,21,190.43,9.07,45.34,8.47,20.5,2025-09-15,2025-10-16
14680,16,190.41,11.9,59.5,2.57,12.92,2025-09-14,2025-10-16
10292,16,190.28,11.89,59.46,8.0,12.53,2025-09-14,2025-10-13
10561,16,190.25,11.89,59.45,2.33,13.25,2025-09-15,2025-10-16
508597,20,190.0,9.5,47.5,9.5,9.5,2025-06-23,2025-07-18
411375,21,190.0,9.05,45.24,8.0,9.75,2025-04-23,2025-07-03
06887,19,190.0,10.0,50.0,10.0,10.0,2025-09-15,2025-10-16
105365,19,189.9,9.99,49.97,4.05,12.57,2025-04-18,2025-09-15
11929,15,189.8,12.65,63.27,12.5,13.42,2025-09-16,2025-10-16
506694,23,189.75,8.25,41.25,2.52,9.0,2025-09-16,2025-10-16
08068,18,189.71,10.54,52.7,10.48,10.98,2025-09-15,2025-10-16
06270,22,189.67,8.62,43.11,6.92,9.75,2025-09-14,2025-10-16
504554,20,189.52,9.48,47.38,9.02,9.7,2025-09-15,2025-10-16
503291,22,189.45,8.61,43.06,8.5,10.62,2025-09-16,2025-10-16
507618,23,189.4,8.23,41.17,3.98,8.53,2025-09-15,2025-10-16
14552,15,189.27,12.62,63.09,12.25,14.75,2025-09-15,2025-10-15
103943,20,189.24,9.46,47.31,6.57,10.0,2025-04-21,2025-10-16
14792,22,189.2,8.6,43.0,5.65,9.9,2025-09-15,2025-10-16
14546,23,189.17,8.22,41.12,8.0,12.5,2025-09-15,2025-10-16
503967,22,189.14,8.6,42.99,6.0,9.07,2025-09-15,2025-10-16
501144,15,189.14,12.61,63.05,12.5,13.12,2025-09-16,2025-10-16
14445,18,189.13,10.51,52.54,8.5,12.58,2025-09-14,2025-10-16
12444,23,189.1,8.22,41.11,3.85,8.5,2025-09-15,2025-10-16
510512,23,189.07,8.22,41.1,0.83,9.15,2025-09-15,2025-10-16
103419,18,189.0,10.5,52.5,10.5,10.5,2025-09-15,2025-10-16
413636,18,189.0,10.5,52.5,10.5,10.5,2025-09-16,2025-10-16
510359,18,188.93,10.5,52.48,10.43,10.57,2025-09-15,2025-10-15
510397,18,188.89,10.49,52.47,10.28,10.58,2025-09-16,2025-10-15
507490,15,188.89,12.59,62.96,12.27,13.97,2025-09-14,2025-10-14
13450,18,188.87,10.49,52.46,10.38,10.62,2025-09-15,2025-10-16
12089,23,188.69,8.2,41.02,5.47,8.5,2025-09-15,2025-10-16
03502,17,188.61,11.09,55.47,8.0,20.88,2025-09-16,2025-10-16
10803,22,188.58,8.57,42.86,8.5,8.83,2025-09-15,2025-10-16
506755,22,188.56,8.57,42.85,8.5,8.78,2025-09-15,2025-10-16
10605,16,188.47,11.78,58.9,4.0,12.95,2025-09-14,2025-10-16
501255,16,188.46,11.78,58.89,11.0,12.38,2025-04-26,2025-10-11
500266,19,188.42,9.92,49.58,3.25,13.5,2025-09-15,2025-10-16
400383,18,188.22,10.46,52.28,9.97,12.0,2025-04-19,2025-10-05
13541,22,188.08,8.55,42.75,8.35,9.27,2025-09-15,2025-10-16
10747,15,188.07,12.54,62.69,12.45,12.82,2025-09-14,2025-10-16
502173,15,188.07,12.54,62.69,12.5,12.72,2025-09-16,2025-10-15
508576,25,188.0,7.52,37.6,1.0,8.5,2025-06-23,2025-09-24
11621,15,187.96,12.53,62.65,12.5,12.67,2025-09-14,2025-10-16
08822,18,187.9,10.44,52.19,8.5,10.77,2025-09-15,2025-10-16
506643,19,187.89,9.89,49.44,8.5,12.73,2025-09-04,2025-10-03
508318,22,187.83,8.54,42.69,8.38,8.92,2025-09-15,2025-10-16
104022,23,187.79,8.16,40.82,8.0,8.8,2025-09-15,2025-10-16
14087,22,187.75,8.53,42.67,8.5,8.8,2025-09-15,2025-10-16
14848,15,187.72,12.51,62.57,12.48,12.68,2025-09-15,2025-10-16
12571,22,187.7,8.53,42.66,8.5,8.9,2025-09-17,2025-10-16
04662,21,187.7,8.94,44.69,6.88,12.33,2025-09-14,2025-10-10
02423,22,187.66,8.53,42.65,8.5,8.62,2025-09-15,2025-10-16
507788,15,187.65,12.51,62.55,12.38,12.65,2025-09-16,2025-10-16
103186,23,187.62,8.16,40.79,8.0,8.58,2025-09-15,2025-10-16
500502,23,187.61,8.16,40.78,7.9,9.9,2025-09-15,2025-10-16
01331,16,187.6,11.73,58.63,5.18,13.45,2025-09-15,2025-10-15
14583,22,187.55,8.53,42.63,8.0,14.2,2025-09-15,2025-10-16
507837,15,187.55,12.5,62.52,12.45,12.62,2025-09-15,2025-10-15
14422,23,187.53,8.15,40.77,4.25,9.03,2025-09-15,2025-10-16
07777,19,187.53,9.87,49.35,6.65,10.53,2025-09-15,2025-10-15
504109,16,187.51,11.72,58.6,8.48,12.53,2025-09-15,2025-10-15
502865,22,187.5,8.52,42.61,8.5,9.0,2025-09-15,2025-10-16
508410,22,187.5,8.52,42.61,8.5,8.67,2025-09-15,2025-10-16
10797,22,187.46,8.52,42.6,8.5,8.63,2025-09-15,2025-10-16
08396,26,187.41,7.21,36.04,5.1,8.18,2025-09-14,2025-10-16
507903,17,187.4,11.02,55.12,4.5,12.5,2025-09-14,2025-10-11
14366,22,187.39,8.52,42.59,8.4,8.68,2025-09-15,2025-10-16
07633,22,187.39,8.52,42.59,8.48,8.72,2025-09-16,2025-10-16
15427,22,187.35,8.52,42.58,8.5,8.62,2025-09-16,2025-10-16
505367,22,187.3,8.51,42.57,8.48,8.58,2025-09-16,2025-10-16
508383,23,187.27,8.14,40.71,3.72,9.32,2025-09-15,2025-10-16
508240,22,187.21,8.51,42.55,8.37,8.65,2025-09-15,2025-10-16
14888,15,187.2,12.48,62.4,12.37,12.6,2025-09-17,2025-10-16
507934,15,187.18,12.48,62.39,12.15,12.72,2025-09-14,2025-10-15
06819,21,187.14,8.91,44.56,8.5,12.5,2025-09-14,2025-10-15
510370,22,187.14,8.51,42.53,8.37,8.62,2025-09-16,2025-10-16
10223,22,187.06,8.5,42.51,8.48,8.53,2025-09-14,2025-10-16
06452,22,187.05,8.5,42.51,8.4,8.6,2025-09-15,2025-10-16
04770,20,187.04,9.35,46.76,6.68,9.58,2025-09-16,2025-10-16
414992,22,187.0,8.5,42.5,8.5,8.5,2025-09-17,2025-10-16
414562,22,187.0,8.5,42.5,8.5,8.5,2025-09-15,2025-10-16
406114,18,187.0,10.39,51.94,10.0,10.5,2025-09-15,2025-10-16
405349,22,187.0,8.5,42.5,8.5,8.5,2025-09-15,2025-10-16
101749,22,187.0,8.5,42.5,8.5,8.5,2025-09-14,2025-10-16
08863,22,186.99,8.5,42.5,8.45,8.55,2025-09-17,2025-10-16
12658,22,186.99,8.5,42.5,8.33,8.58,2025-09-15,2025-10-16
105032,16,186.88,11.68,58.4,8.38,13.28,2025-04-23,2025-10-14
08112,22,186.74,8.49,42.44,8.38,8.5,2025-09-15,2025-10-15
07403,22,186.74,8.49,42.44,8.12,8.6,2025-09-14,2025-10-16
06116,23,186.72,8.12,40.59,0.25,8.62,2025-09-15,2025-10-16
506556,15,186.69,12.45,62.23,12.0,12.77,2025-09-15,2025-10-14
07974,22,186.65,8.48,42.42,8.33,8.52,2025-09-15,2025-10-16
09707,22,186.64,8.48,42.42,8.22,8.67,2025-09-16,2025-10-16
501309,19,186.57,9.82,49.1,9.5,10.5,2025-09-15,2025-10-16
200821,22,186.5,8.48,42.39,8.0,8.5,2025-05-26,2025-10-16
11594,23,186.43,8.11,40.53,2.53,8.55,2025-09-16,2025-10-16
510515,21,186.41,8.88,44.38,8.5,10.73,2025-09-15,2025-10-16
01966,15,186.27,12.42,62.09,5.08,19.95,2025-09-15,2025-10-09
104003,15,186.27,12.42,62.09,12.0,12.72,2025-04-21,2025-10-16
202424,26,186.26,7.16,35.82,3.73,12.48,2025-04-19,2025-09-21
504204,28,186.24,6.65,33.26,2.0,8.62,2025-09-15,2025-10-16
111850,28,186.23,6.65,33.26,3.13,8.25,2025-04-18,2025-09-23
502704,15,186.2,12.41,62.07,8.0,13.73,2025-09-14,2025-10-13
421047,22,186.19,8.46,42.32,8.32,8.58,2025-04-28,2025-10-07
03455,21,186.16,8.86,44.32,8.48,15.5,2025-09-15,2025-10-15
505419,22,186.02,8.46,42.28,6.0,9.1,2025-09-15,2025-10-16
413953,22,186.0,8.45,42.27,8.0,8.5,2025-06-20,2025-10-10
409408,22,186.0,8.45,42.27,8.0,8.5,2025-05-26,2025-10-10
11438,22,185.78,8.44,42.22,6.13,8.8,2025-09-14,2025-10-16
507487,18,185.73,10.32,51.59,8.38,16.62,2025-09-15,2025-10-15
506953,22,185.72,8.44,42.21,6.65,8.7,2025-09-15,2025-10-16
14714,15,185.71,12.38,61.9,10.47,12.82,2025-09-15,2025-10-16
102505,16,185.71,11.61,58.03,4.0,16.15,2025-04-23,2025-10-11
503310,19,185.68,9.77,48.86,5.0,11.97,2025-04-23,2025-09-27
504325,15,185.67,12.38,61.89,9.35,15.62,2025-09-15,2025-10-14
02634,23,185.64,8.07,40.36,7.9,8.67,2025-09-15,2025-10-16
12355,22,185.59,8.44,42.18,7.5,8.62,2025-09-15,2025-10-16
14905,23,185.5,8.07,40.33,8.0,8.62,2025-09-16,2025-10-16
414619,22,185.5,8.43,42.16,8.0,8.5,2025-05-26,2025-10-16
14130,27,185.46,6.87,34.34,4.92,8.63,2025-04-19,2025-10-11
13657,18,185.45,10.3,51.51,7.4,10.57,2025-09-15,2025-10-15
14584,23,185.44,8.06,40.31,8.0,8.5,2025-09-15,2025-10-16
102340,31,185.44,5.98,29.91,5.03,6.18,2025-04-22,2025-10-16
10466,22,185.38,8.43,42.13,6.42,8.62,2025-09-15,2025-10-16
508599,28,185.35,6.62,33.1,1.0,8.5,2025-06-23,2025-09-24
501839,19,185.34,9.75,48.77,8.5,14.42,2025-09-15,2025-10-14
11078,22,185.28,8.42,42.11,8.17,8.5,2025-09-15,2025-10-16
14067,23,185.26,8.05,40.27,8.0,8.25,2025-09-14,2025-10-14
08344,23,185.07,8.05,40.23,8.0,8.2,2025-09-17,2025-10-16
505787,23,185.05,8.05,40.23,8.0,8.23,2025-09-15,2025-10-16
507272,24,184.87,7.7,38.51,0.22,8.9,2025-09-15,2025-10-16
12959,14,184.82,13.2,66.01,12.5,16.77,2025-09-14,2025-10-13
14330,16,184.77,11.55,57.74,2.17,12.5,2025-09-16,2025-10-16
508280,22,184.73,8.4,41.98,7.0,8.7,2025-09-16,2025-10-16
11192,16,184.72,11.55,57.73,8.5,13.92,2025-09-15,2025-10-15
14403,22,184.66,8.39,41.97,5.1,9.42,2025-09-14,2025-10-15
15030,23,184.47,8.02,40.1,8.0,8.12,2025-09-16,2025-10-16
15299,15,184.47,12.3,61.49,8.5,12.88,2025-09-14,2025-10-16
510559,21,184.44,8.78,43.91,6.3,16.52,2025-09-17,2025-10-13
04544,23,184.4,8.02,40.09,8.0,8.12,2025-09-14,2025-10-16
13499,15,184.39,12.29,61.46,8.45,14.27,2025-09-16,2025-10-16
13803,20,184.34,9.22,46.09,4.22,9.73,2025-09-15,2025-10-16
11952,16,184.33,11.52,57.6,4.0,12.8,2025-09-14,2025-10-15
12510,22,184.28,8.38,41.88,5.55,8.63,2025-09-18,2025-10-16
502137,22,184.23,8.37,41.87,5.5,8.62,2025-09-15,2025-10-16
504571,22,184.16,8.37,41.85,6.08,8.58,2025-09-15,2025-10-16
503444,21,184.15,8.77,43.85,2.0,10.75,2025-04-29,2025-09-30
202414,14,184.07,13.15,65.74,12.0,13.95,2025-04-19,2025-09-28
501945,17,184.06,10.83,54.14,0.6,12.62,2025-04-26,2025-10-14
508288,15,183.96,12.26,61.32,8.5,12.75,2025-09-16,2025-10-16
05216,18,183.91,10.22,51.09,5.43,21.5,2025-09-15,2025-10-15
08264,22,183.88,8.36,41.79,7.3,15.0,2025-09-16,2025-10-16
13453,15,183.84,12.26,61.28,8.4,12.77,2025-09-14,2025-10-13
13805,17,183.76,10.81,54.05,8.13,12.5,2025-09-16,2025-10-16
11862,15,183.54,12.24,61.18,4.0,16.5,2025-09-15,2025-10-13
05955,22,183.54,8.34,41.71,4.73,8.67,2025-09-15,2025-10-16
14475,22,183.52,8.34,41.71,7.03,8.6,2025-09-15,2025-10-15
334411,16,183.51,11.47,57.35,4.37,13.03,2025-04-19,2025-10-04
414634,18,183.5,10.19,50.97,10.0,10.5,2025-04-23,2025-10-07
88427,23,183.42,7.97,39.87,7.82,8.03,2025-09-14,2025-10-16
500847,15,183.41,12.23,61.14,8.0,12.63,2025-04-23,2025-10-09
09517,24,183.26,7.64,38.18,6.5,9.0,2025-09-15,2025-10-16
202708,15,183.22,12.21,61.07,8.62,12.6,2025-04-21,2025-07-07
06646,16,183.2,11.45,57.25,4.4,12.5,2025-09-14,2025-10-13
504363,23,183.2,7.97,39.83,7.53,8.5,2025-04-19,2025-10-16
12423,22,183.13,8.32,41.62,4.35,8.68,2025-09-15,2025-10-16
503031,22,183.03,8.32,41.6,5.42,8.53,2025-09-14,2025-10-16
501165,15,182.95,12.2,60.98,12.07,12.67,2025-04-20,2025-07-01
12028,20,182.86,9.14,45.72,4.6,17.5,2025-09-14,2025-10-16
07330,22,182.84,8.31,41.55,2.18,9.08,2025-09-15,2025-10-13
12615,22,182.68,8.3,41.52,1.47,9.07,2025-09-15,2025-10-16
510422,15,182.65,12.18,60.88,12.0,12.55,2025-09-15,2025-10-16
09249,15,182.5,12.17,60.83,8.5,12.5,2025-09-16,2025-10-15
510389,24,182.47,7.6,38.01,3.85,8.52,2025-09-15,2025-10-16
07604,17,182.42,10.73,53.65,7.57,12.57,2025-09-17,2025-10-16
414891,15,182.42,12.16,60.81,8.58,12.9,2025-04-20,2025-10-09
505173,15,182.37,12.16,60.79,8.0,12.5,2025-09-16,2025-10-14
510567,20,182.18,9.11,45.55,8.0,15.4,2025-09-15,2025-10-10
08377,21,182.06,8.67,43.35,8.43,10.27,2025-09-15,2025-10-10
101062,24,181.98,7.58,37.91,5.38,10.07,2025-04-21,2025-09-19
500831,22,181.94,8.27,41.35,8.05,8.5,2025-04-24,2025-10-10
11521,15,181.92,12.13,60.64,8.0,12.5,2025-09-14,2025-10-13
11306,17,181.9,10.7,53.5,8.5,24.0,2025-09-15,2025-10-10
514653,22,181.74,8.26,41.3,4.0,8.5,2025-09-14,2025-10-16
13849,16,181.67,11.35,56.77,5.1,12.95,2025-09-14,2025-10-16
14202,16,181.63,11.35,56.76,2.0,12.75,2025-09-15,2025-10-16
418151,22,181.5,8.25,41.25,8.0,8.5,2025-05-26,2025-10-12
507357,15,181.5,12.1,60.5,8.42,12.55,2025-04-19,2025-07-04
14940,21,181.5,8.64,43.21,8.5,11.23,2025-09-14,2025-10-16
07508,20,181.49,9.07,45.37,8.5,10.52,2025-09-15,2025-10-10
508474,22,181.46,8.25,41.24,5.87,9.15,2025-06-09,2025-07-08
203375,17,181.43,10.67,53.36,9.53,11.5,2025-04-19,2025-10-05
502376,17,181.41,10.67,53.36,8.5,12.57,2025-09-15,2025-10-16
13387,15,181.34,12.09,60.45,5.15,12.93,2025-09-17,2025-10-16
505924,22,181.32,8.24,41.21,0.03,14.02,2025-04-18,2025-10-03
504549,23,181.23,7.88,39.4,7.58,8.0,2025-09-15,2025-10-16
02374,22,181.02,8.23,41.14,3.47,8.73,2025-09-15,2025-10-16
08074,15,181.0,12.07,60.33,5.0,12.78,2025-09-15,2025-10-16
09978,19,180.95,9.52,47.62,9.5,9.88,2025-09-15,2025-10-16
15014,15,180.9,12.06,60.3,5.02,13.03,2025-09-14,2025-10-15
11657,15,180.88,12.06,60.29,2.5,15.63,2025-09-14,2025-10-13
508298,16,180.7,11.29,56.47,5.12,12.5,2025-09-15,2025-10-15
05305,23,180.69,7.86,39.28,3.5,8.5,2025-09-14,2025-10-16
104697,18,180.69,10.04,50.19,8.0,11.52,2025-04-18,2025-09-26
507961,14,180.48,12.89,64.46,8.5,20.5,2025-09-15,2025-10-12
500542,15,180.45,12.03,60.15,5.38,12.62,2025-09-17,2025-10-15
507117,15,180.45,12.03,60.15,5.43,13.07,2025-09-14,2025-10-16
501427,20,180.39,9.02,45.1,8.95,9.12,2025-09-15,2025-10-16
11347,15,180.36,12.02,60.12,4.0,13.17,2025-09-15,2025-10-16
15673,20,180.35,9.02,45.09,8.68,9.17,2025-09-15,2025-10-16
502705,15,180.2,12.01,60.07,5.37,13.08,2025-09-14,2025-10-15
14805,15,180.18,12.01,60.06,5.17,12.63,2025-09-17,2025-10-15
507887,15,180.18,12.01,60.06,5.08,12.57,2025-09-14,2025-10-15
502155,15,180.12,12.01,60.04,11.28,12.5,2025-04-19,2025-10-11
504182,15,180.08,12.01,60.03,5.0,12.73,2025-09-15,2025-10-15
503556,15,180.06,12.0,60.02,5.02,12.6,2025-09-17,2025-10-15
507690,15,180.05,12.0,60.02,5.12,12.53,2025-09-15,2025-10-15
13078,15,180.0,12.0,60.0,5.25,12.63,2025-09-15,2025-10-16
15266,19,179.95,9.47,47.36,8.92,9.68,2025-09-15,2025-10-16
522060,15,179.87,11.99,59.96,11.35,12.23,2025-09-14,2025-10-14
14394,15,179.76,11.98,59.92,8.5,13.07,2025-09-15,2025-10-14
10408,25,179.76,7.19,35.95,3.4,8.42,2025-09-15,2025-10-16
500558,19,179.75,9.46,47.3,8.5,9.97,2025-09-15,2025-10-15
03546,16,179.73,11.23,56.17,8.0,12.98,2025-09-14,2025-10-15
506856,21,179.7,8.56,42.79,8.5,8.73,2025-09-15,2025-10-16
403004,15,179.69,11.98,59.9,8.45,12.92,2025-04-30,2025-10-01
100975,27,179.64,6.65,33.27,2.62,10.22,2025-04-21,2025-09-15
505918,15,179.63,11.98,59.88,2.37,13.28,2025-09-14,2025-10-14
505551,21,179.59,8.55,42.76,8.5,8.8,2025-09-15,2025-10-16
11390,19,179.56,9.45,47.25,8.58,9.55,2025-09-15,2025-10-16
12035,15,179.55,11.97,59.85,4.5,12.62,2025-09-14,2025-10-13
104034,23,179.45,7.8,39.01,2.52,10.88,2025-04-23,2025-09-25
505198,21,179.45,8.55,42.73,8.5,9.12,2025-09-16,2025-10-16
02507,18,179.41,9.97,49.84,8.0,10.55,2025-09-15,2025-10-14
502951,14,179.35,12.81,64.05,8.0,24.5,2025-09-18,2025-10-16
11443,24,179.34,7.47,37.36,7.28,7.57,2025-09-15,2025-10-16
335937,15,179.32,11.95,59.77,4.7,13.15,2025-04-18,2025-10-11
09015,21,179.27,8.54,42.68,8.48,9.05,2025-09-15,2025-10-16
07906,19,179.26,9.43,47.17,8.13,9.57,2025-09-16,2025-10-16
08431,21,179.25,8.54,42.68,8.47,8.68,2025-09-15,2025-10-12
500372,19,179.24,9.43,47.17,5.75,12.5,2025-09-15,2025-10-16
03677,20,179.13,8.96,44.78,8.5,10.33,2025-09-15,2025-10-10
505509,21,179.1,8.53,42.64,8.5,8.73,2025-09-14,2025-10-16
503677,21,179.01,8.52,42.62,8.52,8.53,2025-04-18,2025-05-16
14174,15,179.01,11.93,59.67,4.9,12.83,2025-09-15,2025-10-15
101917,22,179.0,8.14,40.68,4.5,8.5,2025-09-15,2025-10-16
507157,21,178.96,8.52,42.61,7.55,8.9,2025-09-15,2025-10-16
501744,15,178.93,11.93,59.64,7.3,13.17,2025-05-07,2025-07-07
503116,21,178.93,8.52,42.6,8.45,8.63,2025-09-14,2025-10-16
11730,21,178.9,8.52,42.6,8.5,8.68,2025-09-04,2025-10-16
507194,21,178.89,8.52,42.59,8.45,8.62,2025-09-14,2025-10-14
503146,21,178.88,8.52,42.59,8.5,8.63,2025-09-15,2025-10-15
13975,21,178.83,8.52,42.58,8.5,8.62,2025-09-15,2025-10-15
503803,22,178.79,8.13,40.63,4.5,8.55,2025-09-16,2025-10-16
507652,15,178.78,11.92,59.59,5.28,12.98,2025-09-16,2025-10-16
504597,21,178.66,8.51,42.54,8.47,8.63,2025-09-14,2025-10-16
02759,21,178.65,8.51,42.54,8.48,8.53,2025-09-15,2025-10-16
510285,21,178.63,8.51,42.53,8.45,8.7,2025-09-15,2025-10-16
503075,15,178.57,11.9,59.52,4.87,13.03,2025-09-15,2025-10-16
507070,21,178.57,8.5,42.52,8.5,8.53,2025-09-14,2025-10-16
09426,17,178.55,10.5,52.51,8.0,12.5,2025-09-15,2025-10-16
00469,19,178.51,9.4,46.98,7.57,9.62,2025-09-15,2025-10-16
14895,21,178.5,8.5,42.5,8.5,8.5,2025-09-15,2025-10-16
405551,21,178.5,8.5,42.5,8.5,8.5,2025-09-05,2025-10-15
506727,21,178.5,8.5,42.5,8.5,8.5,2025-09-15,2025-10-15
11726,15,178.48,11.9,59.49,5.47,13.22,2025-09-14,2025-10-16
13942,19,178.47,9.39,46.97,7.52,9.52,2025-09-15,2025-10-16
08273,21,178.46,8.5,42.49,8.47,8.52,2025-09-14,2025-10-10
15318,21,178.42,8.5,42.48,8.12,8.65,2025-09-15,2025-10-16
510522,21,178.35,8.49,42.46,8.28,8.55,2025-09-15,2025-10-15
00747,15,178.33,11.89,59.44,4.0,12.63,2025-09-14,2025-10-11
95745,20,178.31,8.92,44.58,7.55,9.05,2025-09-15,2025-10-16
12489,14,178.26,12.73,63.66,12.5,13.33,2025-09-15,2025-10-10
101545,21,178.22,8.49,42.43,5.15,8.7,2025-04-19,2025-09-21
04591,22,178.19,8.1,40.5,3.37,8.83,2025-09-15,2025-10-16
10597,15,178.18,11.88,59.39,1.5,12.92,2025-09-14,2025-10-13
500668,15,178.1,11.87,59.37,4.88,12.5,2025-09-16,2025-10-16
14057,20,178.08,8.9,44.52,8.5,12.5,2025-09-15,2025-10-16
13747,20,178.05,8.9,44.51,8.0,16.2,2025-09-14,2025-10-13
102384,19,178.0,9.37,46.84,8.5,20.5,2025-09-15,2025-10-16
510294,15,177.91,11.86,59.3,7.75,12.5,2025-09-16,2025-10-15
14386,20,177.89,8.89,44.47,8.0,9.55,2025-09-15,2025-10-16
500984,15,177.75,11.85,59.25,4.58,12.92,2025-09-14,2025-10-12
14590,21,177.64,8.46,42.3,7.73,8.88,2025-09-17,2025-10-16
101822,31,177.59,5.73,28.64,3.82,8.98,2025-04-23,2025-10-16
13142,16,177.54,11.1,55.48,1.77,12.77,2025-09-16,2025-10-16
508059,21,177.54,8.45,42.27,8.0,8.53,2025-09-15,2025-10-16
15444,14,177.52,12.68,63.4,12.5,13.12,2025-09-17,2025-10-16
414707,21,177.5,8.45,42.26,8.0,8.5,2025-05-05,2025-10-16
09715,20,177.48,8.87,44.37,8.5,9.97,2025-09-15,2025-10-10
02839,20,177.48,8.87,44.37,8.5,11.57,2025-09-15,2025-10-16
412361,14,177.47,12.68,63.38,12.15,12.95,2025-04-18,2025-10-04
502220,15,177.36,11.82,59.12,5.35,12.93,2025-09-15,2025-10-13
07999,17,177.35,10.43,52.16,8.0,12.6,2025-09-14,2025-10-10
09408,15,177.2,11.81,59.07,6.62,12.52,2025-09-14,2025-10-13
15240,22,177.19,8.05,40.27,8.0,8.28,2025-09-15,2025-10-16
13446,22,177.16,8.05,40.26,6.0,8.55,2025-09-14,2025-10-16
505981,24,177.12,7.38,36.9,1.2,8.65,2025-04-18,2025-05-17
04651,16,177.04,11.07,55.33,9.07,14.55,2025-09-15,2025-10-10
507506,15,177.04,11.8,59.01,5.12,13.02,2025-09-15,2025-10-13
411254,16,176.88,11.06,55.28,4.03,13.75,2025-04-24,2025-10-13
101046,21,176.75,8.42,42.08,7.0,8.7,2025-04-19,2025-10-03
07834,21,176.75,8.42,42.08,6.0,8.87,2025-09-15,2025-10-16
04128,14,176.7,12.62,63.11,12.5,12.98,2025-09-14,2025-10-13
05858,21,176.65,8.41,42.06,3.0,12.0,2025-09-14,2025-10-14
414596,19,176.63,9.3,46.48,4.4,10.7,2025-04-26,2025-10-02
507824,25,176.59,7.06,35.32,0.93,8.62,2025-04-18,2025-05-22
11949,17,176.57,10.39,51.93,2.0,15.62,2025-09-15,2025-10-16
05393,14,176.53,12.61,63.05,12.48,13.62,2025-09-14,2025-10-16
11113,14,176.45,12.6,63.02,12.5,12.9,2025-09-15,2025-10-16
513631,17,176.36,10.37,51.87,9.62,10.52,2025-09-14,2025-10-16
504464,15,176.34,11.76,58.78,5.18,12.65,2025-09-14,2025-10-14
13621,16,176.34,11.02,55.11,4.0,16.0,2025-09-16,2025-10-16
409907,15,176.27,11.75,58.76,1.0,24.0,2025-04-18,2025-06-11
503931,20,176.25,8.81,44.06,8.32,12.98,2025-04-25,2025-10-12
14995,14,176.21,12.59,62.93,12.5,12.87,2025-09-14,2025-10-14
506208,20,176.2,8.81,44.05,3.45,13.13,2025-04-19,2025-07-06
502221,15,176.11,11.74,58.7,5.23,12.93,2025-09-15,2025-10-16
02852,15,176.1,11.74,58.7,0.72,24.0,2025-09-15,2025-10-08
10520,14,176.08,12.58,62.89,12.5,12.87,2025-09-16,2025-10-14
505155,22,176.0,8.0,40.0,8.0,8.0,2025-04-19,2025-06-30
09602,22,176.0,8.0,40.0,8.0,8.0,2025-09-15,2025-10-16
12002,16,175.98,11.0,54.99,10.33,18.23,2025-09-16,2025-10-10
11619,14,175.97,12.57,62.85,12.5,12.82,2025-09-14,2025-10-13
414807,14,175.87,12.56,62.81,12.38,12.8,2025-04-18,2025-09-26
14765,16,175.85,10.99,54.95,8.0,24.0,2025-09-15,2025-10-15
01645,22,175.85,7.99,39.97,7.83,8.02,2025-09-14,2025-10-14
11460,14,175.84,12.56,62.8,12.5,12.88,2025-09-14,2025-10-14
503557,14,175.83,12.56,62.8,12.38,12.93,2025-09-15,2025-10-16
14741,14,175.81,12.56,62.79,7.93,16.0,2025-09-16,2025-10-16
09058,21,175.8,8.37,41.86,4.47,8.87,2025-09-15,2025-10-16
06464,14,175.79,12.56,62.78,12.47,12.92,2025-09-15,2025-10-10
501515,19,175.75,9.25,46.25,6.83,16.47,2025-09-15,2025-10-15
13564,14,175.71,12.55,62.75,12.5,12.75,2025-09-14,2025-10-12
14690,14,175.68,12.55,62.74,12.5,12.93,2025-09-16,2025-10-16
507881,14,175.65,12.55,62.73,12.48,12.72,2025-09-14,2025-10-16
13302,17,175.64,10.33,51.66,8.5,12.5,2025-09-14,2025-10-13
14041,14,175.62,12.54,62.72,12.5,12.92,2025-09-14,2025-10-15
14179,14,175.59,12.54,62.71,12.5,12.73,2025-09-15,2025-10-16
510461,14,175.58,12.54,62.71,12.5,12.67,2025-09-14,2025-10-14
14610,14,175.57,12.54,62.7,12.35,13.03,2025-09-16,2025-10-16
503749,16,175.55,10.97,54.86,4.55,12.53,2025-04-18,2025-10-09
507244,17,175.52,10.32,51.62,8.0,12.5,2025-09-14,2025-10-16
502708,14,175.45,12.53,62.66,12.25,12.87,2025-09-14,2025-10-12
10213,14,175.43,12.53,62.65,12.5,12.67,2025-09-14,2025-10-13
12821,16,175.41,10.96,54.82,4.0,13.77,2025-09-15,2025-10-16
500726,17,175.4,10.32,51.59,8.5,24.0,2025-09-22,2025-10-16
14745,14,175.36,12.53,62.63,12.47,12.7,2025-09-14,2025-10-13
506765,15,175.36,11.69,58.45,8.5,13.22,2025-09-16,2025-10-16
14646,14,175.35,12.53,62.63,12.48,12.67,2025-09-16,2025-10-14
501367,20,175.33,8.77,43.83,8.0,16.5,2025-09-16,2025-10-15
10399,14,175.31,12.52,62.61,12.43,12.67,2025-09-14,2025-10-13
06434,21,175.3,8.35,41.74,6.0,9.03,2025-09-15,2025-10-16
06566,14,175.24,12.52,62.59,12.43,12.68,2025-09-14,2025-10-13
105138,14,175.21,12.51,62.57,12.48,12.68,2025-09-15,2025-10-16
507885,14,175.21,12.51,62.57,12.45,12.63,2025-09-16,2025-10-14
507926,14,175.2,12.51,62.57,12.4,12.65,2025-09-16,2025-10-15
07981,14,175.18,12.51,62.56,12.43,12.7,2025-09-14,2025-10-13
13594,17,175.16,10.3,51.52,6.73,13.5,2025-09-15,2025-10-15
13629,21,175.12,8.34,41.7,3.88,11.83,2025-09-14,2025-10-16
505781,20,175.12,8.76,43.78,6.82,9.67,2025-09-16,2025-10-16
15415,20,175.12,8.76,43.78,5.0,16.97,2025-09-15,2025-10-16
502219,14,175.12,12.51,62.54,12.47,12.6,2025-09-17,2025-10-15
407310,17,175.07,10.3,51.49,4.0,12.78,2025-04-21,2025-10-05
12235,21,175.03,8.33,41.67,6.37,8.65,2025-09-15,2025-10-16
06822,22,174.96,7.95,39.76,0.27,9.08,2025-09-14,2025-10-10
08335,14,174.96,12.5,62.49,12.45,12.52,2025-09-15,2025-10-14
510622,14,174.96,12.5,62.49,12.48,12.5,2025-09-14,2025-10-15
10952,14,174.91,12.49,62.47,12.38,12.6,2025-09-16,2025-10-16
08454,14,174.87,12.49,62.45,12.42,12.58,2025-09-15,2025-10-15
13598,14,174.82,12.49,62.44,12.4,12.5,2025-09-16,2025-10-15
508078,14,174.81,12.49,62.43,12.0,12.92,2025-09-14,2025-10-15
07551,19,174.79,9.2,46.0,8.5,12.5,2025-09-16,2025-10-16
15003,14,174.78,12.48,62.42,12.43,12.5,2025-09-15,2025-10-16
506228,14,174.72,12.48,62.4,12.33,12.5,2025-09-14,2025-10-14
13779,14,174.64,12.47,62.37,12.22,12.52,2025-09-15,2025-10-16
14976,26,174.64,6.72,33.58,3.9,8.5,2025-04-22,2025-10-12
505897,25,174.61,6.98,34.92,4.0,8.65,2025-04-29,2025-09-22
14801,15,174.57,11.64,58.19,4.0,12.72,2025-09-15,2025-10-12
507829,14,174.56,12.47,62.34,12.3,12.5,2025-09-16,2025-10-14
506608,21,174.53,8.31,41.55,3.58,9.13,2025-09-15,2025-10-16
502170,14,174.48,12.46,62.31,11.87,12.57,2025-09-14,2025-10-14
13568,14,174.45,12.46,62.3,11.43,12.8,2025-09-14,2025-10-13
12061,14,174.41,12.46,62.29,12.0,12.8,2025-09-14,2025-10-13
04948,16,174.4,10.9,54.5,6.5,12.72,2025-09-15,2025-10-15
508060,14,174.29,12.45,62.25,12.27,12.5,2025-09-14,2025-10-14
508254,23,174.23,7.58,37.88,0.78,9.97,2025-06-02,2025-10-16
14978,23,174.12,7.57,37.85,3.0,8.68,2025-04-22,2025-10-12
420515,14,174.03,12.43,62.15,12.18,12.53,2025-05-22,2025-10-11
13378,18,173.67,9.65,48.24,4.0,12.57,2025-09-15,2025-10-16
505159,14,173.64,12.4,62.01,11.02,12.82,2025-09-13,2025-10-12
13769,21,173.63,8.27,41.34,3.78,8.6,2025-09-16,2025-10-16
09638,15,173.61,11.57,57.87,0.23,12.58,2025-09-14,2025-10-16
507783,21,173.61,8.27,41.34,0.02,9.22,2025-04-22,2025-09-17
08153,18,173.56,9.64,48.21,2.63,12.38,2025-09-14,2025-10-16
504943,21,173.54,8.26,41.32,5.62,8.78,2025-04-18,2025-05-16
101266,23,173.54,7.55,37.73,4.57,9.92,2025-04-18,2025-09-19
07038,14,173.51,12.39,61.97,12.0,12.68,2025-09-14,2025-10-13
505500,23,173.45,7.54,37.71,0.93,8.58,2025-04-18,2025-05-19
13169,16,173.38,10.84,54.18,8.0,12.5,2025-09-17,2025-10-16
103057,45,173.33,3.85,19.26,2.5,4.78,2025-04-21,2025-10-16
13724,14,173.24,12.37,61.87,8.5,13.62,2025-09-16,2025-10-14
13504,20,173.15,8.66,43.29,8.5,9.23,2025-09-15,2025-10-15
13340,21,173.14,8.24,41.22,3.93,8.5,2025-09-14,2025-10-16
409431,18,173.1,9.62,48.08,3.82,12.0,2025-04-22,2025-09-22
11469,14,173.0,12.36,61.79,12.0,12.5,2025-09-14,2025-10-13
14594,15,172.97,11.53,57.66,1.5,13.42,2025-09-14,2025-10-13
72843,15,172.8,11.52,57.6,10.47,14.0,2025-09-15,2025-10-16
506634,18,172.79,9.6,48.0,3.0,10.03,2025-09-14,2025-10-16
15031,15,172.79,11.52,57.6,4.1,15.5,2025-09-14,2025-10-15
14470,14,172.78,12.34,61.71,11.38,12.5,2025-09-15,2025-10-15
506555,14,172.77,12.34,61.7,5.1,16.62,2025-09-18,2025-10-16
202271,17,172.77,10.16,50.81,1.37,11.77,2025-04-25,2025-10-06
105129,19,172.67,9.09,45.44,8.5,10.05,2025-04-28,2025-09-26
407745,14,172.59,12.33,61.64,9.28,13.05,2025-04-21,2025-09-23
00214,24,172.56,7.19,35.95,5.67,8.25,2025-09-15,2025-10-16
504939,14,172.56,12.33,61.63,11.0,12.85,2025-04-23,2025-10-12
510356,14,172.56,12.33,61.63,8.5,12.98,2025-09-15,2025-10-15
15005,14,172.55,12.33,61.63,8.5,12.93,2025-09-14,2025-10-16
07815,16,172.54,10.78,53.92,8.5,12.77,2025-09-23,2025-10-16
11010,14,172.5,12.32,61.61,12.0,12.5,2025-09-14,2025-10-13
12202,14,172.37,12.31,61.56,12.0,12.62,2025-09-14,2025-10-13
05032,14,172.36,12.31,61.56,4.53,16.4,2025-09-14,2025-10-12
506243,23,172.31,7.49,37.46,3.12,8.07,2025-04-22,2025-07-08
505422,20,172.29,8.61,43.07,8.0,12.5,2025-04-19,2025-09-28
08467,21,172.19,8.2,41.0,4.45,8.7,2025-09-15,2025-10-10
507841,29,172.17,5.94,29.68,4.02,10.05,2025-05-05,2025-06-27
12141,16,172.1,10.76,53.78,4.92,20.5,2025-09-16,2025-10-16
111218,21,172.0,8.19,40.95,4.0,8.5,2025-05-26,2025-10-10
504553,16,172.0,10.75,53.75,8.5,20.5,2025-09-25,2025-10-16
10297,15,171.96,11.46,57.32,4.37,12.5,2025-09-14,2025-10-15
102689,21,171.9,8.19,40.93,5.97,8.62,2025-09-15,2025-10-16
507771,20,171.84,8.59,42.96,7.25,13.17,2025-09-14,2025-10-16
507243,14,171.8,12.27,61.36,9.32,12.58,2025-09-14,2025-10-13
504801,16,171.77,10.74,53.68,8.43,12.55,2025-09-14,2025-10-11
10548,21,171.72,8.18,40.89,5.0,8.65,2025-09-15,2025-10-16
508321,17,171.71,10.1,50.5,4.5,12.53,2025-06-09,2025-10-13
104639,23,171.68,7.46,37.32,2.97,8.5,2025-04-27,2025-10-16
08249,18,171.62,9.53,47.67,8.0,24.0,2025-09-16,2025-10-10
504049,15,171.58,11.44,57.19,5.1,12.63,2025-09-16,2025-10-14
504556,20,171.55,8.58,42.89,8.47,9.55,2025-09-15,2025-10-16
13087,20,171.54,8.58,42.89,8.5,9.25,2025-09-19,2025-10-16
506058,17,171.5,10.09,50.44,8.0,20.5,2025-09-14,2025-10-15
508245,22,171.5,7.8,38.98,1.5,8.5,2025-05-19,2025-06-24
15268,20,171.41,8.57,42.85,8.5,9.63,2025-09-14,2025-10-16
14378,19,171.38,9.02,45.1,8.48,13.58,2025-09-15,2025-10-16
506216,33,171.35,5.19,25.96,1.83,10.0,2025-04-30,2025-10-15
15066,15,171.33,11.42,57.11,8.5,13.1,2025-09-14,2025-10-16
421142,15,171.31,11.42,57.1,8.0,12.73,2025-05-23,2025-10-03
504531,14,171.28,12.23,61.17,8.5,12.67,2025-04-23,2025-05-14
10661,14,171.25,12.23,61.16,8.43,12.97,2025-09-16,2025-10-15
506890,19,171.24,9.01,45.06,9.0,9.12,2025-09-22,2025-10-16
500554,20,171.22,8.56,42.81,8.5,9.03,2025-09-14,2025-10-16
14177,19,171.12,9.01,45.03,4.83,10.5,2025-09-15,2025-10-15
08805,19,171.09,9.0,45.02,8.0,12.5,2025-09-15,2025-10-16
04000,17,171.08,10.06,50.32,5.0,10.58,2025-09-15,2025-10-15
14898,15,171.08,11.41,57.03,0.2,13.23,2025-09-14,2025-10-13
14871,18,171.06,9.5,47.52,9.45,9.58,2025-09-17,2025-10-16
421445,21,171.04,8.14,40.72,8.0,8.72,2025-09-15,2025-10-16
410876,21,171.01,8.14,40.72,7.78,8.5,2025-04-23,2025-09-25
04461,20,170.95,8.55,42.74,8.5,9.25,2025-09-15,2025-10-16
510490,14,170.94,12.21,61.05,8.42,12.65,2025-09-15,2025-10-14
13102,15,170.94,11.4,56.98,3.5,12.67,2025-09-14,2025-10-13
505801,56,170.93,3.05,15.26,0.03,7.9,2025-04-18,2025-07-06
06615,15,170.74,11.38,56.91,4.85,12.62,2025-09-15,2025-10-08
508235,15,170.69,11.38,56.9,8.38,12.57,2025-06-02,2025-07-06
11980,20,170.68,8.53,42.67,8.47,8.7,2025-09-15,2025-10-16
03113,17,170.67,10.04,50.2,4.0,12.77,2025-09-14,2025-10-14
507108,15,170.65,11.38,56.88,2.0,12.92,2025-09-15,2025-10-16
02114,23,170.65,7.42,37.1,4.5,8.5,2025-09-15,2025-10-16
505554,20,170.6,8.53,42.65,8.5,8.65,2025-09-15,2025-10-10
07427,22,170.58,7.75,38.77,4.0,8.95,2025-09-15,2025-10-16
10139,17,170.57,10.03,50.17,4.73,12.5,2025-09-14,2025-10-15
06863,20,170.53,8.53,42.63,8.42,8.72,2025-09-16,2025-10-16
00131,20,170.45,8.52,42.61,8.5,8.65,2025-09-15,2025-10-16
10378,20,170.4,8.52,42.6,8.45,8.67,2025-09-15,2025-10-10
00582,20,170.4,8.52,42.6,8.5,8.65,2025-09-14,2025-10-16
25692,20,170.33,8.52,42.58,8.5,8.63,2025-09-15,2025-10-10
09808,14,170.3,12.16,60.82,8.45,12.5,2025-09-15,2025-10-15
14034,20,170.28,8.51,42.57,8.47,8.62,2025-09-15,2025-10-16
02622,20,170.26,8.51,42.57,8.5,8.6,2025-09-14,2025-10-16
501106,20,170.2,8.51,42.55,8.5,8.57,2025-09-14,2025-10-16
09424,20,170.16,8.51,42.54,8.47,8.55,2025-09-15,2025-10-15
02851,20,170.08,8.5,42.52,8.5,8.58,2025-09-14,2025-10-16
15362,14,170.07,12.15,60.74,8.0,12.88,2025-09-15,2025-10-09
501415,17,170.06,10.0,50.02,4.75,12.73,2025-04-29,2025-10-13
422681,22,170.03,7.73,38.64,4.08,17.75,2025-04-18,2025-05-16
422045,21,170.0,8.1,40.48,6.0,14.0,2025-05-26,2025-07-04
508325,20,170.0,8.5,42.5,8.5,8.5,2025-09-14,2025-10-16
508583,20,170.0,8.5,42.5,8.5,8.5,2025-06-23,2025-07-18
508582,20,170.0,8.5,42.5,8.5,8.5,2025-06-23,2025-07-18
508622,14,169.99,12.14,60.71,12.0,12.52,2025-09-15,2025-10-16
501324,20,169.94,8.5,42.49,7.0,12.37,2025-04-20,2025-10-16
502324,20,169.9,8.5,42.48,8.38,8.65,2025-09-15,2025-10-16
14722,14,169.9,12.14,60.68,7.37,12.52,2025-09-14,2025-10-12
103219,14,169.87,12.13,60.67,8.7,12.98,2025-04-24,2025-10-16
507055,31,169.86,5.48,27.4,1.0,12.23,2025-04-20,2025-06-18
07759,20,169.84,8.49,42.46,8.42,8.57,2025-09-15,2025-10-16
119165,16,169.78,10.61,53.06,8.38,13.03,2025-04-26,2025-10-06
13455,19,169.69,8.93,44.66,8.48,12.5,2025-09-15,2025-10-16
14444,19,169.58,8.93,44.63,8.37,16.5,2025-09-15,2025-10-10
507597,32,169.5,5.3,26.48,3.58,9.02,2025-04-19,2025-09-27
11838,21,169.47,8.07,40.35,4.5,8.5,2025-04-26,2025-10-12
07582,21,169.45,8.07,40.35,0.5,8.75,2025-09-15,2025-10-16
504608,18,169.37,9.41,47.05,8.28,12.63,2025-04-18,2025-09-26
11478,20,169.33,8.47,42.33,8.0,13.1,2025-09-14,2025-10-16
504950,17,169.27,9.96,49.79,4.23,12.5,2025-04-27,2025-07-06
503522,21,169.25,8.06,40.3,3.57,8.72,2025-09-15,2025-10-16
507375,14,169.12,12.08,60.4,5.18,13.18,2025-09-15,2025-10-12
13477,15,169.07,11.27,56.36,2.98,12.65,2025-09-14,2025-10-13
415847,14,168.87,12.06,60.31,8.55,12.87,2025-04-18,2025-10-10
11018,18,168.87,9.38,46.91,8.43,14.55,2025-09-14,2025-10-15
02880,16,168.83,10.55,52.76,4.5,17.0,2025-09-14,2025-10-11
07842,21,168.83,8.04,40.2,8.0,8.22,2025-09-15,2025-10-16
08636,16,168.81,10.55,52.75,10.45,10.78,2025-09-14,2025-10-16
502900,15,168.8,11.25,56.27,0.08,13.15,2025-09-16,2025-10-14
13740,15,168.77,11.25,56.26,0.5,12.57,2025-09-14,2025-10-15
02429,20,168.68,8.43,42.17,6.95,8.67,2025-09-14,2025-10-10
508437,15,168.58,11.24,56.19,8.5,12.58,2025-06-09,2025-07-08
508085,14,168.58,12.04,60.21,12.0,12.23,2025-09-15,2025-10-16
15695,20,168.56,8.43,42.14,7.45,8.52,2025-09-15,2025-10-16
10120,40,168.52,4.21,21.06,4.0,5.08,2025-04-19,2025-09-27
505578,21,168.48,8.02,40.11,8.0,8.18,2025-09-15,2025-10-16
510612,14,168.46,12.03,60.16,6.13,12.68,2025-09-16,2025-10-11
15184,22,168.42,7.66,38.28,5.77,8.47,2025-04-19,2025-07-07
502864,16,168.3,10.52,52.59,10.27,10.8,2025-09-17,2025-10-16
101988,15,168.27,11.22,56.09,8.5,12.75,2025-04-24,2025-10-16
06661,16,168.21,10.51,52.57,10.5,10.58,2025-09-16,2025-10-16
13898,20,168.2,8.41,42.05,7.42,8.52,2025-09-15,2025-10-16
508049,16,168.16,10.51,52.55,3.83,12.87,2025-09-15,2025-10-11
09539,20,168.15,8.41,42.04,6.0,8.68,2025-09-15,2025-10-16
503074,14,168.08,12.01,60.03,5.07,12.72,2025-09-15,2025-10-14
101234,21,168.0,8.0,40.0,8.0,8.0,2025-05-08,2025-08-15
503082,21,168.0,8.0,40.0,8.0,8.0,2025-04-18,2025-05-23
335015,21,168.0,8.0,40.0,8.0,8.0,2025-04-21,2025-06-13
14531,20,167.99,8.4,42.0,2.5,10.4,2025-09-15,2025-10-16
104396,19,167.8,8.83,44.16,1.28,10.83,2025-04-23,2025-09-17
503136,16,167.78,10.49,52.43,8.5,12.65,2025-09-15,2025-10-09
13986,14,167.77,11.98,59.92,4.75,12.85,2025-09-15,2025-10-14
508338,16,167.73,10.48,52.42,4.5,12.5,2025-09-14,2025-10-11
508493,15,167.71,11.18,55.9,8.5,12.6,2025-06-09,2025-07-08
507789,14,167.64,11.97,59.87,5.07,12.7,2025-09-14,2025-10-14
13795,14,167.6,11.97,59.86,5.12,13.03,2025-09-14,2025-10-16
502326,14,167.54,11.97,59.84,5.3,12.57,2025-09-14,2025-10-14
508589,15,167.53,11.17,55.84,4.0,13.28,2025-09-16,2025-10-16
14199,20,167.53,8.38,41.88,6.37,8.62,2025-09-14,2025-10-16
505771-111863,16,167.5,10.47,52.34,10.0,10.5,2025-04-21,2025-06-05
104478,20,167.3,8.37,41.83,5.2,8.68,2025-04-21,2025-10-12
09703,16,167.25,10.45,52.27,4.0,13.17,2025-09-15,2025-10-16
504327,14,167.2,11.94,59.71,5.13,12.52,2025-09-15,2025-10-15
507828,16,167.2,10.45,52.25,8.33,12.5,2025-09-16,2025-10-11
508486,14,167.18,11.94,59.71,5.12,12.6,2025-09-15,2025-10-16
510361,14,167.18,11.94,59.71,4.83,12.52,2025-09-14,2025-10-14
506763,14,167.17,11.94,59.7,5.08,12.53,2025-09-16,2025-10-16
420663,18,166.93,9.27,46.37,7.0,12.5,2025-04-18,2025-10-05
507776,16,166.92,10.43,52.16,8.32,12.5,2025-09-15,2025-10-11
102273,35,166.88,4.77,23.84,1.17,8.67,2025-04-22,2025-10-16
202896,23,166.87,7.26,36.28,0.4,8.38,2025-04-18,2025-09-26
14473,14,166.86,11.92,59.59,8.33,16.9,2025-09-14,2025-10-16
409964,19,166.8,8.78,43.89,7.68,16.0,2025-04-26,2025-10-16
07544,14,166.77,11.91,59.56,4.0,12.65,2025-09-15,2025-10-14
508291,22,166.62,7.57,37.87,4.97,10.5,2025-05-19,2025-10-05
15392,14,166.61,11.9,59.5,4.0,12.63,2025-09-15,2025-10-12
507814,16,166.59,10.41,52.06,8.23,12.5,2025-09-14,2025-10-09
502261,14,166.52,11.89,59.47,7.0,12.78,2025-04-19,2025-10-11
101351,27,166.5,6.17,30.83,2.0,8.0,2025-04-22,2025-06-20
12295,18,166.47,9.25,46.24,4.2,10.0,2025-09-15,2025-10-15
501100,14,166.41,11.89,59.43,8.5,12.65,2025-05-29,2025-09-27
08801,14,166.41,11.89,59.43,8.0,12.53,2025-09-16,2025-10-14
10684,14,166.4,11.89,59.43,8.35,12.53,2025-09-14,2025-10-08
202941,19,166.3,8.75,43.76,8.48,9.0,2025-04-22,2025-09-26
11558,20,166.29,8.31,41.57,6.5,9.23,2025-09-15,2025-10-16
507723,13,166.26,12.79,63.95,7.07,16.0,2025-09-17,2025-10-16
505540,18,166.26,9.24,46.18,8.5,12.98,2025-09-16,2025-10-16
505783,20,166.23,8.31,41.56,3.0,9.42,2025-09-15,2025-10-16
09451,14,166.2,11.87,59.36,8.0,12.72,2025-09-14,2025-10-16
205059,26,166.0,6.38,31.92,3.53,8.5,2025-04-18,2025-09-19
103079,21,166.0,7.9,39.52,6.0,8.0,2025-04-18,2025-07-03
503024,17,165.98,9.76,48.82,2.0,12.57,2025-04-18,2025-10-12
09407,19,165.89,8.73,43.66,4.0,10.5,2025-09-14,2025-10-16
105563,16,165.84,10.36,51.82,3.88,12.18,2025-05-07,2025-07-01
10705,15,165.82,11.05,55.27,4.0,16.48,2025-09-15,2025-10-11
03840,22,165.63,7.53,37.64,2.17,8.5,2025-09-17,2025-10-16
10871,14,165.6,11.83,59.14,5.27,12.5,2025-09-17,2025-10-16
421040,47,165.6,3.52,17.62,1.78,12.42,2025-04-28,2025-09-24
508286,15,165.29,11.02,55.1,8.0,12.65,2025-06-09,2025-07-07
06208,13,165.2,12.71,63.54,12.5,13.82,2025-09-14,2025-10-13
14728,13,165.06,12.7,63.48,12.5,13.98,2025-09-16,2025-10-12
12432,13,164.99,12.69,63.46,12.5,13.65,2025-09-14,2025-10-12
05707,17,164.9,9.7,48.5,3.77,13.12,2025-09-15,2025-10-09
507427,24,164.88,6.87,34.35,2.95,9.1,2025-04-22,2025-07-07
504157,14,164.87,11.78,58.88,2.65,12.65,2025-09-16,2025-10-13
14214,14,164.81,11.77,58.86,1.5,12.88,2025-09-14,2025-10-12
10875,15,164.73,10.98,54.91,4.0,16.27,2025-09-15,2025-10-13
204553,20,164.7,8.24,41.18,8.0,9.77,2025-04-18,2025-05-30
09030,14,164.68,11.76,58.81,1.5,12.78,2025-09-14,2025-10-12
12246,13,164.64,12.66,63.32,12.5,13.67,2025-09-14,2025-10-12
505401,20,164.58,8.23,41.15,4.05,8.62,2025-04-19,2025-07-05
504207,14,164.57,11.75,58.77,8.32,12.5,2025-09-15,2025-10-12
508374,23,164.38,7.15,35.73,3.17,10.05,2025-06-09,2025-10-11
08734,15,164.27,10.95,54.76,8.0,13.0,2025-09-16,2025-10-16
08287,20,164.26,8.21,41.07,2.82,9.4,2025-09-15,2025-10-10
501334,16,164.22,10.26,51.32,7.0,12.62,2025-04-20,2025-09-25
02042,15,164.22,10.95,54.74,8.0,12.67,2025-09-16,2025-10-16
503222,13,164.15,12.63,63.13,12.47,13.08,2025-09-15,2025-10-14
501803,34,164.09,4.83,24.13,3.2,8.0,2025-04-22,2025-09-23
04031,13,164.05,12.62,63.1,12.5,13.12,2025-09-16,2025-10-14
13390,19,164.03,8.63,43.17,8.5,9.28,2025-09-15,2025-10-16
510321,14,164.0,11.71,58.57,5.13,12.5,2025-09-14,2025-10-11
09661,15,163.99,10.93,54.66,8.37,16.52,2025-09-16,2025-10-16
05954,19,163.96,8.63,43.15,8.4,9.47,2025-09-16,2025-10-16
504129,14,163.92,11.71,58.54,8.5,12.9,2025-09-15,2025-10-14
507913,13,163.84,12.6,63.02,12.22,13.28,2025-09-14,2025-10-10
14785,17,163.75,9.63,48.16,3.25,10.67,2025-09-14,2025-10-14
14510,20,163.67,8.18,40.92,1.0,8.78,2025-09-15,2025-10-16
12348,13,163.67,12.59,62.95,12.5,12.88,2025-09-15,2025-10-12
15004,19,163.67,8.61,43.07,8.47,9.52,2025-09-15,2025-10-16
09777,15,163.63,10.91,54.54,8.5,12.5,2025-09-14,2025-10-12
508283,26,163.58,6.29,31.46,2.0,8.18,2025-05-27,2025-09-26
11183,13,163.47,12.57,62.87,12.5,13.0,2025-09-14,2025-10-12
09722,15,163.42,10.89,54.47,4.0,13.87,2025-09-16,2025-10-10
506163,23,163.33,7.1,35.51,1.0,9.6,2025-04-18,2025-05-30
13381,19,163.32,8.6,42.98,8.4,9.25,2025-09-15,2025-10-15
09332,19,163.28,8.59,42.97,8.5,8.98,2025-09-15,2025-10-16
03500,19,163.25,8.59,42.96,8.37,9.85,2025-09-17,2025-10-16
508554,19,163.22,8.59,42.95,7.95,10.27,2025-06-17,2025-10-12
14406,14,163.21,11.66,58.29,4.0,12.85,2025-09-14,2025-10-13
504944,19,163.17,8.59,42.94,8.47,9.55,2025-09-15,2025-10-16
507800,13,163.13,12.55,62.74,12.33,12.73,2025-09-14,2025-10-13
11417,13,163.11,12.55,62.73,12.4,12.93,2025-09-14,2025-10-12
13878,13,163.09,12.55,62.73,12.48,12.8,2025-09-14,2025-10-12
14916,16,162.99,10.19,50.93,1.0,13.22,2025-09-14,2025-10-11
13632,15,162.97,10.86,54.32,4.53,12.55,2025-09-14,2025-10-16
07425,19,162.96,8.58,42.88,8.5,8.92,2025-09-15,2025-10-15
98665,13,162.95,12.53,62.67,12.5,12.65,2025-09-16,2025-10-15
505555,13,162.94,12.53,62.67,12.0,12.93,2025-09-14,2025-10-12
09231,19,162.93,8.58,42.88,8.5,8.97,2025-09-16,2025-10-16
504997,13,162.92,12.53,62.66,12.5,12.75,2025-09-14,2025-10-16
09108,19,162.92,8.57,42.87,8.5,8.88,2025-09-15,2025-10-16
507574,20,162.88,8.14,40.72,1.5,9.43,2025-09-15,2025-10-15
06260,15,162.86,10.86,54.29,8.0,12.5,2025-09-15,2025-10-15
204048,19,162.8,8.57,42.84,8.38,8.73,2025-04-22,2025-09-17
101281,21,162.8,7.75,38.76,1.0,9.17,2025-04-18,2025-10-12
506606,26,162.79,6.26,31.31,1.02,8.02,2025-04-22,2025-07-08
336462,20,162.72,8.14,40.68,7.22,8.95,2025-04-18,2025-06-26
504318,12,162.71,13.56,67.8,12.5,24.5,2025-09-14,2025-10-13
504442,15,162.7,10.85,54.23,4.23,12.5,2025-09-16,2025-10-16
04246,19,162.58,8.56,42.78,8.0,8.95,2025-09-16,2025-10-16
103252,28,162.58,5.81,29.03,1.0,10.32,2025-04-22,2025-10-15
510307,15,162.55,10.84,54.18,4.0,16.5,2025-09-15,2025-10-14
10946,15,162.54,10.84,54.18,4.0,12.82,2025-09-14,2025-10-11
418298,13,162.52,12.5,62.51,12.27,12.78,2025-04-20,2025-07-07
508289,15,162.52,10.83,54.17,4.0,12.73,2025-09-14,2025-10-10
506872,19,162.49,8.55,42.76,8.5,8.77,2025-09-15,2025-10-16
507836,13,162.47,12.5,62.49,12.47,12.52,2025-09-16,2025-10-15
06301,13,162.47,12.5,62.49,12.42,12.57,2025-09-14,2025-10-13
507799,13,162.46,12.5,62.48,12.42,12.57,2025-09-14,2025-10-16
111868,18,162.45,9.03,45.13,2.58,10.52,2025-04-20,2025-10-02
502919,14,162.43,11.6,58.01,3.62,13.25,2025-09-15,2025-10-11
400036,18,162.42,9.02,45.12,4.7,12.5,2025-04-19,2025-10-09
505826,13,162.42,12.49,62.47,12.37,12.72,2025-09-15,2025-10-14
07026,13,162.42,12.49,62.47,8.65,16.52,2025-09-17,2025-10-16
508063,13,162.35,12.49,62.44,12.4,12.5,2025-09-15,2025-10-16
507007,18,162.34,9.02,45.09,8.97,9.15,2025-09-15,2025-10-16
14707,13,162.34,12.49,62.44,12.32,12.52,2025-09-16,2025-10-16
12885,13,162.33,12.49,62.43,12.0,12.73,2025-09-14,2025-10-12
15438,13,162.33,12.49,62.43,12.0,12.77,2025-09-15,2025-10-13
507927,13,162.3,12.48,62.42,12.35,12.5,2025-09-15,2025-10-16
15235,19,162.21,8.54,42.69,8.5,8.65,2025-09-15,2025-10-15
13633,13,162.2,12.48,62.38,3.9,16.68,2025-09-17,2025-10-16
400212,25,162.09,6.48,32.42,5.93,8.23,2025-04-21,2025-09-16
502487,13,162.07,12.47,62.33,12.0,13.07,2025-09-14,2025-10-12
502077,22,162.05,7.37,36.83,1.0,13.03,2025-04-20,2025-10-12
05839,13,162.05,12.47,62.33,12.0,12.67,2025-09-14,2025-10-16
97345,19,162.03,8.53,42.64,8.5,8.62,2025-09-15,2025-10-16
510573,19,162.03,8.53,42.64,8.5,8.73,2025-09-15,2025-10-16
11240,14,162.0,11.57,57.86,8.5,12.5,2025-09-16,2025-10-16
400203,14,161.97,11.57,57.85,10.62,12.0,2025-04-26,2025-09-14
504914,15,161.96,10.8,53.99,4.0,12.53,2025-09-14,2025-10-10
13971,19,161.92,8.52,42.61,8.5,8.9,2025-09-16,2025-10-16
508468,20,161.86,8.09,40.47,5.57,8.55,2025-06-09,2025-07-07
15402,19,161.85,8.52,42.59,8.5,8.73,2025-09-15,2025-10-16
14758,19,161.81,8.52,42.58,6.22,12.02,2025-09-15,2025-10-16
202646,19,161.81,8.52,42.58,4.72,15.25,2025-04-18,2025-05-22
507285,19,161.8,8.52,42.58,8.5,8.7,2025-09-14,2025-10-16
522055,13,161.78,12.44,62.22,12.13,12.5,2025-09-17,2025-10-16
522081,19,161.76,8.51,42.57,8.38,8.78,2025-09-14,2025-10-15
05427,19,161.75,8.51,42.57,8.42,8.77,2025-09-15,2025-10-16
505919,15,161.71,10.78,53.9,4.0,12.5,2025-09-16,2025-10-15
12275,19,161.7,8.51,42.55,8.47,8.67,2025-09-15,2025-10-16
14477,19,161.69,8.51,42.55,8.47,8.62,2025-09-15,2025-10-16
12674,19,161.69,8.51,42.55,4.57,12.43,2025-09-15,2025-10-16
508300,20,161.68,8.08,40.42,1.05,8.63,2025-09-15,2025-10-10
505607,24,161.64,6.74,33.68,3.7,8.68,2025-06-02,2025-07-04
09835,19,161.62,8.51,42.53,8.43,8.55,2025-09-14,2025-10-16
15110,19,161.6,8.51,42.53,8.42,8.62,2025-09-15,2025-10-15
10374,13,161.57,12.43,62.14,8.5,13.85,2025-09-14,2025-10-12
505093,13,161.56,12.43,62.14,9.08,13.25,2025-09-16,2025-10-10
14520,19,161.52,8.5,42.51,8.5,8.52,2025-09-14,2025-10-15
507960,19,161.5,8.5,42.5,8.47,8.53,2025-09-14,2025-10-15
02535,19,161.5,8.5,42.5,8.5,8.5,2025-09-15,2025-10-16
336690,19,161.5,8.5,42.5,8.5,8.5,2025-09-22,2025-10-16
07587,19,161.5,8.5,42.5,8.5,8.5,2025-09-22,2025-10-16
15324,19,161.5,8.5,42.5,8.5,8.5,2025-09-14,2025-10-16
04894,19,161.5,8.5,42.5,8.08,8.9,2025-09-15,2025-10-16
505377,19,161.5,8.5,42.5,8.5,8.5,2025-09-22,2025-10-16
15680,19,161.48,8.5,42.49,8.42,8.53,2025-09-15,2025-10-16
06960,19,161.46,8.5,42.49,8.48,8.5,2025-09-20,2025-10-15
507341,19,161.44,8.5,42.48,8.38,8.57,2025-09-16,2025-10-10
510505,19,161.38,8.49,42.47,8.38,8.55,2025-09-15,2025-10-15
67413,19,161.35,8.49,42.46,7.55,8.75,2025-09-15,2025-10-10
13149,19,161.34,8.49,42.46,5.97,10.8,2025-09-22,2025-10-15
13447,19,161.31,8.49,42.45,8.4,8.5,2025-09-14,2025-10-15
14343,13,161.31,12.41,62.04,11.25,12.68,2025-09-14,2025-10-16
05033,18,161.26,8.96,44.79,4.5,10.7,2025-09-16,2025-10-16
09607,19,161.25,8.49,42.43,8.3,8.65,2025-09-15,2025-10-16
09941,19,161.23,8.49,42.43,8.42,8.5,2025-09-15,2025-10-16
410897,19,161.2,8.48,42.42,8.42,8.58,2025-04-29,2025-10-07
502210,19,161.16,8.48,42.41,8.33,8.57,2025-09-15,2025-10-16
402419,20,161.15,8.06,40.29,1.2,12.5,2025-04-27,2025-10-12
15152,19,161.1,8.48,42.39,8.2,8.62,2025-09-16,2025-10-16
14505,18,161.1,8.95,44.75,4.0,10.62,2025-09-17,2025-10-16
04859,20,160.99,8.05,40.25,8.0,8.57,2025-09-14,2025-10-15
09368,19,160.98,8.47,42.36,8.0,8.65,2025-09-17,2025-10-16
12086,19,160.97,8.47,42.36,8.2,8.5,2025-09-22,2025-10-16
12562,13,160.91,12.38,61.89,11.78,12.62,2025-09-13,2025-10-08
504258,15,160.89,10.73,53.63,5.08,12.83,2025-09-15,2025-10-16
502798,14,160.88,11.49,57.46,8.25,12.52,2025-04-18,2025-07-04
507952,19,160.84,8.47,42.33,7.5,8.87,2025-09-15,2025-10-14
504768,19,160.83,8.46,42.32,8.35,8.5,2025-09-15,2025-10-10
07240,19,160.75,8.46,42.3,6.38,8.9,2025-09-15,2025-10-16
507811,19,160.62,8.45,42.27,8.0,8.62,2025-04-21,2025-09-24
101388,23,160.61,6.98,34.92,1.0,12.92,2025-04-18,2025-10-10
508557,16,160.57,10.04,50.18,4.5,12.6,2025-09-14,2025-10-11
09553,19,160.52,8.45,42.24,7.43,8.53,2025-09-15,2025-10-16
102323,19,160.5,8.45,42.24,7.5,8.5,2025-09-16,2025-10-16
502564,19,160.49,8.45,42.23,7.77,8.5,2025-09-15,2025-10-16
12221,13,160.4,12.34,61.69,12.0,12.5,2025-09-14,2025-10-12
00449,19,160.39,8.44,42.21,6.48,8.8,2025-09-16,2025-10-16
510418,19,160.36,8.44,42.2,8.0,8.52,2025-09-18,2025-10-16
502712,20,160.31,8.02,40.08,0.02,8.67,2025-04-18,2025-05-15
14043,19,160.28,8.44,42.18,6.73,8.72,2025-09-16,2025-10-16
14381,19,160.07,8.42,42.12,7.0,8.53,2025-09-17,2025-10-13
14592,16,160.0,10.0,50.0,10.0,10.0,2025-09-15,2025-10-10
501827,16,160.0,10.0,50.0,10.0,10.0,2025-09-17,2025-10-16
413174,20,160.0,8.0,40.0,8.0,8.0,2025-05-19,2025-07-08
11350,16,160.0,10.0,50.0,10.0,10.0,2025-09-15,2025-10-10
507387,20,159.94,8.0,39.99,6.13,9.5,2025-04-18,2025-10-09
09342,14,159.83,11.42,57.08,8.5,12.85,2025-09-17,2025-10-16
12114,14,159.76,11.41,57.06,1.0,12.58,2025-09-15,2025-10-08
508377,19,159.73,8.41,42.03,6.48,8.6,2025-09-15,2025-10-10
102654,14,159.64,11.4,57.01,6.0,12.33,2025-04-20,2025-07-04
14737,13,159.6,12.28,61.38,10.92,12.5,2025-09-14,2025-10-14
505925,16,159.59,9.97,49.87,4.0,12.5,2025-09-15,2025-10-08
15380,19,159.57,8.4,41.99,6.57,8.55,2025-09-15,2025-10-10
506075,21,159.55,7.6,37.99,4.5,10.82,2025-04-18,2025-06-30
413195,15,159.5,10.63,53.17,8.0,12.77,2025-04-27,2025-10-08
05185,19,159.5,8.39,41.97,8.0,8.5,2025-09-15,2025-10-15
103339,19,159.5,8.39,41.97,5.0,9.5,2025-09-15,2025-10-16
419159,18,159.47,8.86,44.3,8.0,9.58,2025-04-22,2025-07-08
12499,14,159.41,11.39,56.93,4.0,12.87,2025-09-15,2025-10-16
11278,19,159.36,8.39,41.94,7.1,8.73,2025-09-15,2025-10-16
14020,17,159.36,9.37,46.87,3.0,10.95,2025-09-14,2025-10-09
06139,18,159.24,8.85,44.23,4.02,12.0,2025-09-16,2025-10-16
104900,20,159.24,7.96,39.81,1.0,9.22,2025-04-18,2025-05-16
10852,16,159.24,9.95,49.76,3.23,11.47,2025-09-16,2025-10-16
12561,19,159.15,8.38,41.88,5.53,10.23,2025-09-15,2025-10-10
02664,13,159.12,12.24,61.2,8.95,18.5,2025-09-16,2025-10-10
510489,13,159.12,12.24,61.2,8.0,13.12,2025-09-15,2025-10-13
10295,19,159.07,8.37,41.86,8.0,8.5,2025-09-15,2025-10-11
13597,18,158.89,8.83,44.14,8.0,10.68,2025-09-15,2025-10-16
504609,15,158.88,10.59,52.96,4.0,12.57,2025-09-14,2025-10-14
15457,13,158.86,12.22,61.1,8.55,12.78,2025-09-15,2025-10-09
09080,14,158.86,11.35,56.74,5.12,16.5,2025-09-16,2025-10-16
08521,15,158.8,10.59,52.93,10.5,10.95,2025-09-15,2025-10-16
102981,19,158.75,8.36,41.78,4.25,9.0,2025-09-15,2025-10-16
12373,13,158.7,12.21,61.04,8.47,13.52,2025-09-15,2025-10-15
15162,15,158.7,10.58,52.9,10.5,10.88,2025-09-15,2025-10-10
102358,13,158.56,12.2,60.98,4.87,13.0,2025-06-20,2025-10-12
505772,19,158.5,8.34,41.71,8.0,8.5,2025-05-26,2025-10-16
14899,13,158.47,12.19,60.95,7.35,13.18,2025-09-15,2025-10-08
10115,16,158.44,9.9,49.51,4.5,12.65,2025-09-14,2025-10-12
10296,14,158.37,11.31,56.56,2.75,13.15,2025-09-14,2025-10-12
93534,21,158.3,7.54,37.69,7.5,7.7,2025-09-16,2025-10-15
507191,16,158.28,9.89,49.46,3.0,13.23,2025-04-27,2025-10-12
08409,16,158.28,9.89,49.46,7.37,17.45,2025-09-15,2025-10-03
01145,12,158.26,13.19,65.94,12.45,16.63,2025-09-16,2025-10-08
05049,13,158.24,12.17,60.86,4.0,16.25,2025-09-17,2025-10-10
415256,22,158.21,7.19,35.96,5.4,9.45,2025-04-19,2025-09-14
14096,19,158.17,8.32,41.62,5.12,8.53,2025-09-20,2025-10-16
08361,15,158.16,10.54,52.72,10.0,11.2,2025-09-16,2025-10-16
14949,14,158.0,11.29,56.43,4.0,12.62,2025-09-16,2025-10-09
14774,19,157.94,8.31,41.56,7.83,8.5,2025-09-15,2025-10-10
08278,15,157.88,10.53,52.63,8.95,12.53,2025-09-15,2025-10-15
10761,19,157.79,8.3,41.52,4.85,8.57,2025-09-15,2025-10-16
417299,16,157.61,9.85,49.25,3.95,12.45,2025-04-19,2025-09-21
12986,13,157.59,12.12,60.61,8.57,12.5,2025-09-14,2025-10-12
12283,13,157.55,12.12,60.6,4.4,14.52,2025-09-16,2025-10-11
504532,14,157.53,11.25,56.26,1.0,12.58,2025-05-09,2025-10-11
05611,15,157.5,10.5,52.5,10.5,10.5,2025-09-16,2025-10-09
13625,13,157.49,12.11,60.57,7.35,12.65,2025-09-15,2025-10-10
04879,19,157.36,8.28,41.41,7.6,8.5,2025-09-15,2025-10-16
02824,18,157.35,8.74,43.71,8.5,10.22,2025-09-15,2025-10-16
15708,19,157.35,8.28,41.41,6.48,8.5,2025-09-15,2025-10-16
11158,13,157.34,12.1,60.52,5.33,13.13,2025-09-17,2025-10-12
07246,13,157.29,12.1,60.5,8.0,12.6,2025-09-14,2025-10-12
502295,14,157.2,11.23,56.14,2.0,15.57,2025-09-15,2025-10-15
503550,15,157.18,10.48,52.39,10.03,10.65,2025-09-23,2025-10-16
101444,19,157.05,8.27,41.33,8.0,8.67,2025-04-18,2025-05-30
303190,20,157.0,7.85,39.25,4.0,8.5,2025-04-18,2025-09-05
11032,13,156.98,12.08,60.38,3.98,16.25,2025-09-14,2025-10-09
422535,31,156.85,5.06,25.3,4.58,5.67,2025-04-22,2025-09-26
507419,15,156.85,10.46,52.28,10.23,10.52,2025-09-16,2025-10-15
15057,13,156.73,12.06,60.28,5.2,12.98,2025-09-16,2025-10-12
15106,13,156.68,12.05,60.26,10.33,14.03,2025-09-16,2025-10-14
501266,14,156.67,11.19,55.95,3.0,12.6,2025-04-19,2025-07-05
503980,37,156.56,4.23,21.16,1.05,5.68,2025-04-18,2025-09-22
418961,15,156.5,10.43,52.17,10.0,10.5,2025-06-19,2025-10-11
507327,13,156.43,12.03,60.17,5.28,13.08,2025-09-17,2025-10-11
61663,13,156.41,12.03,60.16,4.95,13.32,2025-09-17,2025-10-16
07244,16,156.35,9.77,48.86,9.75,9.87,2025-09-15,2025-10-16
409439,13,156.34,12.03,60.13,4.0,13.23,2025-05-10,2025-10-10
10864,14,156.31,11.17,55.83,8.32,12.92,2025-09-15,2025-10-15
505813,15,156.28,10.42,52.09,4.27,12.5,2025-05-22,2025-10-11
08189,15,156.22,10.41,52.07,8.5,12.73,2025-09-15,2025-10-15
14537,13,156.13,12.01,60.05,6.62,12.53,2025-09-17,2025-10-10
510351,13,156.12,12.01,60.05,4.88,13.12,2025-09-16,2025-10-15
13394,18,156.1,8.67,43.36,8.5,9.5,2025-09-15,2025-10-16
105015,14,156.08,11.15,55.74,4.65,12.5,2025-06-14,2025-10-10
07454,19,156.0,8.21,41.05,8.0,8.5,2025-09-16,2025-10-16
14991,13,155.88,11.99,59.95,8.5,13.08,2025-09-18,2025-10-16
14305,14,155.83,11.13,55.65,8.5,13.02,2025-09-16,2025-10-14
15087,19,155.82,8.2,41.01,5.0,8.63,2025-09-16,2025-10-16
09733,15,155.6,10.37,51.87,9.7,10.5,2025-09-15,2025-10-16
405567,18,155.55,8.64,43.21,8.0,10.48,2025-04-18,2025-09-28
508075,15,155.46,10.36,51.82,8.5,12.5,2025-09-16,2025-10-11
15269,16,155.42,9.71,48.57,0.47,12.4,2025-09-14,2025-10-14
120430,19,155.32,8.17,40.87,6.0,10.5,2025-04-28,2025-10-03
12382,15,155.18,10.35,51.73,8.85,10.7,2025-09-16,2025-10-16
13293,14,155.15,11.08,55.41,8.5,12.55,2025-09-14,2025-10-16
502174,13,154.87,11.91,59.57,8.5,12.63,2025-09-15,2025-10-15
78121,13,154.84,11.91,59.55,5.97,12.57,2025-09-17,2025-10-08
504150,18,154.78,8.6,42.99,8.33,10.07,2025-09-14,2025-10-16
12004,13,154.75,11.9,59.52,4.5,12.72,2025-09-14,2025-10-12
14301,19,154.71,8.14,40.71,8.0,10.08,2025-09-14,2025-10-13
06298,15,154.7,10.31,51.57,8.38,16.17,2025-09-14,2025-10-16
507826,13,154.6,11.89,59.46,8.6,12.52,2025-09-15,2025-10-08
10332,19,154.58,8.14,40.68,4.5,9.27,2025-09-15,2025-10-16
04331,13,154.49,11.88,59.42,4.0,12.73,2025-09-14,2025-10-10
10476,18,154.47,8.58,42.91,8.5,8.88,2025-09-15,2025-10-16
516712,19,154.46,8.13,40.65,8.0,8.48,2025-09-15,2025-10-10
02931,14,154.3,11.02,55.11,4.07,12.6,2025-09-14,2025-10-10
420460,13,154.28,11.87,59.34,4.43,12.5,2025-09-16,2025-10-15
502222,18,154.22,8.57,42.84,8.5,8.75,2025-09-14,2025-10-13
02186,18,154.19,8.57,42.83,8.38,9.15,2025-09-15,2025-10-16
505013,24,154.16,6.42,32.12,6.0,8.52,2025-09-15,2025-10-16
508510,17,154.15,9.07,45.34,8.0,15.33,2025-06-16,2025-07-06
500807,18,154.12,8.56,42.81,8.5,9.07,2025-09-15,2025-10-16
507161,18,154.01,8.56,42.78,8.5,8.82,2025-09-15,2025-10-15
08095,18,153.99,8.56,42.78,8.5,8.93,2025-09-16,2025-10-16
03436,18,153.99,8.56,42.78,7.62,10.43,2025-09-16,2025-10-16
14005,19,153.9,8.1,40.5,8.0,8.6,2025-09-15,2025-10-16
506431,27,153.8,5.7,28.48,3.4,6.12,2025-04-21,2025-06-05
92569,18,153.8,8.54,42.72,5.87,10.48,2025-09-16,2025-10-16
14861,15,153.77,10.25,51.26,2.0,14.87,2025-09-14,2025-10-16
510412,12,153.77,12.81,64.07,12.5,14.68,2025-09-16,2025-10-10
15140,18,153.75,8.54,42.71,8.15,8.92,2025-09-16,2025-10-16
14239,13,153.75,11.83,59.13,4.52,12.5,2025-09-14,2025-10-11
410345,18,153.73,8.54,42.7,8.0,12.1,2025-04-18,2025-09-19
406322,14,153.63,10.97,54.87,2.0,12.85,2025-05-10,2025-10-11
12375,12,153.5,12.79,63.96,12.5,14.07,2025-09-15,2025-10-15
418428,18,153.5,8.53,42.64,8.0,10.5,2025-05-26,2025-10-16
417673,15,153.5,10.23,51.17,10.0,10.5,2025-05-26,2025-10-05
507242,18,153.42,8.52,42.62,8.4,9.18,2025-09-14,2025-10-16
05247,17,153.39,9.02,45.11,8.42,16.88,2025-09-15,2025-10-14
508454,12,153.3,12.78,63.88,12.28,13.0,2025-09-15,2025-10-09
11833,18,153.28,8.52,42.58,8.42,8.65,2025-09-15,2025-10-15
507763,18,153.27,8.51,42.57,8.0,16.18,2025-09-14,2025-10-13
101705,18,153.25,8.51,42.57,8.5,8.63,2025-09-14,2025-10-15
12671,14,153.17,10.94,54.7,1.83,13.42,2025-09-14,2025-10-11
502804,18,153.17,8.51,42.55,8.5,8.62,2025-09-20,2025-10-16
101675,19,153.11,8.06,40.29,7.63,8.65,2025-04-19,2025-10-05
09284,18,153.02,8.5,42.51,8.38,8.57,2025-09-15,2025-10-16
10719,14,152.94,10.92,54.62,9.78,12.5,2025-09-15,2025-10-16
08678,18,152.9,8.49,42.47,8.4,8.5,2025-09-16,2025-10-16
420807,18,152.86,8.49,42.46,6.6,9.9,2025-04-25,2025-10-01
10033,18,152.84,8.49,42.46,8.0,8.63,2025-09-15,2025-10-10
505547,17,152.83,8.99,44.95,4.0,12.38,2025-09-14,2025-10-15
14851,14,152.82,10.92,54.58,3.15,12.5,2025-09-17,2025-10-12
04242,18,152.82,8.49,42.45,8.43,8.52,2025-09-15,2025-10-10
12789,13,152.77,11.75,58.76,2.0,12.8,2025-09-14,2025-10-11
14894,18,152.73,8.49,42.43,8.0,9.03,2025-09-16,2025-10-16
508244,18,152.71,8.48,42.42,8.38,8.5,2025-09-14,2025-10-16
105391,13,152.7,11.75,58.73,8.5,12.5,2025-04-27,2025-09-23
03998,20,152.68,7.63,38.17,4.38,8.82,2025-09-15,2025-10-16
10372,18,152.65,8.48,42.4,8.05,8.6,2025-09-16,2025-10-15
11013,14,152.63,10.9,54.51,4.0,12.5,2025-09-14,2025-10-11
505917,13,152.51,11.73,58.66,3.73,16.17,2025-09-14,2025-10-05
10890,19,152.45,8.02,40.12,7.5,10.03,2025-09-15,2025-10-16
01710,18,152.4,8.47,42.33,8.05,8.7,2025-09-17,2025-10-16
508497,31,152.34,4.91,24.57,2.18,12.38,2025-06-10,2025-10-15
506560,18,152.25,8.46,42.29,8.05,8.68,2025-09-15,2025-10-14
105492,18,152.19,8.45,42.27,4.07,9.47,2025-04-23,2025-07-08
102749,20,152.07,7.6,38.02,4.25,10.0,2025-04-25,2025-06-06
510411,12,152.03,12.67,63.35,12.5,13.27,2025-09-14,2025-10-09
505252,19,152.0,8.0,40.0,8.0,8.0,2025-04-21,2025-07-04
403651,19,152.0,8.0,40.0,8.0,8.0,2025-05-13,2025-07-21
503732,19,152.0,8.0,40.0,8.0,8.0,2025-04-29,2025-06-20
507797,14,151.99,10.86,54.28,8.5,12.77,2025-09-15,2025-10-09
15204,15,151.9,10.13,50.63,4.5,10.65,2025-09-15,2025-10-14
506484,18,151.89,8.44,42.19,8.0,8.5,2025-04-26,2025-10-12
13534,14,151.88,10.85,54.24,5.05,12.7,2025-09-15,2025-10-16
11459,13,151.84,11.68,58.4,5.32,13.22,2025-09-14,2025-10-07
00493,13,151.82,11.68,58.39,1.0,13.23,2025-09-15,2025-10-11
13228,14,151.81,10.84,54.22,4.0,13.22,2025-09-16,2025-10-14
417031,20,151.81,7.59,37.95,3.15,9.47,2025-04-22,2025-09-18
10190,14,151.73,10.84,54.19,4.0,13.38,2025-09-14,2025-10-13
09949,18,151.72,8.43,42.14,7.95,8.62,2025-09-15,2025-10-08
502217,13,151.7,11.67,58.35,8.5,13.2,2025-09-16,2025-10-12
14428,13,151.61,11.66,58.31,8.5,20.5,2025-09-14,2025-10-16
418617,21,151.49,7.21,36.07,0.77,8.65,2025-04-18,2025-05-28
14564,12,151.49,12.62,63.12,12.47,13.18,2025-09-15,2025-10-11
507755,20,151.41,7.57,37.85,1.22,8.6,2025-05-13,2025-10-11
15320,18,151.38,8.41,42.05,5.63,8.77,2025-09-15,2025-10-14
14901,12,151.37,12.61,63.07,12.5,12.88,2025-09-14,2025-10-11
519118,18,151.03,8.39,41.95,7.5,8.7,2025-09-16,2025-10-16
508538,13,151.01,11.62,58.08,8.5,12.68,2025-09-15,2025-10-16
419641,18,151.0,8.39,41.94,5.5,12.0,2025-04-26,2025-10-12
503343,14,151.0,10.79,53.93,2.48,12.9,2025-09-15,2025-10-14
503361,12,150.96,12.58,62.9,12.4,12.95,2025-09-16,2025-10-09
510362,12,150.95,12.58,62.9,12.37,13.2,2025-09-14,2025-10-10
404397,28,150.92,5.39,26.95,0.57,8.95,2025-04-18,2025-09-30
501812,12,150.88,12.57,62.87,12.5,12.78,2025-09-14,2025-10-12
516713,12,150.87,12.57,62.86,12.5,12.87,2025-09-18,2025-10-15
501889,12,150.87,12.57,62.86,12.5,12.85,2025-09-15,2025-10-09
510303,12,150.86,12.57,62.86,12.5,12.8,2025-09-15,2025-10-11
04339,16,150.86,9.43,47.14,8.47,9.83,2025-09-16,2025-10-16
05493,23,150.84,6.56,32.79,2.37,8.53,2025-09-15,2025-10-16
12596,12,150.77,12.56,62.82,12.5,12.82,2025-09-15,2025-10-09
06946,14,150.76,10.77,53.84,4.0,13.18,2025-09-15,2025-10-14
09000,19,150.74,7.93,39.67,6.0,8.65,2025-09-16,2025-10-16
111445,21,150.72,7.18,35.89,4.4,8.93,2025-04-18,2025-09-24
522057,12,150.71,12.56,62.8,12.48,13.08,2025-09-15,2025-10-10
13850,16,150.69,9.42,47.09,8.0,16.0,2025-09-14,2025-10-15
15201,12,150.68,12.56,62.78,12.5,13.03,2025-09-14,2025-10-12
504877,14,150.63,10.76,53.8,3.95,12.55,2025-09-18,2025-10-15
508496,13,150.62,11.59,57.93,8.5,12.5,2025-09-15,2025-10-16
14375,12,150.59,12.55,62.75,12.5,12.85,2025-09-15,2025-10-11
501192,12,150.57,12.55,62.74,12.5,12.75,2025-09-16,2025-10-11
507835,12,150.57,12.55,62.74,12.45,12.83,2025-09-14,2025-10-09
14962,12,150.45,12.54,62.69,12.45,12.77,2025-09-15,2025-10-09
203158,28,150.45,5.37,26.87,1.03,9.13,2025-04-18,2025-09-23
11926,12,150.43,12.54,62.68,12.4,12.85,2025-09-16,2025-10-15
101112,12,150.28,12.52,62.62,12.2,13.33,2025-09-15,2025-10-15
08852,12,150.27,12.52,62.61,12.45,12.67,2025-09-14,2025-10-10
505943,13,150.26,11.56,57.79,5.17,12.5,2025-09-17,2025-10-09
14433,14,150.24,10.73,53.66,8.4,12.5,2025-09-15,2025-10-14
202011,12,150.22,12.52,62.59,12.32,12.87,2025-04-19,2025-10-08
507884,15,150.21,10.01,50.07,8.45,12.5,2025-09-15,2025-10-10
503490,12,150.19,12.52,62.58,12.2,12.85,2025-09-14,2025-10-10
507882,12,150.18,12.52,62.58,12.42,12.62,2025-09-15,2025-10-11
412400,13,150.13,11.55,57.74,2.98,12.6,2025-04-25,2025-09-20
506984,12,150.13,12.51,62.55,12.43,12.65,2025-09-15,2025-10-10
07927,12,150.11,12.51,62.55,12.45,12.63,2025-09-16,2025-10-09
14647,12,150.11,12.51,62.55,12.38,12.65,2025-09-16,2025-10-09
02927,15,150.09,10.01,50.03,9.97,10.07,2025-09-14,2025-10-14
04340,12,150.08,12.51,62.53,12.43,12.62,2025-09-15,2025-10-10
04343,12,150.07,12.51,62.53,11.75,13.27,2025-09-14,2025-10-11
507753,12,150.06,12.51,62.53,12.48,12.55,2025-09-14,2025-10-11
504938,12,150.05,12.5,62.52,12.5,12.53,2025-04-28,2025-10-16
00637,23,150.03,6.52,32.62,6.5,6.67,2025-09-15,2025-10-16
14351,12,149.98,12.5,62.49,12.32,12.78,2025-09-15,2025-10-10
507659,12,149.96,12.5,62.48,12.48,12.5,2025-09-14,2025-10-10
502499,13,149.95,11.53,57.67,0.25,12.53,2025-09-17,2025-10-11
11735,12,149.93,12.49,62.47,12.4,12.63,2025-09-14,2025-10-11
510558,12,149.92,12.49,62.47,12.38,12.55,2025-09-15,2025-10-10
503067,14,149.91,10.71,53.54,7.88,12.5,2025-09-14,2025-10-16
507767,12,149.89,12.49,62.45,12.32,12.67,2025-09-14,2025-10-10
03197,15,149.89,9.99,49.96,1.0,13.58,2025-09-14,2025-10-10
08625,12,149.87,12.49,62.45,12.2,12.73,2025-09-14,2025-10-12
08580,12,149.86,12.49,62.44,12.37,12.57,2025-09-16,2025-10-11
507888,12,149.84,12.49,62.43,12.0,12.88,2025-09-14,2025-10-08
508064,12,149.79,12.48,62.41,12.33,12.53,2025-09-16,2025-10-08
05587,14,149.76,10.7,53.49,4.0,12.68,2025-09-15,2025-10-11
507589,12,149.73,12.48,62.39,12.0,12.67,2025-09-14,2025-10-08
04557,13,149.72,11.52,57.58,5.1,12.92,2025-09-17,2025-10-10
503069,12,149.71,12.48,62.38,12.37,12.53,2025-09-14,2025-10-14
15295,12,149.7,12.48,62.38,12.0,12.73,2025-09-15,2025-10-11
04502,13,149.68,11.51,57.57,5.12,12.85,2025-09-16,2025-10-10
510350,12,149.64,12.47,62.35,12.42,12.5,2025-09-16,2025-10-08
09155,12,149.59,12.47,62.33,12.2,12.53,2025-09-16,2025-10-10
06878,12,149.57,12.46,62.32,11.92,12.88,2025-09-15,2025-10-10
507962,12,149.53,12.46,62.3,12.23,12.5,2025-09-15,2025-10-10
510610,12,149.49,12.46,62.29,12.35,12.53,2025-09-14,2025-10-08
08888,10,149.48,14.95,74.74,1.0,16.6,2025-09-14,2025-10-14
10342,12,149.48,12.46,62.28,12.25,12.5,2025-09-14,2025-10-16
505927,12,149.45,12.45,62.27,12.13,12.73,2025-09-16,2025-10-10
507689,12,149.43,12.45,62.26,12.25,12.5,2025-09-15,2025-10-15
14019,12,149.32,12.44,62.22,12.0,12.72,2025-09-15,2025-10-08
506226,12,149.3,12.44,62.21,11.4,12.9,2025-09-18,2025-10-16
15396,12,149.23,12.44,62.18,12.08,12.5,2025-09-18,2025-10-16
12688,13,149.12,11.47,57.35,4.95,12.77,2025-09-17,2025-10-09
501060,13,149.08,11.47,57.34,5.1,12.78,2025-09-18,2025-10-10
09440,17,149.0,8.76,43.82,8.5,13.0,2025-09-14,2025-10-16
515693,13,148.96,11.46,57.29,1.25,12.5,2025-09-14,2025-10-11
03740,14,148.95,10.64,53.2,8.5,12.75,2025-09-14,2025-10-16
13905,12,148.89,12.41,62.04,12.18,12.5,2025-09-14,2025-10-11
508102,21,148.88,7.09,35.45,3.95,8.75,2025-05-10,2025-09-24
502290,17,148.66,8.74,43.72,8.45,12.48,2025-04-19,2025-10-04
13841,15,148.51,9.9,49.5,6.52,12.82,2025-09-14,2025-10-11
508208,12,148.45,12.37,61.85,12.0,12.5,2025-09-15,2025-10-10
510357,12,148.45,12.37,61.85,12.0,12.5,2025-09-14,2025-10-10
500937,12,148.36,12.36,61.82,9.28,13.25,2025-09-15,2025-10-10
14809,18,148.34,8.24,41.21,8.0,12.15,2025-09-15,2025-10-16
104422,16,148.34,9.27,46.36,7.62,12.9,2025-04-19,2025-09-20
14379,13,148.34,11.41,57.05,8.5,13.42,2025-09-15,2025-10-16
12816,12,148.28,12.36,61.78,11.6,12.5,2025-09-15,2025-10-11
402193,24,148.22,6.18,30.88,5.68,7.03,2025-04-22,2025-10-16
10543,15,148.04,9.87,49.35,6.0,12.08,2025-09-17,2025-10-16
14352,13,148.03,11.39,56.93,2.03,12.5,2025-09-17,2025-10-13
14488,12,147.52,12.29,61.47,11.62,12.5,2025-09-15,2025-10-09
15271,17,147.36,8.67,43.34,7.35,11.73,2025-09-14,2025-10-14
501047,15,147.25,9.82,49.08,4.67,14.23,2025-04-21,2025-10-06
505773,13,147.2,11.32,56.62,4.5,12.5,2025-09-19,2025-10-16
505462,17,147.1,8.65,43.26,7.88,12.2,2025-04-19,2025-10-05
13979,12,147.08,12.26,61.28,10.35,12.5,2025-09-14,2025-10-09
09445,14,147.0,10.5,52.5,10.5,10.5,2025-09-15,2025-10-16
510477,17,146.99,8.65,43.23,8.5,10.57,2025-09-15,2025-10-16
06388,14,146.98,10.5,52.49,10.43,10.55,2025-09-15,2025-10-15
12811,12,146.92,12.24,61.22,8.0,13.03,2025-09-14,2025-10-16
06289,14,146.91,10.49,52.47,10.27,10.57,2025-09-17,2025-10-16
101399,18,146.86,8.16,40.79,8.0,8.63,2025-04-23,2025-05-16
422487,12,146.83,12.24,61.18,12.0,12.5,2025-04-18,2025-10-04
02281,18,146.82,8.16,40.78,3.47,8.62,2025-09-14,2025-10-11
14649,14,146.76,10.48,52.41,9.68,11.3,2025-09-16,2025-10-14
507949,13,146.75,11.29,56.44,4.0,13.02,2025-09-15,2025-10-10
06868,13,146.74,11.29,56.44,5.0,12.5,2025-09-16,2025-10-11
14952,13,146.61,11.28,56.39,8.5,12.6,2025-09-16,2025-10-12
94482,17,146.57,8.62,43.11,8.25,9.18,2025-09-15,2025-10-16
14644,12,146.54,12.21,61.06,3.22,16.5,2025-09-14,2025-10-11
14070,13,146.51,11.27,56.35,8.47,12.52,2025-09-17,2025-10-16
501032,13,146.48,11.27,56.34,1.0,12.5,2025-04-22,2025-07-01
15445,13,146.38,11.26,56.3,4.0,12.95,2025-09-14,2025-10-12
14664,23,146.36,6.36,31.82,3.78,12.35,2025-04-21,2025-05-25
13041,15,146.36,9.76,48.79,4.0,12.62,2025-09-15,2025-10-11
12490,14,146.22,10.44,52.22,10.28,10.5,2025-09-15,2025-10-15
03658,18,146.12,8.12,40.59,4.0,12.58,2025-09-14,2025-10-15
08118,19,146.12,7.69,38.45,5.5,9.03,2025-09-22,2025-10-16
508305,19,146.07,7.69,38.44,1.62,8.22,2025-09-15,2025-10-13
522129,17,146.0,8.59,42.94,6.0,10.5,2025-09-15,2025-10-11
04667,13,145.96,11.23,56.14,4.0,12.55,2025-09-14,2025-10-11
507063,17,145.83,8.58,42.89,8.43,9.07,2025-09-14,2025-10-15
503958,15,145.8,9.72,48.6,4.02,16.42,2025-04-18,2025-10-02
504165,12,145.58,12.13,60.66,5.33,16.5,2025-09-15,2025-10-09
508593,17,145.51,8.56,42.8,8.0,8.92,2025-06-23,2025-09-23
13820,21,145.35,6.92,34.61,3.73,10.15,2025-04-18,2025-05-26
506951,12,145.2,12.1,60.5,8.0,12.87,2025-09-14,2025-10-10
08087,17,145.1,8.54,42.68,8.5,8.62,2025-09-14,2025-10-15
07220,14,145.08,10.36,51.81,8.5,12.5,2025-09-16,2025-10-10
510383,12,145.06,12.09,60.44,10.08,12.5,2025-09-14,2025-10-10
401734,49,145.0,2.96,14.8,1.0,6.0,2025-04-18,2025-07-05
09091,12,144.95,12.08,60.4,8.5,12.55,2025-09-14,2025-10-11
14427,13,144.89,11.15,55.73,1.75,12.88,2025-09-16,2025-10-09
412256,11,144.88,13.17,65.85,11.98,16.0,2025-05-27,2025-06-26
08955,12,144.85,12.07,60.35,7.95,12.5,2025-09-15,2025-10-16
502873,17,144.81,8.52,42.59,8.33,8.63,2025-09-15,2025-10-16
505861,17,144.78,8.52,42.58,8.18,8.82,2025-04-19,2025-10-05
510595,12,144.77,12.06,60.32,12.0,12.5,2025-09-16,2025-10-10
101538,24,144.75,6.03,30.16,5.97,6.28,2025-04-19,2025-09-27
14114,17,144.73,8.51,42.57,8.5,8.58,2025-09-14,2025-10-16
502403,17,144.7,8.51,42.56,8.45,8.75,2025-09-19,2025-10-16
507068,15,144.64,9.64,48.21,8.5,23.5,2025-09-15,2025-10-16
14109,17,144.56,8.5,42.52,8.38,8.63,2025-09-14,2025-10-16
510421,17,144.5,8.5,42.5,8.5,8.5,2025-09-17,2025-10-16
336467,17,144.5,8.5,42.5,8.5,8.5,2025-09-04,2025-09-26
504333,17,144.5,8.5,42.5,8.47,8.53,2025-09-15,2025-10-16
08802,17,144.1,8.48,42.38,8.0,8.67,2025-09-16,2025-10-15
413153,18,144.0,8.0,40.0,8.0,8.0,2025-04-18,2025-05-16
335279,18,144.0,8.0,40.0,8.0,8.0,2025-04-24,2025-08-07
101788,18,144.0,8.0,40.0,8.0,8.0,2025-05-01,2025-07-11
418702,18,144.0,8.0,40.0,8.0,8.0,2025-04-28,2025-07-03
419002,18,144.0,8.0,40.0,8.0,8.0,2025-04-24,2025-06-13
14666,13,143.99,11.08,55.38,3.93,12.83,2025-09-16,2025-10-12
11913,17,143.97,8.47,42.34,8.3,8.5,2025-09-14,2025-10-16
01786,13,143.74,11.06,55.28,1.75,12.92,2025-09-14,2025-10-11
15082,13,143.71,11.05,55.27,1.0,12.75,2025-09-15,2025-10-10
10773,17,143.62,8.45,42.24,6.42,8.95,2025-09-16,2025-10-16
503073,14,143.57,10.25,51.27,2.17,16.45,2025-09-15,2025-10-02
507780,24,143.47,5.98,29.89,5.5,6.18,2025-09-15,2025-10-16
504107,17,143.45,8.44,42.19,8.1,8.8,2025-09-14,2025-10-13
14187,12,143.42,11.95,59.76,5.12,13.1,2025-09-17,2025-10-09
507830,12,143.41,11.95,59.75,5.12,12.75,2025-09-14,2025-10-11
07741,14,143.4,10.24,51.21,1.6,18.9,2025-09-20,2025-10-10
56465,13,143.26,11.02,55.1,8.0,13.0,2025-09-16,2025-10-14
05378,15,143.24,9.55,47.75,8.33,12.6,2025-09-14,2025-10-11
12122,13,143.18,11.01,55.07,4.0,13.5,2025-09-14,2025-10-15
04778,14,143.18,10.23,51.14,4.0,13.23,2025-09-15,2025-10-10
508645,12,143.11,11.93,59.63,5.12,12.82,2025-09-15,2025-10-11
514637,20,143.08,7.15,35.77,0.7,9.43,2025-09-15,2025-10-16
505732,12,143.05,11.92,59.6,8.5,12.52,2025-09-15,2025-10-10
505785,12,142.99,11.92,59.58,5.28,12.57,2025-09-14,2025-10-07
09216,14,142.99,10.21,51.07,6.22,24.0,2025-09-17,2025-10-15
505553,14,142.84,10.2,51.01,4.0,16.53,2025-09-15,2025-10-09
504331,17,142.81,8.4,42.0,8.07,8.5,2025-09-14,2025-10-11
336731,30,142.81,4.76,23.8,3.13,8.58,2025-04-19,2025-10-05
504901,12,142.76,11.9,59.48,8.5,12.67,2025-09-14,2025-10-10
504437,13,142.76,10.98,54.91,8.4,12.63,2025-04-19,2025-10-11
507687,12,142.63,11.89,59.43,4.93,12.7,2025-09-16,2025-10-09
501844,13,142.62,10.97,54.85,8.5,12.5,2025-09-16,2025-10-15
07585,19,142.55,7.5,37.51,0.83,8.52,2025-09-15,2025-10-16
05883,18,142.5,7.92,39.58,6.0,9.08,2025-09-14,2025-10-03
12305,15,142.44,9.5,47.48,3.63,12.5,2025-09-14,2025-10-15
507866,12,142.34,11.86,59.31,5.12,12.52,2025-09-15,2025-10-16
504823,12,142.06,11.84,59.19,5.08,12.5,2025-09-17,2025-10-10
501131,12,141.8,11.82,59.08,4.0,12.8,2025-09-15,2025-10-08
504330,19,141.77,7.46,37.31,2.18,8.5,2025-04-21,2025-07-07
83204,12,141.76,11.81,59.07,4.0,12.63,2025-09-17,2025-10-11
501865,12,141.75,11.81,59.06,4.0,12.73,2025-09-14,2025-10-11
04780,14,141.71,10.12,50.61,4.0,12.52,2025-09-15,2025-10-10
06054,17,141.68,8.33,41.67,5.52,8.55,2025-09-14,2025-10-12
14439,17,141.36,8.32,41.58,1.5,12.5,2025-09-15,2025-10-15
202073,17,141.32,8.31,41.56,1.0,9.37,2025-04-18,2025-10-10
06669,12,141.32,11.78,58.88,4.0,12.58,2025-09-14,2025-10-10
504824,13,141.3,10.87,54.35,5.13,12.5,2025-09-14,2025-10-04
506210,17,141.2,8.31,41.53,4.88,8.85,2025-09-14,2025-10-14
14022,12,141.13,11.76,58.8,4.0,12.8,2025-09-14,2025-10-13
13566,16,141.1,8.82,44.09,5.5,20.5,2025-09-15,2025-10-16
15200,17,141.08,8.3,41.49,4.42,8.78,2025-09-15,2025-10-16
205069,12,141.07,11.76,58.78,4.0,12.82,2025-04-21,2025-10-11
12744,13,140.93,10.84,54.2,6.77,12.58,2025-09-15,2025-10-03
13437,18,140.76,7.82,39.1,4.33,8.98,2025-09-16,2025-10-10
08971,14,140.69,10.05,50.25,4.25,10.5,2025-09-16,2025-10-16
13589,12,140.49,11.71,58.54,1.75,12.97,2025-09-14,2025-10-13
15090,14,140.48,10.03,50.17,1.93,13.25,2025-09-14,2025-10-12
05111,18,140.24,7.79,38.96,2.83,8.63,2025-09-15,2025-10-10
506554,12,140.22,11.69,58.43,4.0,12.77,2025-09-14,2025-10-09
102373,14,140.0,10.0,50.0,10.0,10.0,2025-09-15,2025-10-15
414563,17,140.0,8.24,41.18,4.0,8.5,2025-06-27,2025-10-16
507568,11,139.99,12.73,63.63,12.5,14.23,2025-09-15,2025-10-08
502730,17,139.98,8.23,41.17,4.43,8.62,2025-09-14,2025-10-16
506700,18,139.97,7.78,38.88,3.95,9.0,2025-05-07,2025-10-16
507914,22,139.97,6.36,31.81,3.5,8.6,2025-04-28,2025-06-29
14317,18,139.59,7.76,38.78,1.75,9.17,2025-09-14,2025-10-13
13327,11,139.47,12.68,63.4,12.5,13.27,2025-09-17,2025-10-12
07467,16,139.45,8.72,43.58,8.0,12.47,2025-09-14,2025-10-14
04263,13,139.38,10.72,53.61,4.25,12.87,2025-09-15,2025-10-16
507892,17,139.35,8.2,40.99,3.97,8.58,2025-05-27,2025-09-24
08950,15,139.32,9.29,46.44,7.92,15.0,2025-09-14,2025-10-16
00869,13,139.25,10.71,53.56,10.33,13.5,2025-09-22,2025-10-15
06319,15,139.17,9.28,46.39,8.4,12.35,2025-09-14,2025-10-11
501897,12,139.16,11.6,57.98,8.5,13.05,2025-09-14,2025-10-09
508220,13,139.06,10.7,53.48,8.0,12.57,2025-06-09,2025-10-12
103694,15,138.99,9.27,46.33,6.62,12.2,2025-04-26,2025-09-21
505559,12,138.78,11.57,57.82,4.0,16.38,2025-09-15,2025-10-09
506454,18,138.76,7.71,38.54,1.0,20.77,2025-04-19,2025-10-05
11877,14,138.62,9.9,49.51,8.92,12.0,2025-09-15,2025-10-16
11555,11,138.56,12.6,62.98,12.5,12.9,2025-09-14,2025-10-12
02119,13,138.51,10.65,53.27,1.75,13.67,2025-09-15,2025-10-11
502436,15,138.51,9.23,46.17,2.0,10.57,2025-09-14,2025-10-03
103849,16,138.29,8.64,43.22,8.05,9.75,2025-04-27,2025-09-26
10192,11,138.24,12.57,62.84,12.5,12.8,2025-09-14,2025-10-12
507719,17,138.18,8.13,40.64,1.48,9.63,2025-04-18,2025-05-09
417107,13,138.15,10.63,53.13,4.68,12.57,2025-04-30,2025-07-02
508251,11,138.12,12.56,62.78,12.5,12.82,2025-09-14,2025-10-10
510562,11,138.0,12.55,62.73,12.5,13.0,2025-09-15,2025-10-14
14481,15,137.98,9.2,45.99,5.58,10.18,2025-09-16,2025-10-16
421004,12,137.88,11.49,57.45,4.0,14.17,2025-04-22,2025-09-24
03170,12,137.83,11.49,57.43,0.5,12.58,2025-09-17,2025-10-08
104881,16,137.71,8.61,43.03,1.0,12.37,2025-04-29,2025-10-06
03179,16,137.68,8.61,43.03,7.4,10.62,2025-09-16,2025-10-10
416838,13,137.68,10.59,52.95,4.0,14.97,2025-04-19,2025-10-04
510360,11,137.67,12.52,62.58,12.48,12.62,2025-09-15,2025-10-14
505271,13,137.66,10.59,52.95,5.55,12.18,2025-04-18,2025-09-17
13645,11,137.57,12.51,62.53,12.42,12.68,2025-09-15,2025-10-07
14912,11,137.53,12.5,62.51,12.4,12.7,2025-09-16,2025-10-10
09236,11,137.52,12.5,62.51,12.47,12.55,2025-09-16,2025-10-16
05621,17,137.52,8.09,40.45,6.0,9.12,2025-09-16,2025-10-15
504284,11,137.5,12.5,62.5,12.5,12.5,2025-09-25,2025-10-13
09177,11,137.49,12.5,62.5,12.37,12.62,2025-09-20,2025-10-12
501249,11,137.46,12.5,62.48,12.32,12.78,2025-09-14,2025-10-10
14521,16,137.43,8.59,42.95,8.5,8.87,2025-09-15,2025-10-10
06756,11,137.4,12.49,62.45,1.28,23.55,2025-09-14,2025-10-09
508638,11,137.36,12.49,62.44,12.43,12.5,2025-09-14,2025-10-11
507316,16,137.36,8.59,42.93,8.5,8.8,2025-04-19,2025-10-05
08065,16,137.35,8.58,42.92,8.33,9.43,2025-09-15,2025-10-10
506734,11,137.29,12.48,62.4,12.35,12.5,2025-09-14,2025-10-11
13969,11,137.26,12.48,62.39,12.42,12.5,2025-09-14,2025-10-11
15363,11,137.23,12.48,62.38,11.88,12.88,2025-09-17,2025-10-09
508478,16,137.17,8.57,42.87,8.0,9.25,2025-06-09,2025-10-12
13842,18,137.13,7.62,38.09,1.0,8.13,2025-09-15,2025-10-16
102872,13,137.12,10.55,52.74,8.48,16.92,2025-04-18,2025-09-26
07033,13,137.06,10.54,52.72,4.25,12.55,2025-09-14,2025-10-10
501701,13,137.0,10.54,52.69,4.0,12.5,2025-09-15,2025-10-15
406030,19,136.99,7.21,36.05,6.98,7.72,2025-04-21,2025-05-21
506933,11,136.97,12.45,62.26,12.03,12.62,2025-09-14,2025-10-16
14972,16,136.94,8.56,42.79,4.97,12.52,2025-09-16,2025-10-16
502449,11,136.92,12.45,62.24,12.25,12.5,2025-09-15,2025-10-16
04402,13,136.91,10.53,52.66,1.83,13.15,2025-09-16,2025-10-11
04412,16,136.84,8.55,42.76,8.5,8.82,2025-09-15,2025-10-15
02947,13,136.75,10.52,52.6,1.75,13.05,2025-09-14,2025-10-09
508601,16,136.65,8.54,42.7,8.0,8.92,2025-06-30,2025-09-26
506156,15,136.64,9.11,45.55,8.5,17.07,2025-09-15,2025-10-04
11210,16,136.63,8.54,42.7,8.0,10.17,2025-09-15,2025-10-15
507133,11,136.55,12.41,62.07,12.15,12.5,2025-09-14,2025-10-11
09645,12,136.53,11.38,56.89,10.33,13.35,2025-09-16,2025-10-16
505451,11,136.52,12.41,62.05,11.6,12.67,2025-09-17,2025-10-16
503070,16,136.5,8.53,42.66,8.0,12.0,2025-04-18,2025-05-13
11320,11,136.47,12.41,62.03,12.12,12.5,2025-09-15,2025-10-16
401733,22,136.45,6.2,31.01,4.38,7.05,2025-04-18,2025-09-15
502440,16,136.42,8.53,42.63,8.35,8.95,2025-09-15,2025-10-16
14587,11,136.37,12.4,61.99,11.7,12.5,2025-09-14,2025-10-15
507393,15,136.29,9.09,45.43,4.0,12.87,2025-04-21,2025-05-22
14066,16,136.27,8.52,42.58,8.48,8.58,2025-09-15,2025-10-03
503035,16,136.2,8.51,42.56,8.5,8.62,2025-09-14,2025-10-16
502860,16,136.12,8.51,42.54,8.28,8.63,2025-09-14,2025-10-16
07521,16,136.1,8.51,42.53,8.5,8.58,2025-09-14,2025-10-16
514661,16,136.0,8.5,42.5,8.5,8.5,2025-09-25,2025-10-16
202972,17,136.0,8.0,40.0,8.0,8.0,2025-04-18,2025-06-23
504561,16,136.0,8.5,42.5,8.5,8.5,2025-09-25,2025-10-16
408081,17,136.0,8.0,40.0,8.0,8.0,2025-04-24,2025-08-18
55244,16,136.0,8.5,42.5,8.5,8.5,2025-09-25,2025-10-16
508627,16,135.96,8.5,42.49,8.43,8.55,2025-09-15,2025-10-10
15403,11,135.96,12.36,61.8,12.0,12.5,2025-09-14,2025-10-12
07735,16,135.9,8.49,42.47,8.43,8.55,2025-09-16,2025-10-10
15454,13,135.87,10.45,52.26,2.75,12.6,2025-09-14,2025-10-11
13857,16,135.86,8.49,42.46,8.42,8.5,2025-09-14,2025-10-15
07851,16,135.83,8.49,42.45,8.08,8.65,2025-09-15,2025-10-16
05871,12,135.68,11.31,56.53,8.5,13.15,2025-09-14,2025-10-10
507032,15,135.68,9.05,45.23,8.5,11.3,2025-09-15,2025-10-03
09167,12,135.61,11.3,56.5,6.0,12.5,2025-09-15,2025-10-09
07945,15,135.57,9.04,45.19,8.05,16.5,2025-09-16,2025-10-09
507766,11,135.48,12.32,61.58,12.0,12.5,2025-09-16,2025-10-07
15293,13,135.45,10.42,52.1,8.5,16.52,2025-09-15,2025-10-06
04208,13,135.41,10.42,52.08,9.68,10.95,2025-09-15,2025-10-15
15474,11,135.35,12.3,61.52,10.95,12.53,2025-09-16,2025-10-09
13571,11,135.33,12.3,61.51,12.0,12.5,2025-09-16,2025-10-14
105079,24,135.19,5.63,28.16,4.03,11.97,2025-04-22,2025-10-16
510364,15,135.12,9.01,45.04,7.57,17.5,2025-09-15,2025-10-04
06200,15,135.04,9.0,45.01,0.07,24.0,2025-04-18,2025-09-25
421875,12,135.0,11.25,56.25,5.0,14.0,2025-05-26,2025-07-04
15230,13,134.86,10.37,51.87,0.25,12.5,2025-09-15,2025-10-10
09924,16,134.83,8.43,42.13,7.72,8.55,2025-09-15,2025-10-10
02741,13,134.79,10.37,51.84,8.55,10.62,2025-09-16,2025-10-16
506558,16,134.73,8.42,42.1,8.05,8.98,2025-04-23,2025-10-15
501158,15,134.73,8.98,44.91,6.22,10.43,2025-04-28,2025-10-01
13527,11,134.7,12.25,61.23,8.5,13.13,2025-09-14,2025-10-13
401602,13,134.69,10.36,51.8,8.42,12.45,2025-04-21,2025-09-25
508433,12,134.6,11.22,56.08,8.5,12.72,2025-06-09,2025-07-06
104719,15,134.56,8.97,44.85,4.42,13.62,2025-04-19,2025-10-08
503431,12,134.54,11.21,56.06,4.0,13.07,2025-09-14,2025-10-07
15379,17,134.52,7.91,39.56,7.65,8.13,2025-04-25,2025-10-11
14270,13,134.45,10.34,51.71,1.5,12.5,2025-09-14,2025-10-09
416189,19,134.33,7.07,35.35,1.25,8.62,2025-04-28,2025-09-20
104577,17,134.31,7.9,39.5,1.0,9.5,2025-05-03,2025-10-16
10874,12,134.29,11.19,55.95,8.5,12.65,2025-09-14,2025-10-08
06233,15,134.23,8.95,44.74,8.5,10.02,2025-09-15,2025-10-16
406773,16,134.21,8.39,41.94,7.57,8.57,2025-04-20,2025-10-11
414749,16,134.0,8.38,41.88,8.0,10.5,2025-05-26,2025-10-15
14017,13,133.94,10.3,51.52,8.5,12.67,2025-09-18,2025-10-16
14756,16,133.89,8.37,41.84,7.65,8.5,2025-09-17,2025-10-15
504234,14,133.85,9.56,47.8,9.5,10.08,2025-09-17,2025-10-16
504021,13,133.85,10.3,51.48,8.37,12.5,2025-09-14,2025-10-03
503788,12,133.82,11.15,55.76,8.5,12.5,2025-09-15,2025-10-10
06948,12,133.8,11.15,55.75,8.43,12.5,2025-09-17,2025-10-11
505234,14,133.78,9.56,47.78,8.23,14.02,2025-04-19,2025-09-21
101285,17,133.73,7.87,39.33,5.08,8.62,2025-04-18,2025-09-23
422395,16,133.61,8.35,41.75,7.6,9.27,2025-04-18,2025-05-09
508605,11,133.61,12.15,60.73,8.5,12.63,2025-09-17,2025-10-11
422330,17,133.61,7.86,39.3,4.98,8.87,2025-04-22,2025-09-19
505001,16,133.59,8.35,41.75,4.0,12.5,2025-04-21,2025-10-09
12025,16,133.51,8.34,41.72,6.0,8.62,2025-09-15,2025-10-04
404071,16,133.5,8.34,41.72,8.0,8.5,2025-05-26,2025-10-16
12961,11,133.5,12.14,60.68,8.5,12.5,2025-09-17,2025-10-10
02144,14,133.49,9.54,47.68,4.0,12.68,2025-09-14,2025-10-01
104475,14,133.16,9.51,47.56,7.88,10.63,2025-04-24,2025-09-19
09730,13,133.0,10.23,51.15,4.5,12.58,2025-09-15,2025-10-11
102214,13,132.97,10.23,51.14,4.0,12.5,2025-09-16,2025-10-16
03809,12,132.94,11.08,55.39,3.5,12.52,2025-09-15,2025-10-08
503888,11,132.93,12.08,60.42,8.0,12.5,2025-09-14,2025-10-13
10157,14,132.8,9.49,47.43,8.42,12.5,2025-09-17,2025-10-04
502751,16,132.53,8.28,41.42,4.7,8.63,2025-09-16,2025-10-16
14340,11,132.52,12.05,60.24,6.0,12.88,2025-09-16,2025-10-03
10279,12,132.43,11.04,55.18,8.2,12.5,2025-09-14,2025-10-11
09547,13,132.4,10.18,50.92,6.13,10.65,2025-09-15,2025-10-15
336307,16,132.38,8.27,41.37,4.5,10.48,2025-05-01,2025-09-23
203604,19,132.38,6.97,34.84,0.62,9.6,2025-04-21,2025-09-24
503494,16,132.32,8.27,41.35,4.0,8.75,2025-09-14,2025-10-11
502942,12,132.14,11.01,55.06,7.95,12.5,2025-09-17,2025-10-07
10768,13,132.05,10.16,50.79,2.73,12.55,2025-09-15,2025-10-03
08739,16,132.0,8.25,41.25,8.0,8.5,2025-09-15,2025-10-10
06613,13,131.92,10.15,50.74,8.0,10.5,2025-09-22,2025-10-16
12782,15,131.89,8.79,43.96,7.95,14.95,2025-04-19,2025-10-05
02294,13,131.8,10.14,50.69,4.5,10.88,2025-09-15,2025-10-03
501918,16,131.61,8.23,41.13,4.72,8.57,2025-05-13,2025-10-13
502644,12,131.5,10.96,54.79,4.0,12.5,2025-09-17,2025-10-09
102532,16,131.5,8.22,41.09,4.0,8.5,2025-09-16,2025-10-16
505862,19,131.39,6.92,34.58,6.5,8.25,2025-09-15,2025-10-16
508499,12,131.38,10.95,54.74,8.0,12.55,2025-06-09,2025-07-08
01532,15,131.35,8.76,43.78,8.5,9.87,2025-09-16,2025-10-16
12707,13,131.35,10.1,50.52,10.0,11.13,2025-09-18,2025-10-16
09697,12,131.16,10.93,54.65,4.0,13.17,2025-09-15,2025-10-10
67629,14,131.14,9.37,46.84,8.0,20.5,2025-09-16,2025-10-16
13567,11,131.03,11.91,59.56,6.03,12.75,2025-09-15,2025-10-10
101348,14,131.0,9.36,46.79,8.5,20.5,2025-09-14,2025-10-13
06001,12,130.97,10.91,54.57,1.83,12.73,2025-09-14,2025-10-10
510545,16,130.93,8.18,40.92,5.0,8.57,2025-09-15,2025-10-04
07346,13,130.93,10.07,50.36,7.45,10.77,2025-09-16,2025-10-03
10254,11,130.9,11.9,59.5,4.85,13.2,2025-09-16,2025-10-15
506916,15,130.82,8.72,43.61,2.0,12.48,2025-04-19,2025-10-05
508331,26,130.77,5.03,25.15,3.97,8.57,2025-05-28,2025-09-21
03118,11,130.76,11.89,59.44,4.75,13.87,2025-09-15,2025-10-06
500680,19,130.64,6.88,34.38,2.05,12.53,2025-04-21,2025-10-10
507573,15,130.63,8.71,43.54,8.5,9.53,2025-09-15,2025-10-10
07583,13,130.4,10.03,50.15,9.9,10.33,2025-09-18,2025-10-12
08791,11,130.38,11.85,59.26,5.0,12.68,2025-09-14,2025-10-09
09072,13,130.38,10.03,50.15,3.97,12.5,2025-09-15,2025-10-09
101134,34,130.35,3.83,19.17,2.82,8.0,2025-04-18,2025-09-22
08999,16,130.33,8.15,40.73,2.83,8.5,2025-09-15,2025-10-03
102093,13,130.3,10.02,50.12,6.82,10.5,2025-05-22,2025-09-27
507869,21,130.27,6.2,31.02,3.72,8.82,2025-04-22,2025-09-22
419803,11,130.2,11.84,59.18,5.18,12.87,2025-09-14,2025-10-08
502169,11,130.19,11.84,59.18,5.12,12.57,2025-09-16,2025-10-16
10806,17,130.17,7.66,38.29,0.85,8.85,2025-09-15,2025-10-15
10000,15,130.16,8.68,43.39,7.97,12.62,2025-09-14,2025-10-15
13127,15,130.02,8.67,43.34,8.5,9.62,2025-09-15,2025-10-10
103487,13,130.0,10.0,50.0,10.0,10.0,2025-09-14,2025-10-14
09470,13,129.91,9.99,49.97,9.5,10.23,2025-09-18,2025-10-16
12779,12,129.87,10.82,54.11,4.0,12.68,2025-09-16,2025-10-08
13844,12,129.77,10.81,54.07,4.63,12.57,2025-09-15,2025-10-05
506697,15,129.76,8.65,43.25,7.67,10.12,2025-09-15,2025-10-03
502178,11,129.76,11.8,58.98,4.98,12.73,2025-09-15,2025-10-16
500493,11,129.49,11.77,58.86,8.43,12.57,2025-09-15,2025-10-03
101041,26,129.44,4.98,24.89,3.12,6.52,2025-05-05,2025-09-24
500808,16,129.39,8.09,40.43,3.23,8.55,2025-04-18,2025-05-09
04586,15,129.37,8.62,43.12,4.0,12.98,2025-09-14,2025-10-11
12144,12,129.31,10.78,53.88,4.0,12.5,2025-09-15,2025-10-09
62471,15,129.31,8.62,43.1,7.95,9.18,2025-09-15,2025-10-03
501747,11,129.25,11.75,58.75,3.87,12.73,2025-09-19,2025-10-07
504503,14,129.18,9.23,46.14,8.5,12.83,2025-09-15,2025-10-09
407961,16,129.0,8.06,40.31,4.0,8.5,2025-04-24,2025-09-26
418688,11,128.95,11.72,58.61,4.0,12.68,2025-04-27,2025-10-05
14999,15,128.91,8.59,42.97,8.5,8.75,2025-09-15,2025-10-03
14573,15,128.82,8.59,42.94,8.48,9.05,2025-09-15,2025-10-03
505560,16,128.78,8.05,40.24,7.77,8.5,2025-04-25,2025-10-11
502175,11,128.75,11.7,58.52,5.28,12.5,2025-09-14,2025-10-10
101536,24,128.72,5.36,26.82,4.95,5.93,2025-04-22,2025-09-23
06540,16,128.7,8.04,40.22,6.0,10.03,2025-09-22,2025-10-16
15226,16,128.69,8.04,40.22,8.0,8.23,2025-09-14,2025-10-14
12725,11,128.68,11.7,58.49,4.0,12.5,2025-09-14,2025-10-12
505417,33,128.62,3.9,19.49,1.22,7.37,2025-04-25,2025-10-11
103392,15,128.61,8.57,42.87,8.42,8.83,2025-09-15,2025-10-03
10860,11,128.56,11.69,58.44,4.48,12.5,2025-09-14,2025-10-04
07224,15,128.56,8.57,42.85,8.48,9.03,2025-09-16,2025-10-16
506806,15,128.55,8.57,42.85,8.38,8.82,2025-04-19,2025-05-07
422537,16,128.47,8.03,40.15,0.28,9.07,2025-04-24,2025-10-09
506060,16,128.4,8.03,40.13,1.75,8.87,2025-09-15,2025-10-09
08307,15,128.4,8.56,42.8,8.5,8.77,2025-09-15,2025-10-16
11614,11,128.31,11.66,58.32,2.5,12.83,2025-09-16,2025-10-16
05844,16,128.27,8.02,40.08,1.75,8.53,2025-09-14,2025-10-11
505323,26,128.22,4.93,24.66,0.28,9.7,2025-04-18,2025-05-23
03722,16,128.09,8.01,40.03,2.97,12.0,2025-09-16,2025-10-16
14399,15,128.08,8.54,42.69,8.5,8.75,2025-09-16,2025-10-12
12545,10,128.03,12.8,64.02,12.5,13.53,2025-09-16,2025-10-03
506529,16,128.0,8.0,40.0,8.0,8.0,2025-05-05,2025-07-04
08295,15,127.89,8.53,42.63,8.45,8.67,2025-09-16,2025-10-16
506583,15,127.85,8.52,42.62,8.5,8.63,2025-09-15,2025-10-16
08370,15,127.79,8.52,42.6,8.47,8.7,2025-09-15,2025-10-15
500549,11,127.72,11.61,58.05,3.63,12.55,2025-09-15,2025-10-15
13038,15,127.71,8.51,42.57,8.0,9.07,2025-04-18,2025-06-01
07471,15,127.67,8.51,42.56,8.5,8.6,2025-09-17,2025-10-15
506286,35,127.62,3.65,18.23,1.38,9.05,2025-04-20,2025-10-16
97287,15,127.52,8.5,42.51,8.48,8.55,2025-09-15,2025-10-10
102738,15,127.5,8.5,42.5,8.5,8.5,2025-09-15,2025-10-03
15034,15,127.5,8.5,42.5,8.5,8.5,2025-09-15,2025-10-16
421408,15,127.5,8.5,42.5,8.5,8.5,2025-09-15,2025-10-02
505776,15,127.5,8.5,42.5,8.5,8.5,2025-09-15,2025-10-16
12577,15,127.5,8.5,42.5,8.5,8.5,2025-09-15,2025-10-15
405185,15,127.5,8.5,42.5,8.5,8.5,2025-09-15,2025-10-03
401786,15,127.5,8.5,42.5,8.5,8.5,2025-09-15,2025-10-03
00783,15,127.45,8.5,42.48,8.43,8.55,2025-09-15,2025-10-15
07978,15,127.39,8.49,42.46,8.3,8.6,2025-09-17,2025-10-16
15173,15,127.33,8.49,42.44,8.4,8.55,2025-09-16,2025-10-10
203539,13,127.25,9.79,48.94,8.9,11.07,2025-04-28,2025-09-23
105393,12,127.05,10.59,52.94,4.3,12.77,2025-05-08,2025-10-14
420573,21,127.04,6.05,30.25,5.93,6.15,2025-05-15,2025-09-22
13439,11,126.96,11.54,57.71,6.65,12.57,2025-09-14,2025-10-02
01175,15,126.95,8.46,42.32,7.82,8.62,2025-09-16,2025-10-16
03913,14,126.85,9.06,45.3,9.0,9.4,2025-09-15,2025-10-16
510329,12,126.82,10.57,52.84,10.45,11.0,2025-09-17,2025-10-09
08111,10,126.81,12.68,63.41,12.5,13.4,2025-09-14,2025-10-12
502903,12,126.73,10.56,52.8,5.05,12.63,2025-09-16,2025-10-10
08286,15,126.73,8.45,42.24,7.83,8.62,2025-09-16,2025-10-09
508502,12,126.68,10.56,52.78,10.4,11.08,2025-09-15,2025-10-03
12906,18,126.67,7.04,35.19,4.28,7.63,2025-09-15,2025-10-16
02771,15,126.65,8.44,42.22,8.0,8.5,2025-09-15,2025-10-14
15700,15,126.64,8.44,42.21,7.7,8.67,2025-09-16,2025-10-16
14419,14,126.55,9.04,45.2,8.3,16.83,2025-09-16,2025-10-04
01076,12,126.49,10.54,52.7,10.47,10.73,2025-09-15,2025-10-10
510491,15,126.49,8.43,42.16,8.0,8.5,2025-09-15,2025-10-10
507661,10,126.39,12.64,63.19,11.85,16.15,2025-09-15,2025-10-09
14360,12,126.35,10.53,52.65,5.02,12.63,2025-09-14,2025-10-09
06061,12,126.35,10.53,52.65,4.0,12.62,2025-09-17,2025-10-10
08809,14,126.34,9.02,45.12,4.5,11.28,2025-09-17,2025-10-16
400854,13,126.34,9.72,48.59,5.2,24.0,2025-04-27,2025-06-27
15257,10,126.3,12.63,63.15,12.48,13.4,2025-09-16,2025-10-13
07428,14,126.29,9.02,45.1,4.0,12.42,2025-09-17,2025-10-16
504211,12,126.21,10.52,52.59,4.0,12.8,2025-09-14,2025-10-16
13013,15,126.14,8.41,42.05,5.4,10.52,2025-09-15,2025-10-03
02751,13,126.14,9.7,48.52,1.0,12.63,2025-09-16,2025-10-11
405273,35,126.13,3.6,18.02,0.42,6.83,2025-04-18,2025-09-24
13059,16,126.12,7.88,39.41,3.57,8.75,2025-09-15,2025-10-15
507773,12,126.09,10.51,52.54,10.33,10.65,2025-09-16,2025-10-04
504091,11,126.07,11.46,57.3,3.08,12.5,2025-09-16,2025-10-15
510336,15,126.0,8.4,42.0,6.73,8.65,2025-09-15,2025-10-03
411000,21,126.0,6.0,30.0,6.0,6.0,2025-04-29,2025-10-16
06987,12,126.0,10.5,52.5,10.5,10.5,2025-09-15,2025-10-03
11824,12,126.0,10.5,52.5,10.5,10.5,2025-09-15,2025-10-03
510507,24,125.99,5.25,26.25,4.35,9.3,2025-09-15,2025-10-16
15464,12,125.98,10.5,52.49,10.48,10.52,2025-09-15,2025-10-13
407938,12,125.94,10.5,52.47,10.0,10.72,2025-05-26,2025-06-23
05769,12,125.88,10.49,52.45,10.42,10.53,2025-09-15,2025-10-02
507875,12,125.87,10.49,52.45,10.38,10.68,2025-09-14,2025-10-04
507522,14,125.83,8.99,44.94,8.5,13.1,2025-09-14,2025-10-16
11698,13,125.77,9.67,48.37,8.42,24.0,2025-09-15,2025-10-10
87866,12,125.75,10.48,52.4,10.3,10.75,2025-09-15,2025-10-09
09435,15,125.7,8.38,41.9,7.38,8.6,2025-09-15,2025-10-15
10626,11,125.67,11.42,57.12,5.12,12.53,2025-09-14,2025-10-13
502702,10,125.5,12.55,62.75,12.45,12.78,2025-09-15,2025-10-16
07667,15,125.5,8.37,41.83,8.0,8.5,2025-09-15,2025-10-16
503744,10,125.33,12.53,62.67,12.33,12.98,2025-09-16,2025-10-16
07504,10,125.3,12.53,62.65,12.5,12.62,2025-09-14,2025-10-15
14550,10,125.25,12.53,62.63,12.45,12.68,2025-09-14,2025-10-13
06694,12,125.18,10.43,52.16,1.0,12.73,2025-09-14,2025-10-04
14702,12,125.12,10.43,52.13,8.27,12.5,2025-09-15,2025-10-04
03932,12,125.11,10.43,52.13,4.0,12.9,2025-09-14,2025-10-10
06831,10,125.11,12.51,62.55,12.43,12.68,2025-09-16,2025-10-15
510291,12,125.1,10.42,52.12,8.3,12.5,2025-09-15,2025-10-03
503543,10,125.1,12.51,62.55,12.45,12.68,2025-09-14,2025-10-05
510592,10,125.08,12.51,62.54,12.43,12.63,2025-09-15,2025-10-14
508564,10,125.06,12.51,62.53,12.5,12.52,2025-09-16,2025-10-14
508521,14,125.02,8.93,44.65,8.5,10.0,2025-09-15,2025-10-02
508335,11,125.01,11.36,56.82,8.0,12.7,2025-05-28,2025-09-30
09291,14,125.0,8.93,44.64,8.0,12.5,2025-09-15,2025-10-15
504024,10,125.0,12.5,62.5,12.0,12.75,2025-09-14,2025-10-05
03065,12,124.91,10.41,52.05,9.98,10.5,2025-09-16,2025-10-10
07791,10,124.88,12.49,62.44,12.43,12.5,2025-09-17,2025-10-16
503756,10,124.88,12.49,62.44,12.23,12.95,2025-04-19,2025-05-05
14872,10,124.86,12.49,62.43,12.4,12.52,2025-09-15,2025-10-11
508613,10,124.85,12.49,62.43,12.38,12.5,2025-09-15,2025-10-10
507936,10,124.83,12.48,62.42,12.33,12.5,2025-09-16,2025-10-09
14395,11,124.71,11.34,56.69,4.0,15.0,2025-09-17,2025-10-10
504550,19,124.67,6.56,32.81,3.13,7.75,2025-09-15,2025-10-16
12098,10,124.64,12.46,62.32,12.3,12.5,2025-09-14,2025-10-05
507871,10,124.51,12.45,62.25,12.23,12.5,2025-09-14,2025-10-11
507340,16,124.5,7.78,38.91,1.35,8.53,2025-09-15,2025-10-03
09534,10,124.47,12.45,62.24,12.37,12.5,2025-09-14,2025-10-12
12875,10,124.45,12.45,62.23,12.0,12.5,2025-09-17,2025-10-16
14117,13,124.37,9.57,47.83,1.4,14.47,2025-09-14,2025-10-12
14808,11,124.35,11.3,56.52,4.5,14.08,2025-09-17,2025-10-15
14847,10,124.25,12.43,62.13,11.98,12.5,2025-09-14,2025-10-16
14285,14,124.24,8.87,44.37,0.43,12.5,2025-09-14,2025-10-09
07732,12,124.23,10.35,51.76,8.63,10.55,2025-09-15,2025-10-16
500489,12,124.02,10.33,51.68,8.52,10.5,2025-09-15,2025-10-15
506590,13,124.02,9.54,47.7,8.12,12.5,2025-09-14,2025-10-03
03520,15,124.01,8.27,41.34,4.65,8.68,2025-09-15,2025-10-15
503013,13,124.0,9.54,47.69,6.0,12.0,2025-09-25,2025-10-16
334870,16,124.0,7.75,38.75,4.0,8.0,2025-04-25,2025-07-18
405769,22,123.96,5.63,28.17,3.22,9.15,2025-04-18,2025-07-07
104481,11,123.93,11.27,56.33,4.0,12.98,2025-09-17,2025-10-03
10829,10,123.85,12.39,61.93,11.82,12.52,2025-09-14,2025-10-05
07797,12,123.73,10.31,51.55,8.95,10.68,2025-09-16,2025-10-10
510625,10,123.73,12.37,61.87,6.5,17.0,2025-09-14,2025-10-12
00068,17,123.71,7.28,36.39,7.0,9.1,2025-09-14,2025-10-16
503493,12,123.67,10.31,51.53,7.8,15.07,2025-09-14,2025-09-26
101508,17,123.6,7.27,36.35,3.62,13.6,2025-05-01,2025-09-24
05376,15,123.6,8.24,41.2,4.0,8.67,2025-09-15,2025-10-10
503157,14,123.56,8.83,44.13,8.4,12.28,2025-04-25,2025-10-02
04450,13,123.5,9.5,47.5,9.5,9.5,2025-09-25,2025-10-16
01780,15,123.45,8.23,41.15,2.92,9.05,2025-09-14,2025-10-15
14293,10,123.41,12.34,61.71,10.92,12.62,2025-09-14,2025-10-12
503951,10,123.36,12.34,61.68,12.15,12.42,2025-04-18,2025-05-09
12105,10,123.34,12.33,61.67,11.48,12.82,2025-09-15,2025-10-01
503378,15,123.21,8.21,41.07,7.87,8.52,2025-09-14,2025-10-14
105620,10,123.2,12.32,61.6,10.45,12.65,2025-09-15,2025-10-13
105078,11,123.18,11.2,55.99,4.25,13.28,2025-09-16,2025-10-14
507344,10,123.17,12.32,61.59,8.5,13.02,2025-09-17,2025-10-02
06047,14,123.09,8.79,43.96,7.97,15.5,2025-09-14,2025-10-16
501983,19,123.03,6.48,32.38,6.0,7.02,2025-09-15,2025-10-16
102283,20,123.0,6.15,30.75,4.0,8.5,2025-09-15,2025-10-16
500616,11,122.97,11.18,55.9,1.97,12.78,2025-09-14,2025-10-14
335248,15,122.89,8.19,40.96,7.5,10.47,2025-04-19,2025-10-05
202397,13,122.8,9.45,47.23,8.5,12.72,2025-04-30,2025-10-15
409536,15,122.7,8.18,40.9,0.52,14.4,2025-04-20,2025-09-21
102219,16,122.64,7.66,38.32,4.08,9.02,2025-04-18,2025-09-24
101227,16,122.63,7.66,38.32,1.0,8.58,2025-04-21,2025-10-13
15197,13,122.5,9.42,47.12,8.5,12.5,2025-09-05,2025-10-04
501722,13,122.46,9.42,47.1,0.5,12.83,2025-09-15,2025-10-10
11114,11,122.33,11.12,55.6,9.75,12.5,2025-09-15,2025-10-09
505935,14,122.17,8.73,43.63,1.25,10.63,2025-05-10,2025-09-28
09754,14,122.11,8.72,43.61,8.22,12.38,2025-09-15,2025-10-15
419533,15,122.0,8.13,40.67,8.0,8.5,2025-06-09,2025-10-16
412421,12,121.94,10.16,50.81,8.0,10.53,2025-04-21,2025-10-02
501911,11,121.93,11.08,55.42,4.0,12.5,2025-06-06,2025-09-26
02528,11,121.8,11.07,55.36,8.0,12.77,2025-09-16,2025-10-10
11706,12,121.76,10.15,50.73,4.0,12.83,2025-09-14,2025-10-12
10480,10,121.55,12.16,60.78,8.0,13.23,2025-09-15,2025-10-16
102289,14,121.55,8.68,43.41,1.0,14.12,2025-04-26,2025-10-14
416147,13,121.5,9.35,46.73,8.0,10.5,2025-06-19,2025-09-30
14478,10,121.35,12.14,60.68,8.52,12.68,2025-09-14,2025-10-12
507852,11,121.33,11.03,55.15,2.13,12.5,2025-09-16,2025-10-02
10596,10,121.29,12.13,60.65,8.5,12.72,2025-09-14,2025-10-11
09198,11,121.29,11.03,55.13,4.0,12.67,2025-09-16,2025-10-12
15288,16,121.26,7.58,37.89,4.0,12.5,2025-09-15,2025-10-10
417402,16,121.18,7.57,37.87,2.0,9.87,2025-04-18,2025-10-10
15452,13,121.18,9.32,46.61,8.0,12.5,2025-09-17,2025-10-10
508260,10,121.18,12.12,60.59,8.5,12.68,2025-09-14,2025-10-10
14755,14,121.11,8.65,43.25,8.38,10.6,2025-09-16,2025-10-16
508266,10,120.72,12.07,60.36,6.37,14.3,2025-09-15,2025-10-01
503938,11,120.7,10.97,54.86,4.0,13.17,2025-09-17,2025-10-15
13630,12,120.63,10.05,50.26,8.28,16.5,2025-09-14,2025-10-02
04786,14,120.62,8.62,43.08,8.47,9.17,2025-09-16,2025-10-16
503587,11,120.6,10.96,54.82,4.17,12.5,2025-09-14,2025-10-11
501953,14,120.57,8.61,43.06,3.48,15.13,2025-05-02,2025-09-18
504838,15,120.57,8.04,40.19,8.0,8.57,2025-09-14,2025-10-04
507503,14,120.51,8.61,43.04,8.5,9.48,2025-09-23,2025-10-16
12196,10,120.45,12.05,60.23,8.5,12.52,2025-09-19,2025-10-12
503741,12,120.31,10.03,50.13,8.5,12.0,2025-09-15,2025-10-10
502622,16,120.26,7.52,37.58,4.0,8.33,2025-04-18,2025-06-15
505768,14,120.26,8.59,42.95,8.0,10.77,2025-09-15,2025-10-13
06483,14,120.25,8.59,42.95,8.38,8.83,2025-09-16,2025-10-03
08354,14,120.24,8.59,42.94,8.42,9.08,2025-09-16,2025-10-15
15122,14,120.23,8.59,42.94,8.32,9.02,2025-09-14,2025-10-03
13121,10,120.11,12.01,60.05,2.0,16.72,2025-09-14,2025-10-04
505623,10,120.09,12.01,60.04,11.77,12.27,2025-04-20,2025-07-06
507944,20,120.05,6.0,30.01,5.97,6.07,2025-09-14,2025-10-16
507626,11,120.03,10.91,54.56,4.0,12.63,2025-04-18,2025-05-10
503388,15,120.0,8.0,40.0,8.0,8.0,2025-04-21,2025-07-03
501912,15,120.0,8.0,40.0,8.0,8.0,2025-04-30,2025-07-11
418810,15,120.0,8.0,40.0,8.0,8.0,2025-05-23,2025-06-13
500762,15,120.0,8.0,40.0,8.0,8.0,2025-05-12,2025-06-20
404647,15,120.0,8.0,40.0,8.0,8.0,2025-04-18,2025-07-04
412296,15,120.0,8.0,40.0,8.0,8.0,2025-05-05,2025-09-19
501345,15,120.0,8.0,40.0,8.0,8.0,2025-04-19,2025-06-07
96016,15,120.0,8.0,40.0,8.0,8.0,2025-04-21,2025-07-25
103851,14,120.0,8.57,42.86,5.0,10.0,2025-04-23,2025-07-07
504231,10,119.96,12.0,59.98,8.5,12.55,2025-09-15,2025-09-30
12848,14,119.95,8.57,42.84,8.5,8.85,2025-09-16,2025-10-16
07381,11,119.91,10.9,54.5,1.75,12.97,2025-09-14,2025-10-12
507527,14,119.86,8.56,42.81,8.5,8.85,2025-09-15,2025-10-15
12993,10,119.85,11.99,59.93,7.38,12.52,2025-09-14,2025-10-12
14028,10,119.65,11.97,59.83,8.0,12.73,2025-09-15,2025-10-04
07289,14,119.61,8.54,42.72,8.5,8.83,2025-09-15,2025-10-16
101228,28,119.58,4.27,21.35,1.0,5.12,2025-04-22,2025-10-16
510352,11,119.57,10.87,54.35,3.9,12.5,2025-09-14,2025-10-16
103731,13,119.54,9.2,45.98,8.47,12.5,2025-05-01,2025-09-25
04314,12,119.45,9.95,49.77,4.2,10.6,2025-09-15,2025-10-15
504232,11,119.4,10.85,54.27,3.82,12.5,2025-09-15,2025-10-02
09139,13,119.4,9.18,45.92,4.0,12.5,2025-09-15,2025-10-15
13151,14,119.39,8.53,42.64,8.5,8.67,2025-09-17,2025-10-15
504261,21,119.37,5.68,28.42,4.43,8.5,2025-05-13,2025-07-08
101483,14,119.33,8.52,42.62,5.55,10.88,2025-04-26,2025-09-14
14681,10,119.3,11.93,59.65,5.38,12.9,2025-09-15,2025-10-05
501509,14,119.26,8.52,42.59,8.47,8.72,2025-09-15,2025-10-10
10506,10,119.2,11.92,59.6,2.0,16.83,2025-09-15,2025-10-02
12378,14,119.1,8.51,42.54,8.48,8.55,2025-09-15,2025-10-14
503609,17,119.07,7.0,35.02,4.0,8.53,2025-04-20,2025-09-21
507801,14,119.06,8.5,42.52,8.45,8.57,2025-09-15,2025-10-14
14807,10,119.05,11.91,59.53,6.43,12.7,2025-09-15,2025-10-02
504296,14,119.04,8.5,42.51,8.5,8.52,2025-09-14,2025-10-15
11477,15,119.03,7.94,39.68,0.32,9.27,2025-09-15,2025-10-04
502731,14,119.02,8.5,42.51,8.5,8.52,2025-09-21,2025-10-15
407318,14,119.0,8.5,42.5,8.5,8.5,2025-05-12,2025-05-30
501316,14,119.0,8.5,42.5,8.5,8.5,2025-09-29,2025-10-16
04250,14,119.0,8.5,42.5,8.5,8.5,2025-09-28,2025-10-16
504287,14,119.0,8.5,42.5,8.5,8.5,2025-09-28,2025-10-16
05863,14,119.0,8.5,42.5,8.5,8.5,2025-09-15,2025-10-16
12978,14,119.0,8.5,42.5,8.5,8.5,2025-09-15,2025-10-16
506958,14,118.99,8.5,42.5,8.47,8.52,2025-09-16,2025-10-16
505045,14,118.82,8.49,42.44,8.4,8.52,2025-09-15,2025-10-16
11374,14,118.61,8.47,42.36,8.08,8.62,2025-09-15,2025-10-15
04830,10,118.5,11.85,59.25,8.5,13.25,2025-09-16,2025-10-07
12650,14,118.48,8.46,42.31,8.3,8.5,2025-09-16,2025-10-16
13736,10,118.33,11.83,59.17,4.88,13.08,2025-09-14,2025-10-12
14514,14,118.16,8.44,42.2,8.28,8.5,2025-09-16,2025-10-03
504026,10,118.07,11.81,59.04,5.07,12.83,2025-09-16,2025-10-05
08343,10,118.05,11.81,59.03,4.5,13.0,2025-09-15,2025-10-16
413611,14,118.0,8.43,42.14,8.0,8.5,2025-05-26,2025-10-16
14000,12,118.0,9.83,49.17,8.5,12.5,2025-09-16,2025-10-03
402079,15,118.0,7.87,39.33,7.0,8.0,2025-04-18,2025-07-03
14334,12,117.98,9.83,49.16,6.0,12.62,2025-09-15,2025-10-15
12277,9,117.88,13.1,65.49,7.0,16.18,2025-09-14,2025-10-02
508465,10,117.8,11.78,58.9,5.08,12.85,2025-09-14,2025-10-04
08670,9,117.76,13.08,65.42,12.5,14.33,2025-09-19,2025-10-13
03692,18,117.6,6.53,32.67,6.5,6.67,2025-09-15,2025-10-16
02534,14,117.52,8.39,41.97,7.98,8.97,2025-09-16,2025-10-16
105533,14,117.49,8.39,41.96,8.35,8.45,2025-06-09,2025-07-06
03799,12,117.46,9.79,48.94,3.97,12.53,2025-09-15,2025-10-04
14651,11,117.46,10.68,53.39,3.97,12.87,2025-09-15,2025-10-01
502569,14,117.45,8.39,41.95,8.17,8.5,2025-09-15,2025-10-15
07979,13,117.41,9.03,45.16,7.02,17.5,2025-09-16,2025-10-10
406382,29,117.37,4.05,20.24,3.73,4.4,2025-04-23,2025-10-16
414081,10,117.33,11.73,58.67,4.93,12.57,2025-09-17,2025-10-16
10104,10,117.26,11.73,58.63,8.17,12.87,2025-09-14,2025-10-09
503375,11,117.23,10.66,53.29,4.0,12.62,2025-09-16,2025-10-16
508290,10,117.2,11.72,58.6,8.5,12.67,2025-09-14,2025-10-08
01927,14,117.2,8.37,41.86,6.6,8.63,2025-09-14,2025-10-13
13529,10,117.1,11.71,58.55,4.5,12.57,2025-09-14,2025-10-12
00597,10,117.05,11.71,58.53,5.08,12.5,2025-09-14,2025-10-12
03060,14,116.97,8.36,41.78,7.78,8.62,2025-09-14,2025-10-12
15256,10,116.92,11.69,58.46,2.52,13.12,2025-09-14,2025-10-16
86777,10,116.92,11.69,58.46,4.0,12.72,2025-09-15,2025-10-14
507289,16,116.91,7.31,36.53,2.13,9.15,2025-04-18,2025-05-09
502085,17,116.85,6.87,34.37,4.0,8.5,2025-04-27,2025-10-09
04120,13,116.82,8.99,44.93,1.75,13.63,2025-09-17,2025-10-13
415063,10,116.77,11.68,58.39,5.62,12.6,2025-04-18,2025-05-10
13588,9,116.75,12.97,64.86,12.5,16.5,2025-09-14,2025-10-12
505053,10,116.74,11.67,58.37,8.5,12.5,2025-09-14,2025-10-04
501053,10,116.62,11.66,58.31,5.2,12.5,2025-09-16,2025-10-15
506408,14,116.5,8.32,41.61,8.0,9.0,2025-04-18,2025-09-20
00672,9,116.42,12.94,64.68,12.5,14.6,2025-09-14,2025-10-15
13383,20,116.37,5.82,29.09,3.42,6.9,2025-09-15,2025-10-10
12529,15,116.37,7.76,38.79,1.0,8.8,2025-09-14,2025-10-16
503571,10,116.37,11.64,58.19,8.5,12.5,2025-09-14,2025-10-04
504469,11,116.32,10.57,52.87,3.0,13.1,2025-04-20,2025-07-05
15238,10,116.27,11.63,58.13,4.0,12.68,2025-09-14,2025-10-05
14761,14,116.27,8.31,41.53,6.5,8.57,2025-09-15,2025-10-03
418525,10,116.24,11.62,58.12,4.03,12.77,2025-04-18,2025-10-04
05780,10,116.22,11.62,58.11,8.5,12.9,2025-09-16,2025-10-03
12914,23,116.21,5.05,25.26,5.0,5.23,2025-09-15,2025-10-16
09881,10,116.19,11.62,58.1,8.4,12.52,2025-09-14,2025-10-04
06656,9,116.02,12.89,64.46,11.75,16.72,2025-09-14,2025-10-03
510453,9,116.0,12.89,64.44,12.5,14.47,2025-09-15,2025-10-04
414870,16,116.0,7.25,36.25,4.0,8.0,2025-04-24,2025-07-16
420900,15,116.0,7.73,38.67,4.0,8.0,2025-04-21,2025-06-13
500942,11,115.98,10.54,52.72,2.0,20.5,2025-04-30,2025-10-10
01595,13,115.96,8.92,44.6,8.5,12.65,2025-09-16,2025-10-14
14829,12,115.92,9.66,48.3,4.0,12.5,2025-09-15,2025-10-09
03432,11,115.44,10.49,52.47,10.42,10.52,2025-09-15,2025-10-15
05952,11,115.42,10.49,52.46,6.95,12.5,2025-09-22,2025-10-03
508501,13,115.41,8.88,44.39,8.0,10.0,2025-09-15,2025-10-03
505448,14,115.39,8.24,41.21,1.5,12.5,2025-09-15,2025-10-10
09087,9,115.36,12.82,64.09,12.5,13.42,2025-09-15,2025-10-04
335519,14,115.31,8.24,41.18,5.42,8.57,2025-04-21,2025-10-14
505543,10,115.17,11.52,57.58,6.57,13.18,2025-09-16,2025-10-03
14093,9,115.14,12.79,63.97,12.5,13.18,2025-09-16,2025-10-02
63461,13,114.98,8.84,44.22,7.57,13.5,2025-09-15,2025-10-10
13153,10,114.92,11.49,57.46,2.25,12.7,2025-09-15,2025-10-15
417102,11,114.9,10.45,52.23,1.0,12.83,2025-04-30,2025-10-05
506936,10,114.87,11.49,57.44,7.17,12.62,2025-09-17,2025-10-02
505070,10,114.75,11.48,57.38,3.23,12.53,2025-09-15,2025-10-02
14619,10,114.72,11.47,57.36,8.0,12.85,2025-09-17,2025-10-01
510277,14,114.69,8.19,40.96,4.45,8.57,2025-09-14,2025-10-04
505030,14,114.5,8.18,40.89,8.0,8.5,2025-05-19,2025-09-26
508438,11,114.49,10.41,52.04,3.82,12.5,2025-09-15,2025-10-03
505369,23,114.38,4.97,24.87,3.27,13.35,2025-04-20,2025-09-21
14185,9,114.37,12.71,63.54,12.0,13.83,2025-09-14,2025-10-04
506931,10,114.35,11.43,57.18,5.18,12.72,2025-09-16,2025-10-14
416570,23,114.25,4.97,24.84,4.53,5.3,2025-09-15,2025-10-16
507176,9,114.16,12.68,63.42,12.5,13.12,2025-09-16,2025-10-04
02602,9,114.13,12.68,63.41,12.05,13.97,2025-09-18,2025-09-30
09455,14,114.09,8.15,40.75,5.82,9.0,2025-09-15,2025-10-15
09274,10,114.0,11.4,57.0,7.0,12.5,2025-09-15,2025-10-13
502856,12,114.0,9.5,47.5,9.5,9.5,2025-09-29,2025-10-16
02150,12,113.95,9.5,47.48,1.5,12.7,2025-09-14,2025-10-11
416584,11,113.95,10.36,51.8,4.5,12.62,2025-04-25,2025-10-04
503076,9,113.93,12.66,63.29,12.0,14.18,2025-09-16,2025-10-02
507628,8,113.91,14.24,71.19,6.0,18.3,2025-04-21,2025-09-14
11890,9,113.82,12.65,63.23,12.42,13.22,2025-09-14,2025-10-04
09314,12,113.65,9.47,47.35,1.5,12.65,2025-09-16,2025-10-08
14947,12,113.62,9.47,47.34,8.5,13.43,2025-09-16,2025-10-03
503700,14,113.61,8.12,40.58,3.98,12.5,2025-05-06,2025-10-07
09606,9,113.61,12.62,63.12,12.5,12.95,2025-09-14,2025-10-04
00772,11,113.56,10.32,51.62,9.57,10.5,2025-09-16,2025-10-09
12155,9,113.56,12.62,63.09,12.5,13.02,2025-09-16,2025-10-01
03172,9,113.51,12.61,63.06,12.5,13.03,2025-09-15,2025-10-15
510502,9,113.51,12.61,63.06,12.5,12.88,2025-09-16,2025-10-02
502756,10,113.5,11.35,56.75,6.02,12.55,2025-09-15,2025-10-04
02953,9,113.38,12.6,62.99,12.5,13.02,2025-09-14,2025-10-04
09070,11,113.35,10.3,51.52,7.93,13.68,2025-09-16,2025-10-02
507552,15,113.3,7.55,37.77,1.33,8.38,2025-04-19,2025-09-21
507125,26,113.28,4.36,21.78,2.3,7.68,2025-04-22,2025-06-26
416886,11,113.26,10.3,51.48,2.37,12.92,2025-04-18,2025-06-18
508423,12,113.23,9.44,47.18,4.0,12.58,2025-06-09,2025-07-08
05812,14,113.17,8.08,40.42,6.0,9.9,2025-09-14,2025-09-30
10363,9,113.16,12.57,62.87,12.5,12.72,2025-09-17,2025-10-02
103310,9,113.05,12.56,62.81,12.3,13.07,2025-09-15,2025-10-02
15354,9,112.99,12.55,62.77,12.5,12.87,2025-09-14,2025-10-12
93559,9,112.98,12.55,62.77,12.0,13.1,2025-09-14,2025-10-12
417390,9,112.97,12.55,62.76,12.43,12.8,2025-05-02,2025-09-25
13716,9,112.94,12.55,62.74,12.5,12.75,2025-09-14,2025-10-04
09526,11,112.9,10.26,51.32,4.0,13.05,2025-09-15,2025-10-11
500368,9,112.87,12.54,62.71,12.48,12.73,2025-09-16,2025-10-01
14604,10,112.87,11.29,56.44,4.0,12.58,2025-09-16,2025-10-02
05570,13,112.86,8.68,43.41,8.42,10.5,2025-09-15,2025-10-15
14387,9,112.77,12.53,62.65,12.45,12.67,2025-09-17,2025-10-02
506014,9,112.76,12.53,62.64,12.08,12.85,2025-09-14,2025-10-04
13307,9,112.74,12.53,62.63,12.4,12.67,2025-09-14,2025-10-12
10334,9,112.72,12.52,62.62,12.5,12.65,2025-09-16,2025-10-13
10662,9,112.7,12.52,62.61,11.75,13.08,2025-09-14,2025-10-12
505550,9,112.69,12.52,62.61,12.47,12.72,2025-09-14,2025-10-12
508485,9,112.62,12.51,62.57,12.47,12.65,2025-09-14,2025-10-04
13918,10,112.6,11.26,56.3,1.0,12.72,2025-09-14,2025-10-13
510465,9,112.57,12.51,62.54,12.5,12.53,2025-09-14,2025-10-10
13801,9,112.57,12.51,62.54,12.48,12.57,2025-09-14,2025-10-12
09276,9,112.52,12.5,62.51,12.07,13.07,2025-09-14,2025-10-04
505993,16,112.5,7.03,35.16,5.62,7.58,2025-04-30,2025-09-22
12261,13,112.45,8.65,43.25,7.83,10.97,2025-09-15,2025-10-02
419172,9,112.44,12.49,62.47,12.45,12.63,2025-04-21,2025-06-26
14044,9,112.43,12.49,62.46,12.38,12.53,2025-09-22,2025-10-11
13355,9,112.43,12.49,62.46,12.4,12.65,2025-09-15,2025-10-04
508439,10,112.41,11.24,56.21,4.02,12.53,2025-09-18,2025-10-14
510464,9,112.39,12.49,62.44,12.43,12.5,2025-09-14,2025-10-09
04773,9,112.34,12.48,62.41,11.5,12.97,2025-09-14,2025-10-04
505069,10,112.33,11.23,56.17,4.0,12.7,2025-09-15,2025-10-02
13796,10,112.33,11.23,56.17,3.72,12.58,2025-09-15,2025-10-03
06875,9,112.27,12.47,62.37,12.2,12.6,2025-09-17,2025-10-12
11529,9,112.21,12.47,62.34,12.0,12.72,2025-09-14,2025-10-04
03613,18,112.2,6.23,31.17,6.0,7.18,2025-09-15,2025-10-16
10349,9,112.15,12.46,62.31,12.0,12.6,2025-09-18,2025-10-15
502432,9,112.1,12.46,62.28,12.27,12.63,2025-09-15,2025-10-03
507342,9,112.1,12.46,62.28,12.28,12.5,2025-09-14,2025-10-02
505221,22,112.04,5.09,25.46,1.9,10.53,2025-05-08,2025-09-24
12452,13,112.04,8.62,43.09,8.3,9.18,2025-09-15,2025-10-10
507377,9,112.02,12.45,62.23,12.32,12.5,2025-09-15,2025-10-01
13004,9,112.01,12.45,62.23,12.37,12.5,2025-09-14,2025-10-03
14430,9,112.0,12.44,62.22,12.0,12.5,2025-09-30,2025-10-16
304231,14,112.0,8.0,40.0,8.0,8.0,2025-04-28,2025-06-30
506404,14,112.0,8.0,40.0,8.0,8.0,2025-04-23,2025-08-04
421506,14,112.0,8.0,40.0,8.0,8.0,2025-04-18,2025-06-27
401801,14,112.0,8.0,40.0,8.0,8.0,2025-04-18,2025-08-01
102702,14,112.0,8.0,40.0,8.0,8.0,2025-04-21,2025-07-11
3672,14,112.0,8.0,40.0,8.0,8.0,2025-04-28,2025-07-01
414755,14,112.0,8.0,40.0,8.0,8.0,2025-04-22,2025-06-30
418495,14,112.0,8.0,40.0,8.0,8.0,2025-04-24,2025-07-18
336326,14,112.0,8.0,40.0,8.0,8.0,2025-04-22,2025-08-15
506227,10,111.98,11.2,55.99,3.27,16.73,2025-09-14,2025-10-14
08732,9,111.94,12.44,62.19,12.0,12.77,2025-09-14,2025-10-04
07305,10,111.88,11.19,55.94,10.03,11.97,2025-09-16,2025-10-16
13773,9,111.82,12.42,62.12,11.88,12.68,2025-09-14,2025-10-02
507738,10,111.75,11.18,55.88,4.15,12.5,2025-09-16,2025-10-09
421613-110662,42,111.74,2.66,13.3,0.5,4.93,2025-04-18,2025-07-08
07951,12,111.73,9.31,46.55,1.63,12.87,2025-09-15,2025-10-13
103968,19,111.71,5.88,29.4,2.07,7.27,2025-04-19,2025-07-05
504593-422065,12,111.67,9.31,46.53,8.0,12.38,2025-04-28,2025-06-18
502600,9,111.63,12.4,62.02,12.1,12.53,2025-09-15,2025-10-01
507853,9,111.46,12.38,61.92,12.0,12.5,2025-09-17,2025-10-03
04471,8,111.45,13.93,69.66,12.25,16.38,2025-09-14,2025-10-11
15347,10,111.45,11.15,55.72,4.0,12.5,2025-09-17,2025-10-08
01050,13,111.44,8.57,42.86,8.5,8.63,2025-09-15,2025-10-16
500982,9,111.4,12.38,61.89,12.0,12.5,2025-09-14,2025-10-02
501481,9,111.38,12.38,61.88,8.92,13.6,2025-09-15,2025-10-04
504295,13,111.28,8.56,42.8,8.5,8.73,2025-09-16,2025-10-16
02319,19,111.25,5.86,29.28,4.5,8.63,2025-09-15,2025-10-16
10930,9,111.25,12.36,61.81,11.25,12.58,2025-09-14,2025-10-04
507338,9,111.21,12.36,61.78,12.12,12.58,2025-09-14,2025-10-04
419477,9,111.2,12.36,61.78,12.25,12.5,2025-04-26,2025-10-04
507014,12,111.15,9.26,46.31,5.0,16.5,2025-09-15,2025-09-30
508590,13,111.14,8.55,42.75,8.47,8.73,2025-09-14,2025-10-15
501024,9,111.1,12.34,61.72,8.7,13.4,2025-09-16,2025-10-01
510500,12,111.09,9.26,46.29,0.02,16.83,2025-09-12,2025-09-26
14450,13,111.06,8.54,42.72,8.5,8.83,2025-09-14,2025-10-12
412142,10,111.02,11.1,55.51,8.0,12.6,2025-04-26,2025-09-22
415838,22,111.0,5.05,25.23,5.0,6.0,2025-04-22,2025-07-03
417893,14,111.0,7.93,39.64,7.0,8.0,2025-05-05,2025-07-03
07360,13,110.8,8.52,42.62,8.5,8.75,2025-09-16,2025-10-16
507039,14,110.75,7.91,39.55,3.0,8.78,2025-04-18,2025-05-07
422612,16,110.73,6.92,34.6,1.95,11.55,2025-04-22,2025-07-08
507394,11,110.7,10.06,50.32,4.48,12.5,2025-09-15,2025-10-03
500783,13,110.7,8.52,42.58,8.5,8.58,2025-09-15,2025-10-14
08979,13,110.63,8.51,42.55,8.48,8.58,2025-09-15,2025-10-14
03951,13,110.53,8.5,42.51,8.43,8.58,2025-09-15,2025-10-06
91421,13,110.5,8.5,42.5,8.5,8.5,2025-09-29,2025-10-15
504579,13,110.5,8.5,42.5,8.5,8.5,2025-09-25,2025-10-16
12424,13,110.5,8.5,42.5,8.5,8.5,2025-09-25,2025-10-16
06561,13,110.49,8.5,42.5,8.32,8.7,2025-09-16,2025-10-16
507177,9,110.46,12.27,61.37,11.65,12.5,2025-09-14,2025-10-04
15115,13,110.33,8.49,42.43,8.42,8.5,2025-09-17,2025-10-16
10756,13,110.32,8.49,42.43,8.42,8.5,2025-09-14,2025-10-16
507651,13,110.15,8.47,42.37,8.3,8.58,2025-09-14,2025-10-12
506998,12,110.08,9.17,45.87,8.0,12.58,2025-04-20,2025-10-06
504791,15,110.07,7.34,36.69,2.0,12.5,2025-04-19,2025-07-04
03264,13,110.05,8.47,42.33,8.27,8.52,2025-09-15,2025-10-04
101432,14,110.0,7.86,39.29,3.0,9.0,2025-04-21,2025-07-01
510527,12,109.96,9.16,45.82,8.43,12.5,2025-09-15,2025-10-10
06690,10,109.81,10.98,54.91,4.88,12.82,2025-09-15,2025-10-02
12788,11,109.78,9.98,49.9,4.52,12.63,2025-09-14,2025-10-02
03119,13,109.77,8.44,42.22,6.75,8.75,2025-09-14,2025-10-02
104614,12,109.77,9.15,45.74,8.0,12.2,2025-04-18,2025-09-20
503763,12,109.62,9.14,45.68,8.5,16.0,2025-09-14,2025-10-03
15243,18,109.53,6.09,30.43,4.0,8.5,2025-09-14,2025-10-16
10786,10,109.47,10.95,54.74,2.0,13.08,2025-09-15,2025-10-01
507878,14,109.26,7.8,39.02,1.23,8.93,2025-04-21,2025-09-25
14886,13,109.24,8.4,42.02,7.73,8.53,2025-09-17,2025-10-15
502572,13,109.23,8.4,42.01,7.65,8.58,2025-05-07,2025-10-15
02587,13,109.21,8.4,42.0,4.0,12.5,2025-09-14,2025-10-10
11489,13,109.2,8.4,42.0,7.63,8.65,2025-09-15,2025-10-13
510516,8,109.05,13.63,68.16,8.03,22.5,2025-09-16,2025-10-15
10927,10,108.95,10.9,54.47,5.37,12.58,2025-09-16,2025-10-08
102192,28,108.84,3.89,19.44,3.4,4.5,2025-04-18,2025-10-11
08219,10,108.8,10.88,54.4,4.0,13.18,2025-09-14,2025-10-11
415755,13,108.79,8.37,41.84,5.0,8.93,2025-05-04,2025-10-08
418968,11,108.77,9.89,49.44,7.87,16.77,2025-04-20,2025-05-05
504977,23,108.76,4.73,23.64,2.52,7.5,2025-04-18,2025-10-10
507195,14,108.73,7.77,38.83,0.5,8.72,2025-04-18,2025-05-15
11658,13,108.7,8.36,41.81,6.0,9.1,2025-09-15,2025-10-14
503636,10,108.69,10.87,54.35,1.98,13.27,2025-09-14,2025-10-03
05953,9,108.68,12.08,60.38,8.38,12.8,2025-09-15,2025-10-12
10054,10,108.68,10.87,54.34,4.1,12.67,2025-09-14,2025-10-11
10708,10,108.68,10.87,54.34,4.0,12.9,2025-09-16,2025-10-15
06263,10,108.68,10.87,54.34,4.0,12.93,2025-09-15,2025-10-14
06412,9,108.68,12.08,60.38,8.5,16.5,2025-09-18,2025-10-14
11382,9,108.62,12.07,60.34,8.0,16.5,2025-09-24,2025-10-10
03029,9,108.56,12.06,60.31,3.63,18.0,2025-09-14,2025-10-05
07563,11,108.53,9.87,49.33,8.5,13.72,2025-09-14,2025-10-03
505542,10,108.5,10.85,54.25,4.48,12.5,2025-09-18,2025-09-30
14669,12,108.5,9.04,45.21,4.0,12.5,2025-09-15,2025-10-01
417176,11,108.4,9.85,49.27,8.0,12.52,2025-04-20,2025-10-04
13528,10,108.29,10.83,54.15,4.12,12.72,2025-09-14,2025-10-01
13943,9,108.28,12.03,60.16,8.28,12.57,2025-09-14,2025-10-03
11465,10,108.27,10.83,54.14,4.0,12.82,2025-09-15,2025-10-10
99507,10,108.15,10.82,54.08,4.0,12.62,2025-09-15,2025-10-10
506212,14,108.1,7.72,38.61,6.43,10.5,2025-09-15,2025-10-16
130004,15,108.0,7.2,36.0,4.0,8.0,2025-04-21,2025-07-08
130060,14,108.0,7.71,38.57,4.0,8.0,2025-04-18,2025-06-20
130103,14,108.0,7.71,38.57,4.0,8.0,2025-04-28,2025-08-01
505936,11,107.93,9.81,49.06,9.22,10.38,2025-04-22,2025-09-16
506244,13,107.92,8.3,41.51,3.12,10.78,2025-04-18,2025-05-16
500645,13,107.89,8.3,41.5,6.9,8.5,2025-04-19,2025-09-27
01702,9,107.79,11.98,59.88,5.0,13.52,2025-09-16,2025-10-03
08556,12,107.75,8.98,44.9,8.6,9.15,2025-09-16,2025-10-16
507491,13,107.64,8.28,41.4,4.97,8.92,2025-09-15,2025-10-15
506832,13,107.6,8.28,41.38,2.02,9.7,2025-04-23,2025-09-22
510492,13,107.55,8.27,41.37,5.88,8.92,2025-09-16,2025-10-16
422197,12,107.51,8.96,44.8,7.3,12.25,2025-04-21,2025-09-24
12826,9,107.51,11.95,59.73,8.25,12.5,2025-09-16,2025-10-08
505628,13,107.5,8.27,41.35,8.0,8.5,2025-04-19,2025-10-04
503495,9,107.16,11.91,59.53,8.08,12.5,2025-09-15,2025-10-07
11602,14,107.15,7.65,38.27,6.5,10.45,2025-09-15,2025-10-16
502345,9,107.06,11.9,59.48,5.43,13.03,2025-09-16,2025-10-03
02207,9,107.03,11.89,59.46,6.0,13.15,2025-09-14,2025-10-12
100994,22,107.03,4.87,24.33,1.0,5.68,2025-04-18,2025-07-05
500268,13,107.0,8.23,41.15,7.8,8.5,2025-09-16,2025-10-04
03018,10,107.0,10.7,53.5,4.0,12.5,2025-09-16,2025-10-15
13397,9,106.95,11.88,59.42,5.32,13.08,2025-09-15,2025-10-03
506548,14,106.73,7.62,38.12,1.0,12.5,2025-04-22,2025-09-26
200958,13,106.56,8.2,40.98,4.62,9.1,2025-04-22,2025-05-22
13985,13,106.52,8.19,40.97,4.65,8.53,2025-09-14,2025-10-15
410162,13,106.5,8.19,40.96,8.0,8.5,2025-04-18,2025-09-26
501933,13,106.5,8.19,40.96,8.0,8.5,2025-05-26,2025-09-26
15687,10,106.46,10.65,53.23,4.75,14.7,2025-09-16,2025-10-04
500663,10,106.38,10.64,53.19,1.0,12.68,2025-09-15,2025-10-01
05849,9,106.32,11.81,59.07,6.23,12.67,2025-09-18,2025-10-10
505541,9,106.21,11.8,59.01,5.12,12.88,2025-09-15,2025-10-03
14502,11,106.1,9.65,48.23,6.0,12.5,2025-09-15,2025-10-16
500654,12,106.0,8.83,44.17,8.5,12.5,2025-09-19,2025-10-15
407013,11,105.97,9.63,48.17,0.5,10.72,2025-04-18,2025-07-01
10539,9,105.95,11.77,58.86,6.0,12.52,2025-09-15,2025-09-30
506520,9,105.77,11.75,58.76,5.12,12.73,2025-09-14,2025-10-04
01751,13,105.75,8.13,40.67,5.0,10.5,2025-09-22,2025-10-16
14688,9,105.75,11.75,58.75,5.07,12.98,2025-09-15,2025-10-03
12405,9,105.69,11.74,58.72,5.15,12.68,2025-09-15,2025-10-02
505228,12,105.67,8.81,44.03,6.88,16.33,2025-04-24,2025-09-24
507279,13,105.6,8.12,40.62,4.0,20.0,2025-09-16,2025-10-15
501949,11,105.51,9.59,47.96,4.08,12.08,2025-05-31,2025-06-27
08117,11,105.5,9.59,47.95,0.83,13.02,2025-09-15,2025-10-13
503608,9,105.31,11.7,58.51,8.32,12.5,2025-09-17,2025-10-07
14480,9,105.22,11.69,58.46,5.02,12.58,2025-09-15,2025-10-01
506767,10,105.2,10.52,52.6,4.0,12.97,2025-09-14,2025-10-07
505421,9,105.1,11.68,58.39,4.0,13.37,2025-09-14,2025-10-06
10982,9,105.04,11.67,58.36,5.15,12.65,2025-09-15,2025-10-03
505821,10,105.0,10.5,52.5,4.38,12.55,2025-09-14,2025-10-15
15267,12,104.88,8.74,43.7,7.92,16.23,2025-09-14,2025-10-11
07293,10,104.84,10.48,52.42,8.45,12.55,2025-09-15,2025-10-14
506206,13,104.79,8.06,40.3,7.8,8.33,2025-04-19,2025-07-04
506084,14,104.74,7.48,37.41,3.0,8.22,2025-09-14,2025-10-04
25742,12,104.72,8.73,43.63,8.5,9.48,2025-09-16,2025-10-10
418289,9,104.67,11.63,58.15,8.0,12.98,2025-04-23,2025-06-14
406189,12,104.61,8.72,43.59,4.0,12.93,2025-04-25,2025-10-10
14523,10,104.57,10.46,52.29,4.0,12.52,2025-09-15,2025-10-10
504145,12,104.49,8.71,43.54,8.38,9.4,2025-09-15,2025-10-03
508623,13,104.44,8.03,40.17,4.72,8.55,2025-09-18,2025-10-16
507182,9,104.42,11.6,58.01,5.22,12.68,2025-09-16,2025-10-04
405954,12,104.34,8.7,43.48,8.5,9.57,2025-04-26,2025-10-11
13331,10,104.32,10.43,52.16,4.5,12.5,2025-09-15,2025-10-01
505782,10,104.31,10.43,52.16,1.0,13.85,2025-09-15,2025-10-11
14958,9,104.25,11.58,57.92,4.0,12.63,2025-09-15,2025-10-16
11102,10,104.17,10.42,52.09,4.0,12.72,2025-09-14,2025-10-11
09716,9,104.16,11.57,57.87,4.0,12.58,2025-09-16,2025-10-09
05217,13,104.14,8.01,40.05,7.52,8.5,2025-09-18,2025-10-16
05872,13,104.03,8.0,40.01,0.22,9.22,2025-09-15,2025-10-11
417876,13,104.0,8.0,40.0,8.0,8.0,2025-05-02,2025-07-14
419761,13,104.0,8.0,40.0,8.0,8.0,2025-04-18,2025-06-30
102180,13,104.0,8.0,40.0,8.0,8.0,2025-04-25,2025-07-03
411234,13,104.0,8.0,40.0,8.0,8.0,2025-04-18,2025-05-07
999951,13,104.0,8.0,40.0,8.0,8.0,2025-04-21,2025-07-11
505354,13,104.0,8.0,40.0,8.0,8.0,2025-05-13,2025-06-20
421401,13,104.0,8.0,40.0,8.0,8.0,2025-06-10,2025-07-21
415171,13,104.0,8.0,40.0,8.0,8.0,2025-05-26,2025-09-26
103136,13,104.0,8.0,40.0,8.0,8.0,2025-04-21,2025-07-03
415330,13,104.0,8.0,40.0,8.0,8.0,2025-05-08,2025-06-27
101224,13,104.0,8.0,40.0,8.0,8.0,2025-04-18,2025-08-01
102948,13,104.0,8.0,40.0,8.0,8.0,2025-04-18,2025-06-27
507905,13,104.0,8.0,40.0,8.0,8.0,2025-05-14,2025-07-01
502020,12,103.86,8.66,43.28,2.92,17.5,2025-09-14,2025-09-27
14344,8,103.83,12.98,64.89,9.1,20.5,2025-09-16,2025-10-02
05131,10,103.77,10.38,51.88,3.25,12.55,2025-09-15,2025-10-01
415060,11,103.67,9.42,47.12,4.92,12.5,2025-04-20,2025-10-08
502985,30,103.6,3.45,17.27,2.53,5.17,2025-04-23,2025-09-24
504620,13,103.6,7.97,39.85,7.25,8.55,2025-04-20,2025-07-05
11137,9,103.6,11.51,57.56,7.95,12.45,2025-09-17,2025-10-11
06134,12,103.49,8.62,43.12,8.15,9.5,2025-09-15,2025-09-26
502444,8,103.45,12.93,64.66,12.5,13.73,2025-09-16,2025-10-03
505008,21,103.28,4.92,24.59,3.47,8.4,2025-04-18,2025-07-07
508428,10,103.22,10.32,51.61,7.5,12.62,2025-06-23,2025-09-28
502742,10,103.12,10.31,51.56,8.4,12.47,2025-05-27,2025-09-25
421588,12,102.99,8.58,42.91,7.83,12.13,2025-05-11,2025-09-28
15472,11,102.97,9.36,46.8,8.5,17.72,2025-09-14,2025-09-28
510528,12,102.87,8.57,42.86,8.05,9.37,2025-09-15,2025-10-16
503190,12,102.87,8.57,42.86,8.38,9.02,2025-09-15,2025-10-10
78089,9,102.82,11.42,57.12,2.0,12.95,2025-09-14,2025-10-04
506019,8,102.81,12.85,64.26,8.0,18.12,2025-05-23,2025-07-02
505549,9,102.75,11.42,57.08,1.75,13.0,2025-09-14,2025-10-09
503152,12,102.69,8.56,42.79,4.0,12.4,2025-04-24,2025-07-01
01482,12,102.67,8.56,42.78,5.0,13.72,2025-09-14,2025-10-03
07630,12,102.62,8.55,42.76,8.5,8.77,2025-09-16,2025-10-16
13650,12,102.52,8.54,42.72,8.3,8.68,2025-09-15,2025-10-07
204714,29,102.5,3.53,17.67,1.5,6.0,2025-04-24,2025-07-01
05471,12,102.39,8.53,42.66,8.5,8.67,2025-09-14,2025-10-02
15068,12,102.26,8.52,42.61,8.47,8.73,2025-09-15,2025-10-04
14525,12,102.23,8.52,42.6,8.08,9.95,2025-09-15,2025-10-03
03626,12,102.22,8.52,42.59,8.47,8.6,2025-09-19,2025-10-05
14903,12,102.16,8.51,42.57,8.5,8.63,2025-09-15,2025-10-15
500505,12,102.15,8.51,42.56,8.3,9.2,2025-09-15,2025-10-03
05108,12,102.07,8.51,42.53,8.5,8.55,2025-09-14,2025-10-03
422207,10,102.0,10.2,51.0,10.0,10.5,2025-05-26,2025-10-11
11399,12,102.0,8.5,42.5,8.5,8.5,2025-09-28,2025-10-16
12335,12,102.0,8.5,42.5,8.5,8.5,2025-09-25,2025-10-16
422574,8,101.99,12.75,63.74,12.5,13.22,2025-04-19,2025-10-03
103984,11,101.97,9.27,46.35,7.52,12.05,2025-04-18,2025-06-08
507467,12,101.95,8.5,42.48,8.38,8.62,2025-09-18,2025-10-07
10229,11,101.83,9.26,46.29,6.0,16.0,2025-09-15,2025-09-26
05279,9,101.75,11.31,56.53,1.75,12.5,2025-09-15,2025-10-08
14723,8,101.72,12.72,63.58,12.5,13.33,2025-09-17,2025-09-30
03979,9,101.63,11.29,56.46,1.5,12.6,2025-09-14,2025-10-08
104139,14,101.62,7.26,36.29,3.65,9.37,2025-04-25,2025-10-16
501693,9,101.57,11.29,56.43,6.53,12.5,2025-09-17,2025-10-02
11928,10,101.52,10.15,50.76,6.18,11.03,2025-09-15,2025-10-06
11336,11,101.48,9.23,46.13,8.0,17.4,2025-09-17,2025-10-15
86116,12,101.35,8.45,42.23,8.3,8.5,2025-09-15,2025-10-10
105250,14,101.34,7.24,36.19,4.0,8.88,2025-05-09,2025-10-10
00894,9,101.15,11.24,56.19,4.02,18.0,2025-09-14,2025-10-12
412278,9,101.06,11.23,56.14,8.17,12.62,2025-04-19,2025-09-20
502939,12,101.0,8.42,42.08,8.0,8.5,2025-05-26,2025-09-26
01909,9,100.94,11.22,56.08,8.5,12.78,2025-09-14,2025-10-10
13978,8,100.94,12.62,63.09,12.5,12.88,2025-09-14,2025-10-04
13758,13,100.91,7.76,38.81,3.95,12.35,2025-09-14,2025-10-04
14960,9,100.84,11.2,56.02,8.5,12.72,2025-09-16,2025-10-10
501305,8,100.82,12.6,63.01,12.5,12.9,2025-09-16,2025-10-16
10877,8,100.76,12.6,62.98,12.5,12.83,2025-09-14,2025-09-29
503077,8,100.75,12.59,62.97,12.5,12.95,2025-09-16,2025-10-01
14982,12,100.74,8.4,41.98,7.98,8.5,2025-09-14,2025-10-02
13786,8,100.63,12.58,62.89,12.5,12.73,2025-09-15,2025-10-03
416151,12,100.5,8.38,41.88,8.0,10.5,2025-06-19,2025-09-27
05251,10,100.38,10.04,50.19,8.23,12.5,2025-09-17,2025-10-03
10446,8,100.37,12.55,62.73,12.5,12.75,2025-09-19,2025-10-06
09778,12,100.33,8.36,41.8,7.97,8.77,2025-09-15,2025-10-02
06409,10,100.32,10.03,50.16,4.0,12.58,2025-09-16,2025-10-11
422568,8,100.28,12.53,62.67,12.38,12.63,2025-04-24,2025-07-03
334234,8,100.24,12.53,62.65,12.33,12.9,2025-04-19,2025-10-12
04941,9,100.22,11.14,55.68,4.0,12.57,2025-09-14,2025-10-10
11107,8,100.16,12.52,62.6,12.5,12.58,2025-09-14,2025-10-09
502006,12,100.15,8.35,41.73,4.0,12.77,2025-04-19,2025-10-10
06492,8,100.13,12.52,62.58,12.5,12.63,2025-09-19,2025-10-11
13672,9,100.11,11.12,55.62,4.0,12.65,2025-09-14,2025-10-04
14725,8,100.08,12.51,62.55,12.5,12.55,2025-09-19,2025-10-11
14806,8,100.08,12.51,62.55,12.5,12.55,2025-09-14,2025-10-11
06285,8,100.02,12.5,62.51,12.5,12.52,2025-09-17,2025-10-08
130010,13,100.0,7.69,38.46,4.0,8.0,2025-04-18,2025-07-18
104681,12,100.0,8.33,41.67,5.12,8.97,2025-05-22,2025-09-21
15075,10,100.0,10.0,50.0,10.0,10.0,2025-09-15,2025-09-26
422684,10,100.0,10.0,50.0,10.0,10.0,2025-04-21,2025-06-30
419134,10,100.0,10.0,50.0,10.0,10.0,2025-04-21,2025-07-02
416270,13,100.0,7.69,38.46,4.0,8.0,2025-04-21,2025-07-18
09811,8,99.99,12.5,62.49,12.42,12.57,2025-09-14,2025-10-12
507033,8,99.98,12.5,62.49,12.47,12.53,2025-09-14,2025-10-09
05765,8,99.89,12.49,62.43,12.35,12.53,2025-09-15,2025-10-07
14529,12,99.84,8.32,41.6,7.35,8.98,2025-09-15,2025-10-03
506955,8,99.83,12.48,62.39,12.33,12.5,2025-09-22,2025-10-10
501823,8,99.77,12.47,62.36,12.33,12.67,2025-05-10,2025-10-04
404902,11,99.74,9.07,45.34,8.0,10.48,2025-05-08,2025-10-02
510300,8,99.69,12.46,62.31,12.0,12.62,2025-09-14,2025-10-02
11356,8,99.67,12.46,62.29,12.32,12.5,2025-09-14,2025-10-11
504251,8,99.62,12.45,62.26,12.1,12.57,2025-09-15,2025-10-02
505926,10,99.61,9.96,49.81,4.0,12.5,2025-09-16,2025-10-08
11635,8,99.6,12.45,62.25,12.23,12.52,2025-09-14,2025-10-11
13019,12,99.58,8.3,41.49,3.97,12.5,2025-09-14,2025-10-10
13916,12,99.56,8.3,41.48,7.78,8.67,2025-09-17,2025-10-04
114381,15,99.54,6.64,33.18,4.05,8.2,2025-04-29,2025-09-16
504155,8,99.54,12.44,62.21,8.92,13.27,2025-05-08,2025-06-20
13335,9,99.52,11.06,55.29,2.47,12.5,2025-09-17,2025-09-30
507114,25,99.5,3.98,19.9,1.0,8.5,2025-04-21,2025-06-13
101567,15,99.46,6.63,33.15,1.0,9.22,2025-05-02,2025-10-06
06632,8,99.46,12.43,62.16,12.28,12.5,2025-09-16,2025-10-09
14415,13,99.32,7.64,38.2,3.97,10.02,2025-09-14,2025-10-12
13945,9,99.32,11.04,55.18,4.0,12.5,2025-09-14,2025-10-03
507306,9,99.06,11.01,55.03,7.95,12.58,2025-09-14,2025-10-04
510564,12,98.92,8.24,41.22,5.78,12.03,2025-09-15,2025-10-16
101914,11,98.91,8.99,44.96,8.45,9.45,2025-05-03,2025-09-18
507162,9,98.7,10.97,54.83,8.5,12.5,2025-09-14,2025-10-03
502603,9,98.6,10.96,54.78,8.0,12.6,2025-09-15,2025-10-04
204001,12,98.5,8.21,41.04,8.0,8.5,2025-06-19,2025-09-26
505929,8,98.5,12.31,61.56,12.1,12.52,2025-09-16,2025-10-04
411282,12,98.5,8.21,41.04,8.0,8.5,2025-06-19,2025-09-26
104956,12,98.44,8.2,41.02,4.53,8.6,2025-09-16,2025-10-16
01846,12,98.42,8.2,41.01,5.0,8.57,2025-09-15,2025-10-01
504948,10,98.36,9.84,49.18,6.1,10.63,2025-05-27,2025-07-03
503080,9,98.36,10.93,54.64,1.0,12.75,2025-04-21,2025-06-07
12487,9,98.25,10.92,54.58,8.0,13.02,2025-09-15,2025-10-09
07683,9,98.18,10.91,54.54,1.48,12.62,2025-09-14,2025-10-03
14171,13,98.17,7.55,37.76,4.0,11.32,2025-09-14,2025-10-12
12717,9,98.1,10.9,54.5,1.0,12.83,2025-09-16,2025-10-04
504851,9,98.05,10.89,54.47,8.5,12.5,2025-09-16,2025-10-01
14684,12,98.01,8.17,40.84,5.98,12.53,2025-09-17,2025-10-16
413397,12,98.0,8.17,40.83,8.0,10.0,2025-04-25,2025-06-25
336576,15,97.84,6.52,32.61,5.97,8.5,2025-09-15,2025-10-04
15150,9,97.59,10.84,54.22,3.82,12.63,2025-09-14,2025-10-10
102007,12,97.5,8.13,40.63,4.5,8.5,2025-09-15,2025-09-26
403085,10,97.46,9.75,48.73,3.0,11.62,2025-04-28,2025-10-06
90332,9,97.44,10.83,54.13,4.6,12.83,2025-09-14,2025-10-03
10191,24,97.42,4.06,20.3,4.0,4.22,2025-09-15,2025-10-16
419937,14,97.35,6.95,34.77,2.0,8.5,2025-04-21,2025-09-12
504359,9,97.16,10.8,53.98,8.0,13.48,2025-04-19,2025-05-03
12947,10,97.15,9.72,48.58,5.12,10.5,2025-09-16,2025-10-15
506961,11,97.07,8.82,44.12,7.85,12.17,2025-04-26,2025-09-21
409099,15,97.03,6.47,32.34,4.88,7.18,2025-04-29,2025-09-26
505998,11,97.02,8.82,44.1,8.22,10.5,2025-04-27,2025-10-05
401293,12,97.0,8.08,40.42,7.52,8.5,2025-04-24,2025-07-08
402554,11,96.93,8.81,44.06,8.5,9.47,2025-04-27,2025-10-11
13471,9,96.9,10.77,53.83,3.87,12.6,2025-09-15,2025-10-08
421977,8,96.85,12.11,60.53,12.0,12.43,2025-04-20,2025-07-06
07555,8,96.84,12.11,60.53,11.65,12.62,2025-09-16,2025-10-08
501239,11,96.77,8.8,43.99,8.0,12.5,2025-04-24,2025-06-08
15446,10,96.75,9.68,48.38,4.5,12.5,2025-09-15,2025-10-15
504976,12,96.59,8.05,40.25,7.3,8.75,2025-04-20,2025-09-20
14500,9,96.56,10.73,53.64,1.68,13.1,2025-09-15,2025-10-04
102368,15,96.55,6.44,32.18,3.0,10.13,2025-04-21,2025-10-15
417902,16,96.5,6.03,30.16,5.88,6.1,2025-04-18,2025-05-09
11058,12,96.34,8.03,40.14,5.0,10.5,2025-09-16,2025-10-16
14111,8,96.2,12.03,60.13,7.87,13.53,2025-09-14,2025-10-16
413950,11,96.18,8.74,43.72,7.55,9.98,2025-04-18,2025-05-02
505567,8,96.05,12.01,60.03,11.55,12.5,2025-09-14,2025-10-12
410293,12,96.0,8.0,40.0,8.0,8.0,2025-05-07,2025-07-11
413259,14,96.0,6.86,34.29,4.0,8.0,2025-04-22,2025-07-03
421762,8,96.0,12.0,60.0,12.0,12.0,2025-04-19,2025-08-07
334656,12,96.0,8.0,40.0,8.0,8.0,2025-04-18,2025-07-18
335893,12,96.0,8.0,40.0,8.0,8.0,2025-04-18,2025-07-03
502384,12,96.0,8.0,40.0,8.0,8.0,2025-04-23,2025-07-03
336535,12,96.0,8.0,40.0,8.0,8.0,2025-05-30,2025-07-08
410639,12,96.0,8.0,40.0,8.0,8.0,2025-04-21,2025-07-18
401244,12,96.0,8.0,40.0,8.0,8.0,2025-05-29,2025-07-03
37028,12,96.0,8.0,40.0,8.0,8.0,2025-04-18,2025-07-03
412985,12,96.0,8.0,40.0,8.0,8.0,2025-05-05,2025-05-23
4435-109191,12,96.0,8.0,40.0,8.0,8.0,2025-05-12,2025-06-20
336756,12,96.0,8.0,40.0,8.0,8.0,2025-05-26,2025-09-26
11181,12,96.0,8.0,40.0,8.0,8.0,2025-09-26,2025-10-13
405455,12,96.0,8.0,40.0,8.0,8.0,2025-04-25,2025-06-20
418585,12,96.0,8.0,40.0,8.0,8.0,2025-04-18,2025-06-20
501014,12,96.0,8.0,40.0,8.0,8.0,2025-05-05,2025-08-01
202829,12,96.0,8.0,40.0,8.0,8.0,2025-04-24,2025-08-08
410467,12,96.0,8.0,40.0,8.0,8.0,2025-04-21,2025-06-20
14338,9,95.97,10.66,53.32,3.5,12.97,2025-09-15,2025-10-02
09902,12,95.95,8.0,39.98,0.28,9.67,2025-09-15,2025-09-26
04318,9,95.93,10.66,53.29,0.05,13.08,2025-09-16,2025-10-11
503795,8,95.92,11.99,59.95,11.87,12.05,2025-09-18,2025-10-11
500409,24,95.81,3.99,19.96,3.88,4.13,2025-09-15,2025-10-16
507898,24,95.75,3.99,19.95,3.78,4.08,2025-09-15,2025-10-16
06278,12,95.65,7.97,39.85,1.0,12.55,2025-09-15,2025-10-09
13425,8,95.56,11.95,59.73,4.38,16.5,2025-09-14,2025-10-09
10413,8,95.5,11.94,59.69,8.0,12.5,2025-09-27,2025-10-14
13278,9,95.49,10.61,53.05,8.45,12.5,2025-09-16,2025-10-01
15231,12,95.46,7.96,39.78,2.0,8.98,2025-09-14,2025-10-12
501910,8,95.43,11.93,59.64,7.73,12.95,2025-09-14,2025-10-10
501723,11,95.2,8.65,43.27,7.9,9.0,2025-09-15,2025-09-28
101110,11,94.88,8.63,43.13,8.5,8.75,2025-05-01,2025-09-25
508334,10,94.8,9.48,47.4,8.48,17.0,2025-09-15,2025-09-27
47860,11,94.72,8.61,43.05,8.45,9.18,2025-09-15,2025-10-03
506214,7,94.7,13.53,67.64,12.5,16.42,2025-09-14,2025-10-03
506639,11,94.63,8.6,43.01,8.27,9.8,2025-06-03,2025-06-27
14527,9,94.5,10.5,52.5,10.5,10.5,2025-09-29,2025-10-16
00839,11,94.48,8.59,42.95,8.32,9.83,2025-09-15,2025-10-09
101373,13,94.38,7.26,36.3,2.43,8.52,2025-04-18,2025-09-25
02772,11,94.23,8.57,42.83,8.4,9.15,2025-09-15,2025-10-11
58339,11,94.08,8.55,42.76,8.5,9.03,2025-09-16,2025-10-03
101236,11,93.94,8.54,42.7,3.85,9.3,2025-04-24,2025-09-18
404953,33,93.89,2.85,14.23,0.45,6.33,2025-04-21,2025-09-23
200898,11,93.89,8.54,42.68,6.12,10.65,2025-04-30,2025-07-04
504548,11,93.82,8.53,42.65,8.5,8.67,2025-09-15,2025-10-16
14838,11,93.81,8.53,42.64,8.5,8.68,2025-09-15,2025-10-16
15364,11,93.8,8.53,42.64,8.0,12.5,2025-09-16,2025-10-12
104627,10,93.69,9.37,46.85,4.0,12.5,2025-06-13,2025-09-28
08439,11,93.66,8.51,42.57,7.87,9.12,2025-09-16,2025-10-10
14917,11,93.57,8.51,42.53,8.47,8.57,2025-09-14,2025-10-13
08536,11,93.56,8.51,42.53,8.5,8.52,2025-09-16,2025-10-05
507472,11,93.55,8.5,42.52,5.18,9.5,2025-09-15,2025-09-26
502752,10,93.51,9.35,46.76,8.33,16.5,2025-09-14,2025-10-04
500859,29,93.5,3.22,16.12,1.5,4.5,2025-04-18,2025-09-19
04674,11,93.5,8.5,42.5,8.5,8.5,2025-09-24,2025-10-16
506225,11,93.5,8.5,42.5,8.5,8.5,2025-09-15,2025-10-16
504176,11,93.46,8.5,42.48,7.18,9.05,2025-09-15,2025-09-26
08263,8,93.36,11.67,58.35,6.98,12.5,2025-09-18,2025-10-11
104717,16,93.32,5.83,29.16,2.5,8.5,2025-05-12,2025-10-14
501193,11,93.26,8.48,42.39,8.4,8.63,2025-04-20,2025-05-15
14162,8,93.26,11.66,58.29,5.3,12.73,2025-09-14,2025-10-10
13507,11,93.24,8.48,42.38,6.02,9.45,2025-09-15,2025-09-26
508206,11,93.15,8.47,42.34,6.05,9.12,2025-09-14,2025-09-26
08280,8,93.1,11.64,58.19,6.65,12.65,2025-09-15,2025-10-13
507227,12,93.08,7.76,38.78,0.5,11.18,2025-09-15,2025-10-16
12700,13,93.0,7.15,35.77,6.0,8.5,2025-09-15,2025-10-15
304143,11,93.0,8.45,42.27,8.0,8.5,2025-06-26,2025-09-26
505443,10,92.98,9.3,46.49,8.25,12.5,2025-09-16,2025-10-10
522068,11,92.98,8.45,42.26,8.0,8.62,2025-09-17,2025-10-14
09254,10,92.93,9.29,46.46,8.45,16.0,2025-09-15,2025-09-26
510617,10,92.93,9.29,46.46,8.5,12.12,2025-09-14,2025-09-26
15190,18,92.77,5.15,25.77,4.0,7.23,2025-09-14,2025-10-16
06016,11,92.75,8.43,42.16,7.52,8.65,2025-09-15,2025-10-13
12851,8,92.74,11.59,57.96,5.0,12.73,2025-09-16,2025-10-11
14265,10,92.74,9.27,46.37,4.0,12.5,2025-09-16,2025-10-02
13881,11,92.7,8.43,42.14,7.6,8.58,2025-09-15,2025-10-04
505186,11,92.65,8.42,42.11,4.52,12.5,2025-04-28,2025-10-11
504832,8,92.65,11.58,57.91,5.17,12.78,2025-09-19,2025-10-02
504872,8,92.56,11.57,57.85,5.12,12.5,2025-09-15,2025-10-14
507423,11,92.55,8.41,42.07,8.13,8.57,2025-04-18,2025-09-25
102748,10,92.51,9.25,46.26,8.5,10.3,2025-04-24,2025-10-04
504265,8,92.5,11.56,57.81,5.1,12.68,2025-09-15,2025-10-01
09650,8,92.48,11.56,57.8,8.0,12.75,2025-09-15,2025-10-01
505446,9,92.47,10.27,51.37,2.0,12.82,2025-09-14,2025-10-04
414958,46,92.29,2.01,10.03,1.25,2.97,2025-04-20,2025-09-24
94235,8,92.24,11.53,57.65,3.97,13.17,2025-09-20,2025-10-13
15342,9,92.19,10.24,51.22,8.37,16.35,2025-09-15,2025-10-04
503910,11,92.16,8.38,41.89,8.03,8.93,2025-04-22,2025-06-12
13113,12,92.15,7.68,38.4,6.42,8.68,2025-04-26,2025-09-14
103780,11,92.13,8.38,41.88,1.0,12.97,2025-04-19,2025-10-13
06361,11,92.12,8.37,41.87,7.65,8.62,2025-09-16,2025-10-16
415839,12,92.0,7.67,38.33,4.0,8.0,2025-04-21,2025-07-07
506395,12,92.0,7.67,38.33,4.0,8.0,2025-04-18,2025-07-03
07516,23,92.0,4.0,20.0,4.0,4.0,2025-09-15,2025-10-16
420178,8,92.0,11.5,57.5,8.0,12.0,2025-04-21,2025-06-11
504146,8,91.95,11.49,57.47,7.95,12.0,2025-09-14,2025-10-12
419403,11,91.87,8.35,41.76,7.72,9.0,2025-04-18,2025-05-02
507563,8,91.86,11.48,57.41,8.0,12.78,2025-09-14,2025-10-05
507761,10,91.84,9.18,45.92,8.5,12.5,2025-09-15,2025-10-04
501707,8,91.8,11.48,57.38,4.0,12.83,2025-09-15,2025-10-08
11405,8,91.76,11.47,57.35,4.5,12.53,2025-09-15,2025-10-15
15114,9,91.75,10.19,50.97,8.35,12.5,2025-09-15,2025-09-30
13759,8,91.69,11.46,57.31,4.0,12.62,2025-09-17,2025-10-10
06438,11,91.52,8.32,41.6,6.9,9.25,2025-09-15,2025-10-08
05743,9,91.52,10.17,50.84,0.5,12.92,2025-09-14,2025-10-04
421173,12,91.5,7.63,38.13,4.0,12.0,2025-04-18,2025-05-30
505100,11,91.45,8.31,41.57,7.7,8.92,2025-04-18,2025-05-02
403216,23,91.44,3.98,19.88,1.25,8.17,2025-04-24,2025-10-16
510382,11,91.37,8.31,41.53,2.8,10.3,2025-09-15,2025-09-25
419054,11,91.29,8.3,41.5,7.98,8.5,2025-04-26,2025-09-27
506266,9,91.19,10.13,50.66,1.28,12.13,2025-09-14,2025-09-30
510270,7,91.11,13.02,65.08,12.33,16.5,2025-09-15,2025-10-04
506795,11,91.1,8.28,41.41,4.62,9.25,2025-09-15,2025-09-27
05180,11,90.88,8.26,41.31,4.13,9.77,2025-09-14,2025-09-26
406338,11,90.86,8.26,41.3,6.95,8.8,2025-04-18,2025-05-28
508274,8,90.86,11.36,56.79,4.98,12.5,2025-09-14,2025-10-04
07753,8,90.85,11.36,56.78,3.5,12.65,2025-09-15,2025-10-04
407992,12,90.76,7.56,37.82,5.43,9.73,2025-04-19,2025-09-23
502566,11,90.64,8.24,41.2,1.0,12.8,2025-04-27,2025-07-06
02647,9,90.54,10.06,50.3,9.75,10.55,2025-09-15,2025-10-02
507230,14,90.53,6.47,32.33,0.28,10.23,2025-09-15,2025-09-26
102883,11,90.5,8.23,41.14,8.0,8.5,2025-05-23,2025-07-07
407434,11,90.5,8.23,41.14,8.0,8.5,2025-06-19,2025-09-26
416377,11,90.5,8.23,41.14,8.0,8.5,2025-05-19,2025-09-19
507224,8,90.48,11.31,56.55,10.27,13.32,2025-09-15,2025-09-24
503663,11,90.43,8.22,41.1,2.83,10.07,2025-04-18,2025-06-27
408647,11,90.27,8.21,41.03,8.0,8.5,2025-06-02,2025-07-04
505283,11,90.22,8.2,41.01,1.12,12.5,2025-09-16,2025-10-04
101986,22,90.2,4.1,20.5,1.0,4.97,2025-04-26,2025-10-15
417152,11,90.0,8.18,40.91,8.0,8.5,2025-05-26,2025-09-25
509459,10,90.0,9.0,45.0,9.0,9.0,2025-06-23,2025-07-04
505860,11,90.0,8.18,40.91,8.0,8.5,2025-05-26,2025-09-26
105556,7,89.79,12.83,64.14,12.47,13.07,2025-04-30,2025-09-23
04019,8,89.57,11.2,55.98,8.5,13.88,2025-09-15,2025-10-02
403218,11,89.47,8.13,40.67,6.15,8.5,2025-04-30,2025-10-01
408381,18,89.44,4.97,24.84,3.95,11.95,2025-04-22,2025-09-24
06698,10,89.43,8.94,44.71,8.5,10.13,2025-09-14,2025-09-27
09689,12,89.42,7.45,37.26,2.0,8.67,2025-09-14,2025-09-26
103234,11,89.23,8.11,40.56,8.0,8.45,2025-05-04,2025-10-16
510540,9,89.23,9.91,49.57,8.45,12.93,2025-09-15,2025-10-04
06663,9,89.17,9.91,49.54,8.5,13.07,2025-09-16,2025-10-14
12631,9,88.98,9.89,49.43,8.5,12.73,2025-09-15,2025-10-09
502508,8,88.93,11.12,55.58,8.32,12.6,2025-04-22,2025-05-08
419712,8,88.86,11.11,55.54,7.97,12.5,2025-04-28,2025-07-02
800055,11,88.81,8.07,40.37,4.77,8.87,2025-09-15,2025-09-26
102160,27,88.75,3.29,16.44,0.5,6.5,2025-04-22,2025-07-01
07706,12,88.71,7.39,36.96,6.42,8.08,2025-09-16,2025-10-06
05287,7,88.7,12.67,63.36,12.48,13.2,2025-09-14,2025-10-04
05469,10,88.69,8.87,44.35,8.5,10.3,2025-09-15,2025-10-16
405977,13,88.69,6.82,34.11,0.3,8.62,2025-04-18,2025-07-04
522063,8,88.67,11.08,55.42,5.05,12.9,2025-09-15,2025-10-09
03865,10,88.65,8.87,44.33,8.3,9.68,2025-09-15,2025-10-16
13282,10,88.32,8.83,44.16,7.32,12.57,2025-09-15,2025-10-16
501399,10,88.17,8.82,44.09,8.5,9.07,2025-05-02,2025-09-26
101998,11,88.14,8.01,40.06,6.53,8.6,2025-04-28,2025-09-16
507271,10,88.12,8.81,44.06,8.5,10.03,2025-09-15,2025-10-15
502701,10,88.07,8.81,44.04,8.5,9.13,2025-09-15,2025-10-05
334643,11,88.0,8.0,40.0,8.0,8.0,2025-04-23,2025-07-11
420757,11,88.0,8.0,40.0,8.0,8.0,2025-04-21,2025-06-20
404414,11,88.0,8.0,40.0,8.0,8.0,2025-04-24,2025-08-01
405429,11,88.0,8.0,40.0,8.0,8.0,2025-04-30,2025-06-24
415745,11,88.0,8.0,40.0,8.0,8.0,2025-04-24,2025-06-20
409070,11,88.0,8.0,40.0,8.0,8.0,2025-04-21,2025-07-03
412617,11,88.0,8.0,40.0,8.0,8.0,2025-05-12,2025-06-23
420561,11,88.0,8.0,40.0,8.0,8.0,2025-04-21,2025-07-10
406684,11,88.0,8.0,40.0,8.0,8.0,2025-05-01,2025-08-18
416842,11,88.0,8.0,40.0,8.0,8.0,2025-05-05,2025-07-08
407768,11,88.0,8.0,40.0,8.0,8.0,2025-04-18,2025-06-27
336769,11,88.0,8.0,40.0,8.0,8.0,2025-05-05,2025-06-11
414752,11,88.0,8.0,40.0,8.0,8.0,2025-04-25,2025-05-16
503689,11,88.0,8.0,40.0,8.0,8.0,2025-05-05,2025-06-27
101910,11,88.0,8.0,40.0,8.0,8.0,2025-04-18,2025-07-07
336643,11,88.0,8.0,40.0,8.0,8.0,2025-05-27,2025-07-04
406063,11,88.0,8.0,40.0,8.0,8.0,2025-04-18,2025-07-03
505129,11,88.0,8.0,40.0,8.0,8.0,2025-06-19,2025-07-04
304071,11,88.0,8.0,40.0,8.0,8.0,2025-04-21,2025-06-27
409306,11,88.0,8.0,40.0,8.0,8.0,2025-04-21,2025-07-07
503380-109194,11,88.0,8.0,40.0,8.0,8.0,2025-05-08,2025-06-26
505259,11,88.0,8.0,40.0,8.0,8.0,2025-05-27,2025-07-09
502187,11,88.0,8.0,40.0,8.0,8.0,2025-06-05,2025-06-20
411083,12,88.0,7.33,36.67,4.0,8.0,2025-04-18,2025-07-03
507172,13,87.83,6.76,33.78,4.0,8.25,2025-04-19,2025-05-26
508249,7,87.69,12.53,62.64,12.4,12.72,2025-09-15,2025-10-14
14798,7,87.67,12.52,62.62,12.5,12.67,2025-09-15,2025-10-10
200058,11,87.66,7.97,39.85,0.07,12.5,2025-04-26,2025-07-05
507833,7,87.62,12.52,62.59,12.5,12.62,2025-09-16,2025-10-09
05163,7,87.52,12.5,62.51,12.5,12.52,2025-09-19,2025-10-09
503884,10,87.52,8.75,43.76,8.5,8.88,2025-09-15,2025-09-26
522267,7,87.5,12.5,62.5,12.5,12.5,2025-09-27,2025-10-11
508526,7,87.5,12.5,62.5,12.5,12.5,2025-09-25,2025-10-15
62877,7,87.5,12.5,62.5,12.5,12.5,2025-09-25,2025-10-11
506735,7,87.46,12.49,62.47,12.38,12.58,2025-09-15,2025-10-09
500844,9,87.44,9.72,48.58,2.0,11.37,2025-07-04,2025-09-26
09696,14,87.43,6.24,31.22,4.0,12.5,2025-09-17,2025-10-15
510503,7,87.42,12.49,62.44,12.42,12.55,2025-09-19,2025-10-11
23937,10,87.4,8.74,43.7,8.5,10.5,2025-09-15,2025-10-14
503362,13,87.33,6.72,33.59,1.78,9.3,2025-05-13,2025-06-24
13209,9,87.29,9.7,48.49,4.0,12.52,2025-09-14,2025-10-04
503559,11,87.2,7.93,39.64,6.0,8.63,2025-04-23,2025-10-16
14147,9,87.12,9.68,48.4,4.0,12.62,2025-09-16,2025-10-11
510476,7,87.12,12.45,62.23,12.35,12.5,2025-09-16,2025-10-03
507211,10,87.07,8.71,43.54,8.5,8.98,2025-09-15,2025-09-26
505109,9,87.04,9.67,48.36,3.0,12.62,2025-04-18,2025-05-01
14311,9,87.03,9.67,48.35,4.0,12.53,2025-09-14,2025-10-05
14339,13,87.03,6.69,33.47,1.57,7.58,2025-09-15,2025-10-16
422536,11,87.0,7.91,39.55,7.0,8.0,2025-04-25,2025-07-03
505302,8,86.99,10.87,54.37,1.8,12.63,2025-04-22,2025-05-08
07453,7,86.95,12.42,62.11,12.07,12.53,2025-09-15,2025-10-08
507539,10,86.79,8.68,43.39,8.5,8.9,2025-09-15,2025-09-26
416697,11,86.76,7.89,39.44,5.58,8.67,2025-05-03,2025-07-07
12693,7,86.61,12.37,61.86,11.95,12.57,2025-09-16,2025-10-02
202256,12,86.58,7.22,36.08,4.0,8.0,2025-04-18,2025-06-20
408216,11,86.49,7.86,39.31,2.05,8.55,2025-05-12,2025-09-18
413070,9,86.44,9.6,48.02,4.0,12.77,2025-06-23,2025-09-30
510413,10,86.38,8.64,43.19,8.0,9.57,2025-09-15,2025-09-26
507543,10,86.36,8.64,43.18,8.5,8.8,2025-09-15,2025-09-26
501784,10,86.32,8.63,43.16,8.5,9.47,2025-09-15,2025-09-26
506527,10,86.27,8.63,43.13,8.2,8.98,2025-09-15,2025-09-26
743500,11,86.21,7.84,39.19,4.7,8.77,2025-09-14,2025-09-26
409952,7,86.07,12.3,61.48,11.07,13.48,2025-04-19,2025-04-28
406134,7,85.98,12.28,61.41,11.0,13.28,2025-04-18,2025-06-27
507288,12,85.98,7.17,35.83,4.0,12.85,2025-04-20,2025-05-08
11682,7,85.95,12.28,61.39,11.28,12.5,2025-09-19,2025-10-06
418434,10,85.93,8.59,42.97,8.33,9.42,2025-04-18,2025-09-26
420321,7,85.89,12.27,61.35,12.03,12.5,2025-05-15,2025-10-10
415671,12,85.83,7.15,35.76,3.0,8.68,2025-04-27,2025-10-01
507478,10,85.75,8.58,42.88,8.5,8.68,2025-09-15,2025-09-26
503251,11,85.69,7.79,38.95,4.85,12.1,2025-04-22,2025-06-24
101006,10,85.64,8.56,42.82,8.4,8.77,2025-04-23,2025-09-24
102328,7,85.59,12.23,61.14,8.72,13.7,2025-04-21,2025-06-08
507277,10,85.59,8.56,42.79,8.45,8.7,2025-09-15,2025-09-26
507925,10,85.58,8.56,42.79,8.45,8.72,2025-09-15,2025-09-26
105466,14,85.58,6.11,30.56,5.88,6.57,2025-04-19,2025-09-21
06025,17,85.43,5.03,25.13,4.92,5.18,2025-09-17,2025-10-10
03575,10,85.39,8.54,42.7,8.43,8.98,2025-09-15,2025-10-03
09163,10,85.37,8.54,42.69,8.5,8.6,2025-09-15,2025-09-25
504241,10,85.36,8.54,42.68,8.5,8.62,2025-09-14,2025-09-26
13514,9,85.34,9.48,47.41,8.5,11.0,2025-09-15,2025-09-26
05397,10,85.32,8.53,42.66,8.47,8.65,2025-09-15,2025-09-26
516715,10,85.3,8.53,42.65,8.43,8.62,2025-09-15,2025-09-26
13482,10,85.27,8.53,42.64,8.5,8.6,2025-09-14,2025-10-12
504166,9,85.25,9.47,47.36,4.5,20.5,2025-09-14,2025-10-10
500541,10,85.22,8.52,42.61,8.22,9.02,2025-09-15,2025-10-13
12746,10,85.21,8.52,42.61,8.4,8.68,2025-09-15,2025-09-26
13590,10,85.17,8.52,42.58,8.35,8.68,2025-09-15,2025-10-16
506205,10,85.09,8.51,42.55,8.35,8.63,2025-09-15,2025-09-26
506235,10,85.07,8.51,42.54,8.48,8.57,2025-09-17,2025-10-03
501369,10,85.03,8.5,42.52,8.48,8.55,2025-09-14,2025-10-13
503720,10,85.02,8.5,42.51,8.18,8.72,2025-04-28,2025-06-24
101381,12,85.01,7.08,35.42,1.0,10.43,2025-04-20,2025-10-11
504206,10,85.0,8.5,42.5,8.5,8.5,2025-04-28,2025-05-09
412596,11,85.0,7.73,38.64,4.0,8.5,2025-04-21,2025-09-05
508445,10,85.0,8.5,42.5,8.5,8.5,2025-09-15,2025-09-26
504374,10,85.0,8.5,42.5,8.5,8.5,2025-09-15,2025-09-26
508471,10,85.0,8.5,42.5,8.5,8.5,2025-09-15,2025-09-26
505353,10,85.0,8.5,42.5,8.5,8.5,2025-09-25,2025-10-16
507748,10,85.0,8.5,42.5,8.5,8.5,2025-09-15,2025-09-26
100972,10,84.96,8.5,42.48,7.38,9.05,2025-04-21,2025-05-23
506736,10,84.92,8.49,42.46,8.35,8.65,2025-09-16,2025-10-04
12337,10,84.88,8.49,42.44,8.38,8.5,2025-09-14,2025-10-16
06365,9,84.78,9.42,47.1,8.55,10.5,2025-09-17,2025-10-10
05797,8,84.75,10.59,52.97,10.5,10.9,2025-09-16,2025-10-08
04477,8,84.68,10.58,52.93,6.83,15.13,2025-09-15,2025-10-04
13722,10,84.52,8.45,42.26,8.3,8.5,2025-09-19,2025-10-13
11694,10,84.44,8.44,42.22,8.32,8.5,2025-09-15,2025-10-07
508324,7,84.34,12.05,60.24,8.5,12.9,2025-09-15,2025-10-06
501210,7,84.32,12.05,60.23,8.5,12.88,2025-09-15,2025-10-06
506827,11,84.23,7.66,38.29,3.45,9.5,2025-09-14,2025-09-24
84616,12,84.18,7.02,35.08,4.0,8.6,2025-09-21,2025-10-09
11626,8,84.17,10.52,52.61,10.5,10.65,2025-09-16,2025-10-15
11371,9,84.09,9.34,46.72,4.0,13.68,2025-09-18,2025-10-06
02567,8,84.0,10.5,52.5,10.5,10.5,2025-09-28,2025-10-13
12013,8,84.0,10.5,52.5,10.5,10.5,2025-09-16,2025-09-26
336507,11,84.0,7.64,38.18,4.0,8.0,2025-05-19,2025-06-27
012475,12,84.0,7.0,35.0,4.0,8.0,2025-04-23,2025-08-20
420194,7,84.0,12.0,60.0,12.0,12.0,2025-04-29,2025-07-02
500758,12,84.0,7.0,35.0,4.0,8.0,2025-05-12,2025-07-11
11095,8,84.0,10.5,52.5,10.5,10.5,2025-09-24,2025-10-03
507870,8,84.0,10.5,52.5,10.5,10.5,2025-09-15,2025-09-25
203364,10,83.86,8.39,41.93,7.05,8.65,2025-04-29,2025-09-22
13463,10,83.82,8.38,41.91,8.2,8.5,2025-09-15,2025-10-05
10854,7,83.63,11.95,59.74,8.53,12.65,2025-09-14,2025-10-05
08193,9,83.59,9.29,46.44,3.95,12.5,2025-09-15,2025-10-07
506004,9,83.55,9.28,46.42,1.0,12.43,2025-04-25,2025-10-05
500380,9,83.51,9.28,46.39,8.5,9.83,2025-09-15,2025-09-25
13940,7,83.4,11.91,59.57,4.0,16.18,2025-09-14,2025-09-29
510297,10,83.22,8.32,41.61,7.77,8.78,2025-07-07,2025-09-24
507236,10,83.16,8.32,41.58,5.17,9.0,2025-09-15,2025-09-26
507226,10,83.13,8.31,41.57,4.28,9.62,2025-09-15,2025-09-26
419227,14,83.09,5.94,29.68,3.13,8.38,2025-04-18,2025-09-24
05161,10,83.05,8.31,41.53,4.95,9.32,2025-09-17,2025-10-15
500666,8,83.02,10.38,51.89,3.0,12.68,2025-09-15,2025-09-30
505399,13,82.83,6.37,31.86,1.23,10.63,2025-04-18,2025-09-14
510328,8,82.65,10.33,51.66,8.5,12.35,2025-06-30,2025-10-11
507679,11,82.61,7.51,37.55,3.0,8.52,2025-04-19,2025-05-06
05553,8,82.55,10.32,51.59,4.25,11.98,2025-09-16,2025-09-24
507122,10,82.46,8.25,41.23,7.35,10.58,2025-04-23,2025-09-30
510415,9,82.46,9.16,45.81,8.33,13.5,2025-09-14,2025-09-26
504111,13,82.22,6.32,31.62,5.72,6.7,2025-09-14,2025-10-12
507189,8,82.22,10.28,51.39,8.0,12.6,2025-04-22,2025-07-07
115034,11,82.05,7.46,37.3,3.0,9.0,2025-04-29,2025-09-30
104887,10,82.0,8.2,41.0,8.0,8.5,2025-05-12,2025-10-15
507030,10,82.0,8.2,41.0,7.62,8.45,2025-04-19,2025-05-13
417724,8,81.88,10.24,51.18,8.0,12.55,2025-05-25,2025-10-06
14629,12,81.71,6.81,34.05,4.33,8.53,2025-09-17,2025-10-11
507205,10,81.7,8.17,40.85,7.82,8.57,2025-04-19,2025-06-18
506255,10,81.6,8.16,40.8,2.42,12.0,2025-04-18,2025-05-04
07440,10,81.5,8.15,40.75,5.0,8.5,2025-10-01,2025-10-16
503039,8,81.3,10.16,50.81,8.5,10.62,2025-04-18,2025-06-06
504841,9,81.21,9.02,45.12,8.05,12.5,2025-05-11,2025-07-04
507214,10,81.02,8.1,40.51,5.52,8.5,2025-09-15,2025-09-26
422042,8,81.0,10.13,50.63,5.0,14.0,2025-05-26,2025-07-31
418281,9,80.85,8.98,44.92,1.18,19.48,2025-06-01,2025-09-21
12120,10,80.8,8.08,40.4,4.5,8.57,2025-09-16,2025-10-14
15085,10,80.71,8.07,40.36,4.47,8.5,2025-09-15,2025-10-02
508592,11,80.7,7.34,36.68,4.17,9.28,2025-06-30,2025-09-24
500730,10,80.42,8.04,40.21,4.5,8.52,2025-09-14,2025-10-03
412620,10,80.4,8.04,40.2,4.28,8.95,2025-05-28,2025-09-24
508639,9,80.32,8.92,44.62,6.5,10.02,2025-09-15,2025-09-26
15177,7,80.32,11.47,57.37,8.5,13.12,2025-09-15,2025-10-04
03591,10,80.23,8.02,40.11,6.42,8.65,2025-09-16,2025-10-14
505887,10,80.06,8.01,40.03,6.02,10.0,2025-09-15,2025-09-26
505011,7,80.04,11.43,57.17,9.0,12.5,2025-05-31,2025-10-11
506271,9,80.03,8.89,44.46,8.0,16.0,2025-09-14,2025-10-12
501801,10,80.0,8.0,40.0,8.0,8.0,2025-06-09,2025-06-20
506393,10,80.0,8.0,40.0,8.0,8.0,2025-04-30,2025-06-27
416247,8,80.0,10.0,50.0,10.0,10.0,2025-05-19,2025-07-03
336715,10,80.0,8.0,40.0,8.0,8.0,2025-05-28,2025-06-12
417207,10,80.0,8.0,40.0,8.0,8.0,2025-04-21,2025-06-10
418222,10,80.0,8.0,40.0,8.0,8.0,2025-06-20,2025-07-03
302911,10,80.0,8.0,40.0,8.0,8.0,2025-04-24,2025-06-11
200390,10,80.0,8.0,40.0,8.0,8.0,2025-04-23,2025-06-20
336664,10,80.0,8.0,40.0,8.0,8.0,2025-04-21,2025-06-24
411357,10,80.0,8.0,40.0,8.0,8.0,2025-04-28,2025-06-06
504947,10,80.0,8.0,40.0,8.0,8.0,2025-05-14,2025-06-27
336518,10,80.0,8.0,40.0,8.0,8.0,2025-04-18,2025-07-18
417745,10,80.0,8.0,40.0,8.0,8.0,2025-05-05,2025-06-27
304218,10,80.0,8.0,40.0,8.0,8.0,2025-04-18,2025-05-30
506391,10,80.0,8.0,40.0,8.0,8.0,2025-04-28,2025-06-06
417800-109192,10,80.0,8.0,40.0,8.0,8.0,2025-04-18,2025-06-27
408814,10,80.0,8.0,40.0,8.0,8.0,2025-05-26,2025-09-19
504883,8,80.0,10.0,50.0,10.0,10.0,2025-05-02,2025-06-20
102008,10,80.0,8.0,40.0,8.0,8.0,2025-04-21,2025-05-02
336631,10,80.0,8.0,40.0,8.0,8.0,2025-05-06,2025-07-03
14986,10,80.0,8.0,40.0,8.0,8.0,2025-04-29,2025-07-15
422619,11,80.0,7.27,36.36,4.0,8.0,2025-05-12,2025-07-11
101231,10,80.0,8.0,40.0,8.0,8.0,2025-09-15,2025-09-26
416015,10,80.0,8.0,40.0,8.0,8.0,2025-05-01,2025-06-06
508205,10,80.0,8.0,40.0,8.0,8.0,2025-09-15,2025-09-27
506398,10,80.0,8.0,40.0,8.0,8.0,2025-04-23,2025-07-14
114279,10,80.0,8.0,40.0,8.0,8.0,2025-04-18,2025-07-07
419466,10,80.0,8.0,40.0,8.0,8.0,2025-06-09,2025-06-20
502049,10,80.0,8.0,40.0,8.0,8.0,2025-04-21,2025-06-25
101480,10,80.0,8.0,40.0,8.0,8.0,2025-05-09,2025-06-30
304093,10,80.0,8.0,40.0,8.0,8.0,2025-04-25,2025-06-12
102299,10,80.0,8.0,40.0,8.0,8.0,2025-04-24,2025-07-11
102896,10,80.0,8.0,40.0,8.0,8.0,2025-09-15,2025-09-26
1889-109185,10,80.0,8.0,40.0,8.0,8.0,2025-04-22,2025-06-11
304103,10,80.0,8.0,40.0,8.0,8.0,2025-05-15,2025-07-11
418310,10,80.0,8.0,40.0,8.0,8.0,2025-05-15,2025-07-14
89904,10,80.0,8.0,40.0,8.0,8.0,2025-04-21,2025-07-03
501630,10,80.0,8.0,40.0,8.0,8.0,2025-06-23,2025-07-04
105225,10,80.0,8.0,40.0,8.0,8.0,2025-04-30,2025-06-05
336539,10,80.0,8.0,40.0,8.0,8.0,2025-04-25,2025-07-18
502225,10,80.0,8.0,40.0,8.0,8.0,2025-06-16,2025-06-27
505327,10,80.0,8.0,40.0,8.0,8.0,2025-05-30,2025-07-29
516703,8,79.97,10.0,49.98,8.03,11.0,2025-09-15,2025-09-26
15084,8,79.95,9.99,49.97,8.07,12.5,2025-09-18,2025-10-02
505152,7,79.84,11.41,57.03,4.0,12.97,2025-09-15,2025-09-24
504827,10,79.81,7.98,39.91,2.67,8.62,2025-09-15,2025-09-26
12259,10,79.79,7.98,39.89,2.0,9.0,2025-09-15,2025-10-04
500514,11,79.62,7.24,36.19,3.0,13.05,2025-04-18,2025-05-05
14471,9,79.57,8.84,44.21,3.93,15.95,2025-04-19,2025-06-01
508508,7,79.34,11.33,56.67,4.0,12.62,2025-09-16,2025-09-24
04230,9,79.32,8.81,44.07,4.0,13.18,2025-09-14,2025-10-03
504290,7,79.3,11.33,56.64,4.95,14.03,2025-09-14,2025-09-25
104624,14,79.29,5.66,28.32,1.0,12.23,2025-04-18,2025-06-16
104516-110253,10,79.22,7.92,39.61,7.67,8.27,2025-04-21,2025-06-30
422200,7,79.19,11.31,56.56,4.0,12.8,2025-09-15,2025-09-24
502478,10,79.14,7.91,39.57,2.0,9.0,2025-09-14,2025-10-02
522067,7,79.14,11.31,56.53,7.68,12.78,2025-09-15,2025-10-12
08288,8,79.12,9.89,49.45,4.0,12.6,2025-09-17,2025-10-02
421182,11,79.05,7.19,35.93,1.75,9.3,2025-07-07,2025-10-13
105206,17,79.03,4.65,23.24,3.95,10.42,2025-04-20,2025-10-12
101656-418941,11,78.88,7.17,35.85,4.92,8.73,2025-04-18,2025-07-07
504800,9,78.59,8.73,43.66,8.45,10.5,2025-09-14,2025-09-26
415531,12,78.59,6.55,32.75,3.87,8.0,2025-04-24,2025-06-25
516710,10,78.59,7.86,39.3,3.0,8.53,2025-09-15,2025-09-26
12168,7,78.58,11.23,56.13,6.45,13.37,2025-09-14,2025-09-25
504539,10,78.5,7.85,39.25,4.0,8.5,2025-05-16,2025-09-12
508061,9,78.48,8.72,43.6,8.5,9.73,2025-09-14,2025-09-27
501906,9,78.28,8.7,43.49,8.5,9.07,2025-04-18,2025-09-24
101896,7,78.26,11.18,55.9,9.48,13.43,2025-09-15,2025-09-24
14759,7,78.13,11.16,55.81,2.0,13.33,2025-09-14,2025-10-01
04982,9,77.88,8.65,43.27,8.5,9.35,2025-09-15,2025-09-26
11623,8,77.85,9.73,48.66,9.5,10.18,2025-09-15,2025-09-26
504192,8,77.84,9.73,48.65,7.47,12.23,2025-04-19,2025-07-05
63248,6,77.72,12.95,64.77,12.5,15.0,2025-09-14,2025-10-04
116494,9,77.67,8.63,43.15,8.48,9.38,2025-04-27,2025-09-21
02668,9,77.65,8.63,43.14,7.88,9.65,2025-09-16,2025-10-14
414803,7,77.59,11.08,55.42,6.0,12.9,2025-04-26,2025-09-16
201488,9,77.36,8.6,42.98,8.0,9.63,2025-05-01,2025-07-03
506314,10,77.35,7.73,38.68,3.0,8.53,2025-04-18,2025-05-02
08976,10,77.35,7.73,38.68,1.5,12.52,2025-09-14,2025-10-08
01610,9,77.34,8.59,42.97,8.43,9.18,2025-09-15,2025-10-02
506251,9,77.33,8.59,42.96,8.5,8.68,2025-09-15,2025-09-26
506722,9,77.32,8.59,42.96,8.5,8.73,2025-09-14,2025-09-25
105006,7,77.27,11.04,55.19,4.6,12.67,2025-04-19,2025-05-10
10144,9,77.2,8.58,42.89,8.5,8.7,2025-09-14,2025-09-27
104851,9,77.04,8.56,42.8,8.0,9.35,2025-04-27,2025-09-28
412723,7,77.0,11.0,55.0,8.4,16.93,2025-05-01,2025-07-07
64600,9,76.87,8.54,42.71,8.5,8.87,2025-09-23,2025-10-10
508237,7,76.83,10.98,54.88,8.0,12.43,2025-09-16,2025-09-24
14966,9,76.83,8.54,42.68,8.0,8.87,2025-09-15,2025-09-26
10248,9,76.74,8.53,42.63,8.5,8.57,2025-09-15,2025-09-26
06265,6,76.65,12.78,63.88,12.5,13.1,2025-09-15,2025-09-26
14254,9,76.53,8.5,42.52,8.28,8.75,2025-09-18,2025-10-02
80796,9,76.52,8.5,42.51,8.47,8.55,2025-09-14,2025-10-12
02439,9,76.5,8.5,42.5,8.5,8.5,2025-10-06,2025-10-16
503520,9,76.5,8.5,42.5,8.5,8.5,2025-10-06,2025-10-16
13870,9,76.5,8.5,42.5,8.3,8.73,2025-09-15,2025-09-26
507240,9,76.5,8.5,42.5,8.5,8.5,2025-09-14,2025-10-12
102524-1025241,13,76.5,5.88,29.42,5.0,10.5,2025-04-18,2025-07-03
504510,9,76.4,8.49,42.44,8.4,8.65,2025-04-23,2025-06-22
11807,6,76.33,12.72,63.61,12.5,13.13,2025-09-16,2025-10-13
12507,9,76.3,8.48,42.39,4.42,12.5,2025-09-15,2025-10-11
76398,9,76.21,8.47,42.34,8.33,8.52,2025-09-16,2025-10-04
503982,11,76.18,6.93,34.63,3.4,8.0,2025-04-30,2025-07-02
10209,7,76.14,10.88,54.39,5.02,12.5,2025-09-20,2025-10-10
03460,9,76.08,8.45,42.27,8.03,8.53,2025-09-16,2025-09-26
502533,8,76.05,9.51,47.53,8.37,12.68,2025-04-21,2025-07-02
514673,6,76.03,12.67,63.36,12.5,13.25,2025-09-18,2025-10-04
500477,6,76.02,12.67,63.35,12.5,13.42,2025-09-16,2025-10-01
102117,10,76.0,7.6,38.0,4.5,12.5,2025-09-16,2025-10-05
506524,8,76.0,9.5,47.5,8.5,12.5,2025-09-15,2025-10-03
419335,10,76.0,7.6,38.0,4.0,8.0,2025-05-22,2025-07-21
103066,10,76.0,7.6,38.0,4.0,8.0,2025-04-25,2025-07-03
05312,53,76.0,1.43,7.17,1.0,3.0,2025-04-18,2025-07-03
101807,14,75.99,5.43,27.14,1.0,9.52,2025-04-28,2025-10-12
11934,6,75.96,12.66,63.3,12.5,13.08,2025-09-14,2025-10-01
04742,10,75.79,7.58,37.89,0.02,9.58,2025-09-13,2025-09-26
14234,6,75.45,12.58,62.88,12.5,12.82,2025-09-18,2025-10-16
500729,7,75.45,10.78,53.89,5.18,12.62,2025-09-14,2025-10-02
11574,6,75.42,12.57,62.85,12.5,12.77,2025-09-14,2025-10-02
502802,9,75.42,8.38,41.9,6.52,9.63,2025-09-15,2025-09-26
11825,6,75.42,12.57,62.85,12.5,12.75,2025-09-15,2025-10-02
507132,7,75.36,10.77,53.83,4.53,12.63,2025-09-15,2025-09-24
09980,6,75.33,12.55,62.77,12.18,12.95,2025-09-15,2025-09-27
510458,6,75.32,12.55,62.77,12.5,12.77,2025-09-20,2025-10-04
203046,7,75.31,10.76,53.79,10.17,12.62,2025-04-18,2025-10-03
15176,9,75.29,8.37,41.83,8.12,8.5,2025-09-14,2025-10-04
510369,9,75.26,8.36,41.81,8.1,8.52,2025-09-14,2025-09-24
11283,6,75.25,12.54,62.71,12.5,12.65,2025-09-18,2025-10-03
13992,6,75.22,12.54,62.68,12.5,12.65,2025-09-19,2025-10-04
02421,6,75.21,12.54,62.68,12.48,12.73,2025-09-14,2025-10-04
102292-101128,9,75.19,8.35,41.77,1.0,20.53,2025-04-21,2025-06-26
72058,9,75.19,8.35,41.77,6.5,8.88,2025-09-17,2025-10-15
504433,10,75.15,7.52,37.58,3.65,8.52,2025-04-21,2025-09-17
418681,6,75.12,12.52,62.6,12.38,12.8,2025-05-24,2025-07-02
08463,6,75.12,12.52,62.6,12.47,12.65,2025-09-18,2025-10-03
503765,10,75.08,7.51,37.54,5.13,8.43,2025-04-19,2025-10-16
06458,7,75.02,10.72,53.59,0.3,12.5,2025-09-14,2025-09-25
510579,6,75.0,12.5,62.5,12.5,12.5,2025-09-28,2025-10-11
510580,6,75.0,12.5,62.5,12.5,12.5,2025-09-29,2025-10-11
10910,6,74.98,12.5,62.48,12.3,12.77,2025-09-14,2025-09-25
507322,6,74.95,12.49,62.46,12.4,12.55,2025-09-14,2025-10-02
506941,6,74.9,12.48,62.42,12.42,12.5,2025-09-15,2025-10-09
400953,10,74.85,7.49,37.43,5.88,8.5,2025-04-20,2025-09-14
422403,10,74.81,7.48,37.41,4.5,8.5,2025-04-22,2025-09-25
500996,9,74.81,8.31,41.56,7.43,8.6,2025-04-26,2025-06-08
508634,6,74.8,12.47,62.33,12.22,12.75,2025-09-15,2025-10-14
10725,6,74.78,12.46,62.32,12.38,12.52,2025-09-15,2025-10-04
102476,16,74.73,4.67,23.35,1.0,8.48,2025-04-25,2025-09-16
06547,7,74.71,10.67,53.36,0.5,12.7,2025-09-14,2025-09-26
503820,8,74.66,9.33,46.66,7.97,12.53,2025-05-20,2025-06-15
507894,9,74.65,8.29,41.47,7.93,8.78,2025-09-15,2025-09-30
417759,9,74.64,8.29,41.47,5.77,9.07,2025-04-18,2025-04-30
503359,6,74.64,12.44,62.2,12.22,12.67,2025-09-14,2025-10-04
02725,9,74.5,8.28,41.39,8.0,8.5,2025-09-15,2025-09-26
101304,37,74.5,2.01,10.07,1.5,4.5,2025-04-28,2025-09-17
06883,8,74.5,9.31,46.56,4.0,12.5,2025-09-15,2025-10-13
05415,6,74.48,12.41,62.07,11.18,12.85,2025-09-17,2025-09-24
101305,10,74.43,7.44,37.22,4.75,8.75,2025-06-14,2025-10-16
04174,9,74.43,8.27,41.35,7.0,8.8,2025-09-16,2025-10-09
07724,14,74.39,5.31,26.57,5.0,6.85,2025-09-15,2025-10-15
419226,9,74.35,8.26,41.31,7.92,8.38,2025-04-22,2025-07-01
12308,8,74.22,9.28,46.39,7.3,12.5,2025-09-15,2025-10-03
507519,9,74.17,8.24,41.21,6.57,8.62,2025-09-15,2025-09-26
14990,6,74.13,12.35,61.77,12.03,12.5,2025-09-18,2025-10-04
07715,9,74.08,8.23,41.16,6.27,8.93,2025-09-15,2025-09-26
507358,9,74.06,8.23,41.14,7.37,8.85,2025-04-21,2025-09-22
101098,7,74.0,10.57,52.86,10.5,11.0,2025-04-22,2025-06-30
419029,8,74.0,9.25,46.25,4.0,10.0,2025-05-08,2025-06-17
510624,9,74.0,8.22,41.11,8.0,8.5,2025-09-15,2025-09-26
13281,10,74.0,7.4,37.0,4.0,12.5,2025-09-15,2025-10-05
06635,7,73.94,10.56,52.81,3.43,12.97,2025-09-14,2025-09-23
505336,6,73.75,12.29,61.46,11.82,12.52,2025-04-21,2025-04-30
507074,8,73.68,9.21,46.05,8.43,14.22,2025-04-26,2025-09-27
14061,9,73.57,8.17,40.87,8.0,8.37,2025-09-16,2025-09-25
07960,9,73.57,8.17,40.87,5.0,8.72,2025-09-15,2025-10-13
15453,6,73.5,12.25,61.25,12.0,12.5,2025-10-06,2025-10-16
401222-103210,7,73.5,10.5,52.5,6.0,14.5,2025-04-18,2025-06-25
501489,8,73.5,9.19,45.94,7.43,12.5,2025-09-14,2025-10-15
201419-201419,9,73.45,8.16,40.81,4.0,10.0,2025-04-23,2025-06-25
507223,8,73.39,9.17,45.87,6.5,10.07,2025-09-15,2025-09-24
413310,16,73.39,4.59,22.93,0.65,11.17,2025-04-18,2025-07-02
505544,6,73.35,12.23,61.13,12.0,12.65,2025-09-19,2025-10-04
01940,7,73.31,10.47,52.36,10.38,10.55,2025-09-14,2025-09-26
421418,31,73.14,2.36,11.8,0.38,4.98,2025-04-18,2025-09-24
507210,9,73.12,8.12,40.62,4.3,8.75,2025-09-15,2025-09-26
104796,10,72.94,7.29,36.47,1.0,8.67,2025-05-10,2025-10-05
202713,9,72.9,8.1,40.5,7.58,8.4,2025-04-21,2025-09-23
500880,9,72.86,8.1,40.48,6.82,8.93,2025-04-18,2025-10-09
506674,9,72.86,8.1,40.48,7.5,12.27,2025-09-14,2025-09-26
504117,7,72.7,10.39,51.93,8.85,12.87,2025-04-23,2025-09-18
14693,9,72.63,8.07,40.35,2.98,9.35,2025-09-15,2025-09-26
510279,7,72.52,10.36,51.8,8.5,10.97,2025-07-07,2025-09-26
06852,8,72.38,9.05,45.24,4.0,17.0,2025-09-15,2025-09-24
402728,7,72.25,10.32,51.61,4.52,12.5,2025-04-25,2025-09-27
510319,8,72.2,9.03,45.13,6.12,13.58,2025-09-14,2025-09-23
412822,17,72.2,4.25,21.24,4.02,5.27,2025-04-18,2025-10-10
15205,9,72.2,8.02,40.11,6.5,14.5,2025-09-15,2025-10-16
507222,8,72.16,9.02,45.1,2.03,11.25,2025-09-15,2025-09-24
505303,10,72.09,7.21,36.05,4.18,9.3,2025-04-18,2025-05-15
416016-108444,12,72.03,6.0,30.01,0.53,7.53,2025-04-20,2025-06-20
508327,6,72.02,12.0,60.02,8.47,12.83,2025-09-14,2025-09-24
507946,9,72.01,8.0,40.01,4.0,9.28,2025-09-14,2025-09-27
334838,9,72.0,8.0,40.0,8.0,8.0,2025-04-21,2025-06-24
421268,9,72.0,8.0,40.0,8.0,8.0,2025-05-05,2025-06-20
504471,9,72.0,8.0,40.0,8.0,8.0,2025-04-18,2025-08-08
415400,9,72.0,8.0,40.0,8.0,8.0,2025-04-23,2025-07-07
419961,9,72.0,8.0,40.0,8.0,8.0,2025-05-12,2025-06-12
506317,9,72.0,8.0,40.0,8.0,8.0,2025-04-21,2025-06-27
510289,8,72.0,9.0,45.0,8.5,12.5,2025-06-30,2025-10-05
502536,12,72.0,6.0,30.0,4.0,8.0,2025-05-13,2025-08-08
101741,9,72.0,8.0,40.0,8.0,8.0,2025-04-21,2025-06-20
503119,9,72.0,8.0,40.0,8.0,8.0,2025-04-21,2025-06-27
503751,9,72.0,8.0,40.0,8.0,8.0,2025-04-25,2025-07-03
504853,9,72.0,8.0,40.0,8.0,8.0,2025-05-05,2025-07-07
336628,9,72.0,8.0,40.0,8.0,8.0,2025-05-06,2025-05-16
102022,9,72.0,8.0,40.0,8.0,8.0,2025-05-23,2025-07-18
336501,9,72.0,8.0,40.0,8.0,8.0,2025-05-09,2025-07-11
502769,11,72.0,6.55,32.73,4.0,8.0,2025-04-23,2025-07-02
407919,9,72.0,8.0,40.0,8.0,8.0,2025-04-21,2025-06-20
408451,9,72.0,8.0,40.0,8.0,8.0,2025-05-09,2025-07-03
418337,9,72.0,8.0,40.0,8.0,8.0,2025-04-24,2025-06-20
105534,10,72.0,7.2,36.0,4.0,8.0,2025-06-23,2025-07-04
336647,9,72.0,8.0,40.0,8.0,8.0,2025-05-09,2025-06-18
421997,9,72.0,8.0,40.0,8.0,8.0,2025-04-18,2025-07-07
405160,9,72.0,8.0,40.0,8.0,8.0,2025-04-18,2025-08-01
502905,9,72.0,8.0,40.0,8.0,8.0,2025-05-08,2025-07-03
113157,9,72.0,8.0,40.0,8.0,8.0,2025-04-18,2025-06-27
336595,9,72.0,8.0,40.0,8.0,8.0,2025-04-25,2025-07-10
417930,9,72.0,8.0,40.0,8.0,8.0,2025-04-21,2025-06-27
418848,9,72.0,8.0,40.0,8.0,8.0,2025-05-09,2025-06-06
415703,9,72.0,8.0,40.0,8.0,8.0,2025-05-05,2025-07-03
418845,8,72.0,9.0,45.0,4.0,14.0,2025-05-15,2025-07-31
508310,9,72.0,8.0,40.0,8.0,8.0,2025-05-27,2025-06-06
334111,9,72.0,8.0,40.0,8.0,8.0,2025-04-29,2025-06-12
411081,9,72.0,8.0,40.0,8.0,8.0,2025-04-25,2025-06-20
304184,9,72.0,8.0,40.0,8.0,8.0,2025-04-18,2025-07-03
402856,9,72.0,8.0,40.0,8.0,8.0,2025-04-28,2025-06-30
10486,8,71.98,9.0,44.99,2.0,12.6,2025-09-14,2025-09-26
02275,6,71.98,12.0,59.98,11.98,12.0,2025-09-17,2025-10-15
02176,7,71.96,10.28,51.4,7.47,16.6,2025-09-15,2025-09-24
335317,6,71.91,11.99,59.93,7.0,16.97,2025-07-04,2025-07-07
07654,7,71.83,10.26,51.31,8.5,12.83,2025-09-14,2025-09-24
504922,6,71.67,11.94,59.72,8.5,12.75,2025-09-15,2025-10-04
14837,7,71.5,10.21,51.07,8.5,12.5,2025-09-25,2025-10-03
510588,6,71.33,11.89,59.44,8.5,12.75,2025-09-15,2025-09-26
11544,7,71.31,10.19,50.94,6.0,13.18,2025-09-14,2025-10-09
503786,6,71.0,11.83,59.17,8.5,12.5,2025-09-26,2025-10-16
104489,8,71.0,8.88,44.38,7.75,9.25,2025-04-21,2025-08-01
503745,11,70.92,6.45,32.24,5.07,8.63,2025-05-09,2025-06-29
411971,9,70.68,7.85,39.27,5.1,9.58,2025-05-01,2025-09-19
500966,10,70.61,7.06,35.31,1.0,12.0,2025-04-21,2025-09-18
06256,6,70.35,11.73,58.63,8.0,13.07,2025-09-17,2025-10-15
12106,9,70.31,7.81,39.06,2.2,8.65,2025-09-15,2025-09-26
510593,8,70.24,8.78,43.9,8.57,9.38,2025-09-15,2025-09-24
10403,10,70.18,7.02,35.09,3.63,8.67,2025-09-15,2025-10-07
505895,13,70.11,5.39,26.97,4.83,6.48,2025-04-28,2025-10-08
507231,8,70.1,8.76,43.81,8.47,9.5,2025-09-15,2025-09-24
102040,10,70.0,7.0,35.0,3.0,8.0,2025-04-25,2025-07-03
413329,7,70.0,10.0,50.0,10.0,10.0,2025-04-21,2025-05-29
09891,7,69.99,10.0,49.99,8.42,12.27,2025-09-15,2025-10-04
502279,12,69.97,5.83,29.15,1.0,8.5,2025-04-18,2025-07-07
421316,8,69.8,8.73,43.63,8.5,8.9,2025-05-05,2025-07-07
09130,7,69.64,9.95,49.74,0.5,12.5,2025-09-16,2025-09-27
05549,8,69.5,8.69,43.44,8.48,10.0,2025-09-15,2025-09-25
15044,6,69.38,11.56,57.82,5.33,13.1,2025-09-16,2025-09-25
503180,13,69.29,5.33,26.65,3.87,8.05,2025-04-23,2025-09-24
02146,8,69.19,8.65,43.24,8.58,8.77,2025-09-15,2025-09-24
510425,8,69.08,8.64,43.18,8.38,9.1,2025-09-15,2025-09-26
506714,6,69.07,11.51,57.56,6.7,12.62,2025-09-14,2025-09-26
12157,8,69.05,8.63,43.16,8.5,8.8,2025-09-15,2025-09-26
505107,9,69.0,7.67,38.33,1.0,8.5,2025-05-03,2025-09-21
200181,6,68.88,11.48,57.4,11.25,11.62,2025-04-18,2025-04-25
405230,10,68.83,6.88,34.42,1.42,8.35,2025-04-19,2025-07-06
502352,9,68.82,7.65,38.23,4.0,8.62,2025-09-15,2025-09-27
02072,8,68.72,8.59,42.95,8.03,8.9,2025-09-15,2025-09-26
14400,9,68.68,7.63,38.16,0.63,8.55,2025-09-15,2025-09-26
05944,8,68.64,8.58,42.9,2.57,12.5,2025-09-14,2025-09-26
07515,12,68.63,5.72,28.6,5.0,8.5,2025-09-15,2025-10-16
00980,8,68.58,8.57,42.86,1.72,10.45,2025-09-15,2025-09-24
09255,6,68.53,11.42,57.11,8.67,12.8,2025-09-15,2025-09-24
507370,9,68.5,7.61,38.06,2.0,8.5,2025-04-27,2025-09-20
07372,7,68.34,9.76,48.81,7.7,16.0,2025-09-17,2025-10-03
407879,8,68.3,8.54,42.69,8.0,9.0,2025-04-26,2025-10-11
417896,8,68.3,8.54,42.69,8.45,8.65,2025-09-15,2025-09-24
510623,8,68.28,8.54,42.68,8.33,8.67,2025-09-15,2025-09-24
101920,9,68.26,7.58,37.92,1.0,11.33,2025-05-19,2025-07-07
11281,8,68.25,8.53,42.66,8.45,8.68,2025-09-15,2025-09-25
15202,8,68.23,8.53,42.64,8.4,8.62,2025-09-15,2025-09-24
506588,10,68.21,6.82,34.11,1.08,13.0,2025-09-14,2025-09-27
05204,8,68.2,8.53,42.63,8.5,8.7,2025-09-18,2025-10-16
04999,8,68.19,8.52,42.62,2.88,12.28,2025-09-14,2025-09-24
502340-109643,12,68.17,5.68,28.4,4.0,8.67,2025-04-18,2025-07-07
522115,8,68.17,8.52,42.61,8.43,8.63,2025-09-15,2025-09-24
104504,8,68.16,8.52,42.6,7.52,10.67,2025-04-18,2025-04-29
510276,8,68.13,8.52,42.58,8.43,8.62,2025-09-15,2025-09-24
101246,8,68.1,8.51,42.56,1.25,10.5,2025-05-05,2025-09-26
14971,8,68.08,8.51,42.55,8.5,8.58,2025-09-23,2025-10-03
418254,9,68.0,7.56,37.78,4.0,8.0,2025-04-28,2025-07-03
503600,9,68.0,7.56,37.78,4.0,8.0,2025-04-18,2025-07-02
510391,8,68.0,8.5,42.5,8.5,8.5,2025-09-15,2025-09-23
422502,9,68.0,7.56,37.78,4.0,8.0,2025-04-18,2025-07-08
504187,9,68.0,7.56,37.78,4.0,8.0,2025-04-18,2025-07-03
1837-102143,17,68.0,4.0,20.0,4.0,4.0,2025-04-21,2025-08-11
336775,9,68.0,7.56,37.78,4.0,8.0,2025-04-18,2025-06-20
415225,12,68.0,5.67,28.33,4.0,8.0,2025-04-28,2025-07-10
103753,10,67.98,6.8,33.99,3.95,8.0,2025-05-06,2025-10-16
14280,8,67.95,8.49,42.47,7.97,9.35,2025-09-15,2025-09-24
13707,6,67.95,11.33,56.63,5.25,12.82,2025-09-16,2025-10-07
13784,8,67.93,8.49,42.46,8.33,8.57,2025-09-16,2025-09-26
14116,8,67.92,8.49,42.45,8.42,8.5,2025-09-15,2025-10-12
07527,8,67.9,8.49,42.44,8.38,8.57,2025-09-15,2025-10-15
506788,7,67.85,9.69,48.46,7.52,12.33,2025-04-21,2025-06-19
418166,8,67.79,8.47,42.37,8.38,8.67,2025-05-12,2025-05-23
08989,7,67.77,9.68,48.41,0.5,12.5,2025-09-15,2025-09-27
11769,8,67.75,8.47,42.34,0.5,12.48,2025-09-16,2025-09-28
410989,8,67.55,8.44,42.22,8.08,8.62,2025-04-26,2025-10-05
505863,9,67.5,7.5,37.5,4.5,8.5,2025-04-21,2025-07-03
101636,12,67.5,5.63,28.13,3.0,7.5,2025-05-26,2025-09-26
506790,8,67.49,8.44,42.18,7.85,8.57,2025-09-14,2025-09-27
506533,13,67.42,5.19,25.93,3.18,6.9,2025-04-22,2025-09-25
510320,9,67.27,7.47,37.37,0.02,8.5,2025-06-30,2025-10-05
510560,6,67.2,11.2,56.0,8.07,12.97,2025-09-15,2025-09-22
12956,8,67.17,8.4,41.98,8.0,8.5,2025-09-16,2025-10-04
502297,7,67.05,9.58,47.89,4.18,12.5,2025-05-22,2025-07-07
508047,6,66.97,11.16,55.81,4.1,12.8,2025-09-14,2025-09-24
10996,8,66.89,8.36,41.81,5.0,11.57,2025-09-16,2025-09-25
10766,8,66.57,8.32,41.61,8.0,8.5,2025-09-14,2025-10-02
02961,10,66.35,6.64,33.18,4.0,8.15,2025-09-14,2025-10-08
505702,11,66.09,6.01,30.04,5.98,6.07,2025-09-14,2025-10-12
500264,8,66.08,8.26,41.3,8.0,9.58,2025-09-14,2025-10-12
505427,25,66.0,2.64,13.2,1.5,3.5,2025-04-28,2025-06-20
508514,8,65.94,8.24,41.21,7.6,8.72,2025-09-15,2025-09-24
422032,8,65.91,8.24,41.19,6.7,8.88,2025-05-01,2025-06-26
07856,8,65.73,8.22,41.08,5.9,8.85,2025-09-16,2025-10-09
105096,11,65.72,5.97,29.87,0.4,12.5,2025-04-23,2025-09-19
01198,13,65.43,5.03,25.17,4.88,5.7,2025-09-16,2025-10-16
10084,8,65.39,8.17,40.87,5.22,8.87,2025-09-15,2025-09-26
502975,9,65.29,7.25,36.27,3.83,9.42,2025-05-03,2025-09-14
503364,11,65.09,5.92,29.59,5.83,6.03,2025-04-26,2025-07-06
90019,10,64.95,6.5,32.48,6.47,6.52,2025-09-15,2025-10-03
503580,9,64.88,7.21,36.04,2.75,8.7,2025-04-18,2025-05-16
502477,10,64.69,6.47,32.35,5.37,7.87,2025-09-15,2025-09-26
421333,5,64.68,12.94,64.68,12.67,13.77,2025-04-18,2025-04-29
10240,8,64.68,8.09,40.43,5.2,8.7,2025-09-14,2025-09-26
505610,8,64.6,8.08,40.38,8.0,8.18,2025-04-19,2025-05-04
508425,8,64.53,8.07,40.33,6.95,8.38,2025-09-15,2025-09-24
07434,9,64.4,7.16,35.78,0.2,12.5,2025-09-17,2025-10-15
504297,8,64.37,8.05,40.23,8.0,8.2,2025-09-19,2025-10-11
05712,7,64.34,9.19,45.96,8.5,12.62,2025-09-14,2025-10-02
510342,8,64.19,8.02,40.12,6.47,8.73,2025-09-15,2025-09-26
05934,8,64.19,8.02,40.12,4.5,8.67,2025-09-19,2025-10-15
06719,5,64.18,12.84,64.18,12.5,13.28,2025-09-16,2025-09-30
507937,6,64.08,10.68,53.4,10.53,10.9,2025-09-15,2025-09-24
500512,8,64.0,8.0,40.0,8.0,8.0,2025-05-14,2025-05-23
404609,8,64.0,8.0,40.0,8.0,8.0,2025-04-21,2025-06-20
421113,8,64.0,8.0,40.0,8.0,8.0,2025-05-02,2025-07-11
422004,8,64.0,8.0,40.0,8.0,8.0,2025-04-18,2025-04-29
336513,8,64.0,8.0,40.0,8.0,8.0,2025-04-25,2025-07-03
336541,8,64.0,8.0,40.0,8.0,8.0,2025-04-21,2025-06-27
411218,8,64.0,8.0,40.0,8.0,8.0,2025-04-23,2025-07-03
417111,8,64.0,8.0,40.0,8.0,8.0,2025-05-02,2025-08-01
334645,9,64.0,7.11,35.56,4.0,8.0,2025-04-21,2025-06-23
410870,8,64.0,8.0,40.0,8.0,8.0,2025-05-01,2025-06-11
202373,8,64.0,8.0,40.0,8.0,8.0,2025-04-25,2025-05-21
421104,8,64.0,8.0,40.0,8.0,8.0,2025-04-21,2025-07-15
501381,8,64.0,8.0,40.0,8.0,8.0,2025-04-21,2025-06-27
408936,8,64.0,8.0,40.0,8.0,8.0,2025-06-02,2025-07-16
401156,8,64.0,8.0,40.0,8.0,8.0,2025-04-23,2025-06-19
412823,8,64.0,8.0,40.0,8.0,8.0,2025-04-18,2025-06-27
506381,11,64.0,5.82,29.09,4.0,8.0,2025-04-21,2025-06-27
101975,8,64.0,8.0,40.0,8.0,8.0,2025-05-30,2025-07-21
130169,8,64.0,8.0,40.0,8.0,8.0,2025-05-30,2025-07-03
407637,8,64.0,8.0,40.0,8.0,8.0,2025-06-09,2025-07-03
500961,8,64.0,8.0,40.0,8.0,8.0,2025-05-07,2025-06-20
418335,8,64.0,8.0,40.0,8.0,8.0,2025-04-23,2025-05-23
503283,8,64.0,8.0,40.0,8.0,8.0,2025-05-27,2025-06-05
506175,8,64.0,8.0,40.0,8.0,8.0,2025-04-21,2025-07-03
407438,8,64.0,8.0,40.0,8.0,8.0,2025-05-26,2025-09-19
414565,8,64.0,8.0,40.0,8.0,8.0,2025-06-04,2025-08-15
130232,8,64.0,8.0,40.0,8.0,8.0,2025-05-12,2025-06-20
412282,8,64.0,8.0,40.0,8.0,8.0,2025-05-09,2025-06-19
415612,8,64.0,8.0,40.0,8.0,8.0,2025-05-14,2025-05-23
4637-109195,8,64.0,8.0,40.0,8.0,8.0,2025-05-06,2025-07-03
505658,8,64.0,8.0,40.0,8.0,8.0,2025-05-13,2025-07-07
404065,8,64.0,8.0,40.0,8.0,8.0,2025-04-21,2025-07-14
420919,8,64.0,8.0,40.0,8.0,8.0,2025-04-29,2025-07-18
502357,8,64.0,8.0,40.0,8.0,8.0,2025-04-21,2025-07-14
408306,8,64.0,8.0,40.0,8.0,8.0,2025-05-15,2025-08-15
419656,8,64.0,8.0,40.0,8.0,8.0,2025-04-23,2025-07-18
504307,8,64.0,8.0,40.0,8.0,8.0,2025-08-11,2025-08-20
104705,8,64.0,8.0,40.0,8.0,8.0,2025-04-21,2025-07-03
130181,9,64.0,7.11,35.56,4.0,8.0,2025-05-01,2025-07-03
419312,11,64.0,5.82,29.09,4.0,8.0,2025-04-21,2025-07-10
336627,8,64.0,8.0,40.0,8.0,8.0,2025-04-18,2025-06-27
410648,8,64.0,8.0,40.0,8.0,8.0,2025-04-24,2025-06-06
417889,8,64.0,8.0,40.0,8.0,8.0,2025-04-21,2025-07-03
421135,8,64.0,8.0,40.0,8.0,8.0,2025-04-18,2025-07-11
502356,8,64.0,8.0,40.0,8.0,8.0,2025-04-18,2025-07-11
503851,8,64.0,8.0,40.0,8.0,8.0,2025-06-03,2025-07-03
304152,8,64.0,8.0,40.0,8.0,8.0,2025-04-18,2025-07-25
418191,8,64.0,8.0,40.0,8.0,8.0,2025-04-28,2025-05-07
418280,8,64.0,8.0,40.0,8.0,8.0,2025-05-13,2025-05-30
504862,8,64.0,8.0,40.0,8.0,8.0,2025-05-12,2025-06-10
406386,9,64.0,7.11,35.56,4.0,8.0,2025-05-01,2025-08-20
506152,8,64.0,8.0,40.0,8.0,8.0,2025-05-29,2025-07-14
14859,6,63.84,10.64,53.2,8.47,13.12,2025-09-15,2025-09-25
105269,8,63.7,7.96,39.81,4.48,11.53,2025-05-22,2025-09-16
510594,5,63.58,12.72,63.58,12.5,13.1,2025-09-14,2025-09-24
404785,7,63.3,9.04,45.21,1.0,12.75,2025-04-22,2025-10-10
508460,8,63.23,7.9,39.52,4.0,9.02,2025-06-09,2025-09-20
414193,8,63.18,7.9,39.49,5.0,8.6,2025-04-18,2025-06-13
104456,11,63.11,5.74,28.69,2.48,7.55,2025-04-19,2025-10-03
04936,9,63.04,7.0,35.02,6.97,7.07,2025-09-15,2025-10-13
06507,6,63.0,10.5,52.5,10.5,10.5,2025-09-24,2025-10-16
12060,6,63.0,10.5,52.5,8.5,12.5,2025-09-25,2025-10-04
505257,10,62.99,6.3,31.5,3.05,8.53,2025-05-19,2025-09-17
503154,8,62.99,7.87,39.37,6.0,8.62,2025-04-29,2025-07-03
502871,10,62.89,6.29,31.45,3.87,8.63,2025-04-19,2025-09-24
510524,6,62.7,10.45,52.25,10.38,10.5,2025-09-15,2025-09-26
07863,5,62.68,12.54,62.68,12.52,12.57,2025-09-15,2025-09-24
505376,5,62.59,12.52,62.59,12.48,12.58,2025-09-15,2025-10-04
501147,5,62.53,12.51,62.53,12.45,12.58,2025-09-15,2025-09-24
507421,5,62.5,12.5,62.5,12.5,12.5,2025-09-26,2025-10-11
06891,6,62.5,10.42,52.08,7.03,13.47,2025-09-21,2025-10-15
508647,5,62.47,12.49,62.47,12.42,12.55,2025-09-17,2025-10-14
11097,5,62.45,12.49,62.45,12.33,12.62,2025-09-15,2025-09-27
202839,6,62.43,10.41,52.03,8.63,12.43,2025-05-16,2025-09-23
502128,10,62.4,6.24,31.2,3.97,8.53,2025-09-14,2025-10-15
13952,6,62.37,10.4,51.98,4.43,12.87,2025-09-15,2025-09-24
505479,8,62.29,7.79,38.93,6.0,9.0,2025-09-15,2025-09-24
15361,5,62.28,12.46,62.28,12.38,12.5,2025-09-15,2025-09-27
13667,5,62.25,12.45,62.25,11.62,12.93,2025-09-13,2025-09-27
421216,8,62.12,7.77,38.82,2.0,10.0,2025-04-20,2025-09-14
507593,5,62.11,12.42,62.11,12.13,12.5,2025-09-20,2025-10-12
505471,16,62.1,3.88,19.41,1.75,23.98,2025-04-21,2025-07-01
416498,6,62.07,10.34,51.72,9.65,10.7,2025-05-07,2025-10-08
05196,7,62.0,8.86,44.29,6.0,12.0,2025-09-16,2025-09-26
501920,6,61.98,10.33,51.65,1.37,12.38,2025-04-20,2025-05-14
405214,12,61.92,5.16,25.8,3.9,8.42,2025-04-19,2025-10-04
14298,22,61.82,2.81,14.05,1.0,7.3,2025-09-14,2025-09-24
07901,9,61.75,6.86,34.31,6.15,8.0,2025-09-17,2025-10-03
504224,13,61.72,4.75,23.74,3.32,8.32,2025-04-21,2025-09-23
504485,8,61.65,7.71,38.53,5.53,8.57,2025-06-02,2025-06-25
TEST2,4,61.59,15.4,76.99,8.0,17.93,2025-04-26,2025-05-26
11979,5,61.55,12.31,61.55,12.1,12.5,2025-09-15,2025-10-02
507673,9,61.5,6.83,34.17,1.5,8.5,2025-04-18,2025-04-29
416661-4166611,9,61.34,6.82,34.08,5.25,8.62,2025-04-30,2025-06-15
10861,7,61.13,8.73,43.66,8.43,9.95,2025-09-14,2025-10-11
96263,14,60.91,4.35,21.75,2.47,4.63,2025-09-15,2025-10-15
98830,6,60.89,10.15,50.74,8.13,10.75,2025-09-15,2025-09-23
503205,15,60.88,4.06,20.29,4.0,4.18,2025-09-14,2025-10-16
10431,6,60.67,10.11,50.56,7.25,12.5,2025-09-15,2025-09-27
505790,11,60.59,5.51,27.54,4.08,6.25,2025-09-14,2025-10-12
504572,8,60.59,7.57,37.87,4.82,8.58,2025-09-15,2025-09-24
506739,7,60.51,8.64,43.22,7.68,9.12,2025-04-19,2025-09-21
506074,8,60.5,7.56,37.81,7.0,8.25,2025-04-18,2025-09-21
417251,6,60.5,10.08,50.42,10.0,10.5,2025-05-05,2025-06-26
02706,7,60.4,8.63,43.14,8.48,9.15,2025-09-15,2025-09-24
501735,6,60.3,10.05,50.25,4.75,12.92,2025-09-17,2025-10-10
05184,7,60.27,8.61,43.05,8.48,9.25,2025-09-15,2025-09-24
05102,6,60.22,10.04,50.18,5.0,12.6,2025-09-15,2025-09-25
505449,7,60.2,8.6,43.0,8.0,9.28,2025-09-15,2025-10-03
13946,7,60.17,8.6,42.98,0.65,12.5,2025-09-15,2025-10-15
504792,8,60.12,7.52,37.58,4.52,8.58,2025-09-17,2025-10-13
10606,6,60.12,10.02,50.1,8.5,13.5,2025-09-15,2025-10-07
14126,15,60.02,4.0,20.01,3.95,4.08,2025-09-15,2025-10-03
502385,8,60.0,7.5,37.5,4.0,8.0,2025-04-23,2025-07-03
336709,8,60.0,7.5,37.5,4.0,8.0,2025-05-22,2025-06-27
304115,9,60.0,6.67,33.33,4.0,8.0,2025-04-22,2025-06-30
102182,5,60.0,12.0,60.0,12.0,12.0,2025-04-28,2025-06-16
408346,8,60.0,7.5,37.5,4.0,8.0,2025-04-24,2025-07-03
405304,8,60.0,7.5,37.5,4.0,8.0,2025-04-18,2025-06-27
505123,8,60.0,7.5,37.5,4.0,8.0,2025-05-05,2025-07-03
500990,8,60.0,7.5,37.5,4.0,8.0,2025-04-29,2025-07-04
506174,9,60.0,6.67,33.33,4.0,8.0,2025-04-21,2025-06-19
203246,12,60.0,5.0,25.0,5.0,5.0,2025-04-28,2025-06-06
504334,8,60.0,7.5,37.5,4.0,8.0,2025-04-24,2025-07-11
502011,8,59.92,7.49,37.45,5.68,9.37,2025-05-24,2025-09-20
508275,7,59.9,8.56,42.79,8.4,8.72,2025-09-18,2025-09-25
08105,7,59.89,8.56,42.78,8.28,9.17,2025-09-15,2025-09-24
403615,7,59.84,8.55,42.74,8.0,9.0,2025-04-23,2025-09-24
502703,7,59.81,8.54,42.72,8.28,9.1,2025-09-15,2025-09-24
105009,7,59.73,8.53,42.66,8.48,8.67,2025-05-18,2025-06-22
101021,7,59.67,8.52,42.62,8.0,9.15,2025-04-30,2025-05-21
03323,7,59.6,8.51,42.57,2.0,16.5,2025-09-17,2025-10-01
522074,7,59.56,8.51,42.54,8.45,8.58,2025-09-15,2025-09-24
102943,8,59.51,7.44,37.19,4.87,9.5,2025-04-22,2025-09-30
105315,8,59.37,7.42,37.11,4.03,8.62,2025-04-26,2025-09-27
504230,6,59.32,9.89,49.43,8.5,12.92,2025-09-17,2025-10-11
102499,5,59.15,11.83,59.15,8.63,12.7,2025-04-26,2025-06-17
13513,18,59.14,3.29,16.43,1.27,4.05,2025-04-18,2025-10-10
505346,6,59.0,9.83,49.17,8.5,12.5,2025-09-25,2025-10-03
510405,7,58.94,8.42,42.1,7.92,8.52,2025-09-15,2025-09-24
13915,5,58.93,11.79,58.93,8.55,12.68,2025-09-17,2025-09-24
502373,9,58.92,6.55,32.73,3.0,8.5,2025-09-14,2025-09-27
522070,7,58.7,8.39,41.93,7.13,8.82,2025-09-16,2025-09-24
87882,6,58.6,9.77,48.83,4.0,12.83,2025-09-14,2025-09-22
60608,8,58.59,7.32,36.62,2.33,8.98,2025-09-14,2025-09-26
104164,7,58.58,8.37,41.84,7.88,8.7,2025-05-02,2025-09-27
14494,6,58.58,9.76,48.82,8.5,12.45,2025-09-14,2025-09-28
405010,6,58.55,9.76,48.79,8.0,12.52,2025-05-03,2025-09-28
12903,5,58.51,11.7,58.51,8.63,12.5,2025-09-16,2025-09-27
504945,6,58.47,9.75,48.72,8.52,10.3,2025-09-16,2025-09-23
506600,8,58.3,7.29,36.44,2.72,8.63,2025-04-18,2025-04-29
06524,6,58.27,9.71,48.56,4.0,12.77,2025-09-15,2025-10-01
419376,8,58.08,7.26,36.3,6.17,8.13,2025-04-21,2025-06-09
510541,7,58.01,8.29,41.44,7.98,8.5,2025-09-15,2025-09-25
402725,8,58.0,7.25,36.25,2.0,8.0,2025-04-30,2025-06-25
418286,6,57.91,9.65,48.26,6.12,12.5,2025-06-09,2025-10-05
504047,5,57.91,11.58,57.91,8.27,12.5,2025-09-16,2025-09-30
508276,8,57.89,7.24,36.18,5.57,8.7,2025-09-15,2025-09-24
500261,5,57.78,11.56,57.78,7.55,12.82,2025-09-15,2025-09-24
505485,8,57.73,7.22,36.08,5.45,8.33,2025-09-15,2025-09-24
510529,7,57.66,8.24,41.19,7.45,8.5,2025-09-15,2025-09-26
422329,7,57.55,8.22,41.11,7.2,8.5,2025-05-01,2025-10-09
502086,5,57.46,11.49,57.46,10.37,12.42,2025-05-02,2025-09-19
514640,7,57.18,8.17,40.84,5.82,8.82,2025-09-15,2025-10-03
503768,5,57.17,11.43,57.17,9.5,12.68,2025-04-18,2025-06-13
07047,6,57.06,9.51,47.55,7.8,11.67,2025-09-15,2025-09-23
15253,8,56.95,7.12,35.59,2.0,8.5,2025-09-14,2025-10-03
09977,9,56.91,6.32,31.62,5.0,7.0,2025-09-18,2025-10-09
502074,7,56.81,8.12,40.58,2.5,16.0,2025-09-15,2025-09-24
508637,7,56.38,8.05,40.27,7.92,8.53,2025-09-15,2025-09-23
505452,7,56.3,8.04,40.21,6.38,8.5,2025-09-15,2025-10-02
506672,8,56.29,7.04,35.18,4.02,8.5,2025-05-02,2025-06-05
102960,9,56.17,6.24,31.21,4.0,12.78,2025-05-01,2025-09-18
130168,7,56.0,8.0,40.0,8.0,8.0,2025-04-18,2025-06-12
405888,7,56.0,8.0,40.0,8.0,8.0,2025-04-18,2025-05-12
415654,7,56.0,8.0,40.0,8.0,8.0,2025-04-21,2025-06-20
415101,7,56.0,8.0,40.0,8.0,8.0,2025-07-07,2025-07-18
506971,7,56.0,8.0,40.0,8.0,8.0,2025-05-02,2025-06-17
335742,8,56.0,7.0,35.0,4.0,8.0,2025-05-02,2025-07-03
506407,7,56.0,8.0,40.0,8.0,8.0,2025-04-18,2025-06-20
89714,7,56.0,8.0,40.0,8.0,8.0,2025-05-02,2025-05-12
421692,7,56.0,8.0,40.0,8.0,8.0,2025-06-12,2025-06-20
336622,7,56.0,8.0,40.0,8.0,8.0,2025-05-12,2025-06-30
336749,7,56.0,8.0,40.0,8.0,8.0,2025-04-18,2025-06-27
412180,7,56.0,8.0,40.0,8.0,8.0,2025-04-21,2025-06-24
422491,7,56.0,8.0,40.0,8.0,8.0,2025-05-09,2025-06-18
506647,7,56.0,8.0,40.0,8.0,8.0,2025-05-16,2025-06-20
403947,8,56.0,7.0,35.0,4.0,8.0,2025-04-18,2025-06-20
421589,7,56.0,8.0,40.0,8.0,8.0,2025-04-18,2025-07-18
502099,7,56.0,8.0,40.0,8.0,8.0,2025-05-27,2025-07-02
115980,7,56.0,8.0,40.0,8.0,8.0,2025-05-01,2025-05-09
403560,7,56.0,8.0,40.0,8.0,8.0,2025-04-30,2025-07-07
101531,7,56.0,8.0,40.0,8.0,8.0,2025-04-30,2025-06-20
407241,7,56.0,8.0,40.0,8.0,8.0,2025-05-23,2025-06-19
415344,7,56.0,8.0,40.0,8.0,8.0,2025-04-21,2025-06-20
420130,7,56.0,8.0,40.0,8.0,8.0,2025-04-21,2025-07-03
505029,7,56.0,8.0,40.0,8.0,8.0,2025-05-19,2025-06-19
102780,7,56.0,8.0,40.0,8.0,8.0,2025-10-02,2025-10-16
418493,7,56.0,8.0,40.0,8.0,8.0,2025-04-21,2025-06-30
502659,7,56.0,8.0,40.0,8.0,8.0,2025-04-24,2025-05-30
203822,7,56.0,8.0,40.0,8.0,8.0,2025-04-18,2025-05-19
503717,7,56.0,8.0,40.0,8.0,8.0,2025-05-15,2025-05-23
505239,7,56.0,8.0,40.0,8.0,8.0,2025-04-25,2025-06-23
420646,7,56.0,8.0,40.0,8.0,8.0,2025-06-06,2025-07-15
414110,7,56.0,8.0,40.0,8.0,8.0,2025-04-21,2025-05-09
419943,7,56.0,8.0,40.0,8.0,8.0,2025-04-25,2025-06-30
503289,7,56.0,8.0,40.0,8.0,8.0,2025-04-18,2025-06-24
505486,7,56.0,8.0,40.0,8.0,8.0,2025-05-15,2025-07-11
336660,7,56.0,8.0,40.0,8.0,8.0,2025-05-29,2025-06-06
402830,7,56.0,8.0,40.0,8.0,8.0,2025-04-18,2025-08-20
200599,7,56.0,8.0,40.0,8.0,8.0,2025-04-18,2025-06-16
410512,7,56.0,8.0,40.0,8.0,8.0,2025-05-30,2025-08-01
422227,7,56.0,8.0,40.0,8.0,8.0,2025-05-09,2025-06-06
411836,12,56.0,4.67,23.33,4.0,8.0,2025-04-22,2025-07-15
415214,7,56.0,8.0,40.0,8.0,8.0,2025-05-27,2025-07-03
420167,7,56.0,8.0,40.0,8.0,8.0,2025-04-21,2025-07-03
506679,7,56.0,8.0,40.0,8.0,8.0,2025-05-28,2025-06-05
412493,7,56.0,8.0,40.0,8.0,8.0,2025-05-02,2025-06-27
304041,7,56.0,8.0,40.0,8.0,8.0,2025-04-22,2025-06-27
407020,7,56.0,8.0,40.0,8.0,8.0,2025-05-01,2025-07-03
413447,7,56.0,8.0,40.0,8.0,8.0,2025-05-21,2025-07-03
506530,7,56.0,8.0,40.0,8.0,8.0,2025-04-21,2025-04-29
202436,7,56.0,8.0,40.0,8.0,8.0,2025-04-23,2025-07-03
204183,7,56.0,8.0,40.0,8.0,8.0,2025-04-25,2025-06-20
502719,7,56.0,8.0,40.0,8.0,8.0,2025-05-02,2025-07-03
205159,7,56.0,8.0,40.0,8.0,8.0,2025-05-29,2025-06-06
336654,7,56.0,8.0,40.0,8.0,8.0,2025-04-21,2025-06-23
10720,7,56.0,8.0,40.0,8.0,8.0,2025-04-18,2025-07-03
505739,7,56.0,8.0,40.0,8.0,8.0,2025-05-21,2025-06-17
102842,7,56.0,8.0,40.0,8.0,8.0,2025-05-27,2025-07-08
336534,7,56.0,8.0,40.0,8.0,8.0,2025-04-18,2025-06-20
506153,7,56.0,8.0,40.0,8.0,8.0,2025-05-19,2025-07-11
101816,7,56.0,8.0,40.0,8.0,8.0,2025-04-25,2025-06-27
104068,7,56.0,8.0,40.0,8.0,8.0,2025-06-25,2025-07-03
11214,7,56.0,8.0,40.0,8.0,8.0,2025-05-22,2025-07-11
500780,7,56.0,8.0,40.0,8.0,8.0,2025-04-25,2025-06-06
10794,6,55.98,9.33,46.65,8.5,13.3,2025-09-20,2025-10-10
507053,9,55.97,6.22,31.09,1.0,8.78,2025-04-24,2025-09-25
501326,7,55.49,7.93,39.64,3.0,9.25,2025-09-15,2025-09-23
510288,5,55.18,11.04,55.18,10.17,13.28,2025-09-15,2025-09-19
07987,6,54.86,9.14,45.72,5.73,15.0,2025-09-18,2025-10-14
07602,7,54.79,7.83,39.14,1.43,10.47,2025-09-17,2025-09-24
09848,11,54.57,4.96,24.8,2.13,6.05,2025-09-14,2025-09-24
13908,8,54.5,6.81,34.06,4.0,8.5,2025-04-18,2025-10-09
505851,5,54.5,10.9,54.5,8.5,12.5,2025-09-25,2025-10-03
402829,6,54.48,9.08,45.4,4.35,12.45,2025-05-09,2025-09-19
10658,6,54.44,9.07,45.37,8.5,10.72,2025-09-14,2025-09-26
14818,6,54.35,9.06,45.29,8.05,12.3,2025-09-22,2025-10-01
508077,5,54.33,10.87,54.33,4.0,12.77,2025-09-15,2025-09-23
419153,7,53.94,7.71,38.53,6.47,8.5,2025-05-17,2025-10-05
522127,6,53.65,8.94,44.71,8.32,9.18,2025-09-15,2025-09-23
501374,6,53.62,8.94,44.68,1.0,16.33,2025-05-02,2025-09-20
08639,6,53.62,8.94,44.68,8.47,10.58,2025-09-18,2025-10-10
507251,7,53.57,7.65,38.26,0.98,9.73,2025-09-15,2025-09-26
507253,6,53.53,8.92,44.61,8.5,9.32,2025-09-17,2025-09-26
420343,6,53.36,8.89,44.47,8.35,10.18,2025-04-27,2025-06-08
10950,7,53.14,7.59,37.96,5.08,8.57,2025-09-17,2025-09-26
508418,9,53.03,5.89,29.46,4.0,7.5,2025-06-02,2025-07-07
12096,5,53.0,10.6,53.0,3.0,12.5,2025-09-18,2025-10-12
405296,7,52.97,7.57,37.84,7.5,7.97,2025-09-20,2025-10-11
502849,4,52.94,13.24,66.18,12.65,13.83,2025-04-18,2025-06-13
500569,9,52.72,5.86,29.29,3.0,8.15,2025-09-14,2025-10-15
502904,5,52.68,10.54,52.68,5.0,13.48,2025-04-18,2025-04-29
504438,5,52.5,10.5,52.5,10.5,10.5,2025-10-01,2025-10-10
101969,7,52.5,7.5,37.5,7.5,7.5,2025-06-23,2025-07-03
507650,8,52.49,6.56,32.81,4.18,8.57,2025-04-28,2025-07-07
504336,7,52.48,7.5,37.49,4.45,8.28,2025-04-29,2025-06-01
14588,8,52.4,6.55,32.75,3.93,10.4,2025-09-16,2025-09-27
15344,7,52.35,7.48,37.39,4.5,8.73,2025-09-15,2025-10-14
06645,7,52.24,7.46,37.31,3.48,8.58,2025-09-14,2025-09-26
505684,8,52.09,6.51,32.56,4.83,8.0,2025-09-15,2025-09-24
115940,6,52.0,8.67,43.33,8.0,12.0,2025-05-05,2025-07-03
336797,9,52.0,5.78,28.89,4.0,8.0,2025-05-19,2025-05-30
105290,9,52.0,5.78,28.89,4.0,8.0,2025-04-24,2025-07-16
502224,8,52.0,6.5,32.5,4.0,8.0,2025-04-22,2025-05-23
420906,8,52.0,6.5,32.5,4.0,8.0,2025-04-18,2025-07-18
101528,7,52.0,7.43,37.14,4.0,8.0,2025-05-19,2025-07-03
412519,7,52.0,7.43,37.14,4.0,8.0,2025-05-09,2025-06-30
412694,7,52.0,7.43,37.14,4.0,8.0,2025-05-13,2025-06-27
420270,7,52.0,7.43,37.14,4.0,8.0,2025-06-02,2025-07-29
505200,5,52.0,10.4,52.0,4.5,15.5,2025-04-18,2025-04-26
420376,7,52.0,7.43,37.14,4.0,8.0,2025-04-25,2025-07-10
336568,7,52.0,7.43,37.14,4.0,8.0,2025-05-06,2025-07-03
202675,8,52.0,6.5,32.5,4.0,8.0,2025-04-18,2025-07-07
505004,7,52.0,7.43,37.14,4.0,8.0,2025-05-07,2025-09-19
304109,9,52.0,5.78,28.89,4.0,8.0,2025-05-07,2025-06-23
421199,8,51.72,6.47,32.33,2.67,15.15,2025-04-18,2025-05-14
100989,6,51.72,8.62,43.1,8.57,8.68,2025-04-30,2025-05-12
505040,5,51.64,10.33,51.64,8.47,13.58,2025-04-18,2025-04-25
505208,7,51.53,7.36,36.81,1.0,8.55,2025-05-20,2025-09-15
416283,5,51.5,10.3,51.5,6.32,12.6,2025-04-20,2025-05-03
10879,6,51.5,8.58,42.92,8.5,8.72,2025-09-15,2025-09-26
505277,6,51.48,8.58,42.9,8.37,8.98,2025-09-15,2025-09-24
505660,10,51.47,5.15,25.74,4.83,6.25,2025-04-24,2025-07-03
85357,7,51.42,7.35,36.73,0.42,8.5,2025-09-16,2025-10-16
508083,5,51.36,10.27,51.36,9.98,10.58,2025-09-17,2025-09-24
103362-407349,6,51.25,8.54,42.71,8.33,8.85,2025-04-23,2025-07-02
205582,7,51.25,7.32,36.61,4.25,8.6,2025-04-22,2025-10-09
500620,7,51.23,7.32,36.59,4.0,8.57,2025-09-19,2025-10-04
12302,6,51.21,8.54,42.68,5.57,10.43,2025-09-16,2025-09-24
507665,6,51.17,8.53,42.64,8.48,8.57,2025-09-15,2025-09-21
66084,6,51.05,8.51,42.54,8.33,8.72,2025-09-16,2025-10-09
14953,6,51.03,8.51,42.53,8.42,8.57,2025-09-14,2025-10-04
412835,5,51.01,10.2,51.01,3.15,16.82,2025-06-18,2025-09-21
506392,7,51.0,7.29,36.43,3.0,8.0,2025-05-01,2025-07-03
507198,6,50.93,8.49,42.44,7.47,9.08,2025-04-18,2025-04-28
15287,6,50.91,8.49,42.43,8.42,8.52,2025-09-16,2025-10-04
09614,6,50.84,8.47,42.37,1.0,12.95,2025-09-15,2025-09-26
507233,8,50.5,6.31,31.56,0.58,8.57,2025-09-15,2025-09-24
105361,6,50.5,8.42,42.08,8.0,8.5,2025-05-26,2025-09-26
13680,5,50.5,10.1,50.5,8.5,12.5,2025-09-26,2025-10-03
504465,6,50.47,8.41,42.06,8.18,8.52,2025-09-14,2025-09-27
422326,7,50.44,7.21,36.03,4.9,8.58,2025-05-06,2025-06-23
503344,8,50.33,6.29,31.46,4.93,7.82,2025-04-26,2025-06-29
510417,6,50.31,8.39,41.93,8.02,8.62,2025-09-15,2025-09-24
411960,6,50.3,8.38,41.92,7.87,8.55,2025-05-06,2025-07-02
417938,5,50.0,10.0,50.0,10.0,10.0,2025-04-21,2025-07-03
410340,5,50.0,10.0,50.0,10.0,10.0,2025-06-23,2025-07-03
14385,5,50.0,10.0,50.0,8.0,10.5,2025-09-04,2025-09-19
500697,5,50.0,10.0,50.0,10.0,10.0,2025-04-29,2025-07-01
02916,4,50.0,12.5,62.5,12.5,12.5,2025-10-05,2025-10-12
104093,8,50.0,6.25,31.25,2.5,8.0,2025-04-21,2025-07-03
506632,5,50.0,10.0,50.0,10.0,10.0,2025-04-21,2025-06-20
502878,5,50.0,10.0,50.0,10.0,10.0,2025-05-05,2025-07-03
08078,7,49.93,7.13,35.66,0.9,8.63,2025-09-14,2025-09-26
510618,6,49.88,8.31,41.57,6.28,8.8,2025-09-15,2025-09-23
503323,4,49.74,12.43,62.18,12.23,12.53,2025-04-20,2025-04-25
09824,9,49.69,5.52,27.61,3.98,8.5,2025-09-14,2025-09-29
505074,6,49.68,8.28,41.4,7.5,8.5,2025-05-10,2025-09-28
13371,6,49.65,8.28,41.38,6.57,9.0,2025-09-14,2025-10-11
507134,6,49.63,8.27,41.36,8.2,8.32,2025-09-14,2025-09-23
15092,5,49.53,9.91,49.53,5.1,20.5,2025-09-19,2025-10-11
14933,9,49.44,5.49,27.47,3.95,8.52,2025-09-18,2025-10-04
503428,6,49.42,8.24,41.18,4.97,12.32,2025-09-17,2025-10-05
10801,7,49.33,7.05,35.24,0.55,12.63,2025-09-15,2025-09-27
505627,4,49.33,12.33,61.66,12.0,12.48,2025-04-18,2025-04-25
10714,6,49.3,8.22,41.08,7.75,8.5,2025-09-15,2025-10-02
503254,5,49.08,9.82,49.08,8.08,12.23,2025-09-15,2025-09-24
105281,6,49.01,8.17,40.84,4.0,12.43,2025-04-24,2025-06-30
502465,4,49.0,12.25,61.25,12.0,12.5,2025-10-03,2025-10-11
413859,4,48.86,12.22,61.08,12.03,12.33,2025-09-16,2025-09-21
506792,10,48.85,4.89,24.42,0.37,7.15,2025-09-15,2025-10-15
505357,4,48.62,12.16,60.78,10.73,12.73,2025-05-29,2025-07-03
101360,9,48.5,5.39,26.94,2.0,6.5,2025-04-21,2025-10-10
14100,6,48.44,8.07,40.37,6.57,11.58,2025-09-15,2025-10-06
09265,7,48.41,6.92,34.58,4.18,8.53,2025-09-15,2025-10-07
104538-104538,8,48.36,6.05,30.23,4.37,8.73,2025-04-26,2025-06-22
09402,4,48.35,12.09,60.44,8.37,15.98,2025-09-19,2025-10-01
06152,8,48.23,6.03,30.14,2.78,8.5,2025-09-15,2025-09-29
503469,8,48.17,6.02,30.11,3.57,12.1,2025-06-01,2025-10-13
507131,6,48.11,8.02,40.09,5.1,10.03,2025-09-14,2025-09-24
510381,4,48.09,12.02,60.11,11.95,12.07,2025-09-14,2025-09-21
407636,6,48.0,8.0,40.0,8.0,8.0,2025-05-16,2025-06-27
413665,6,48.0,8.0,40.0,8.0,8.0,2025-06-09,2025-06-25
421405,6,48.0,8.0,40.0,8.0,8.0,2025-05-23,2025-06-13
502110,6,48.0,8.0,40.0,8.0,8.0,2025-04-24,2025-06-25
504395,6,48.0,8.0,40.0,8.0,8.0,2025-06-05,2025-07-03
506604,6,48.0,8.0,40.0,8.0,8.0,2025-05-22,2025-07-25
409090,6,48.0,8.0,40.0,8.0,8.0,2025-04-21,2025-04-28
414197,6,48.0,8.0,40.0,8.0,8.0,2025-04-18,2025-07-02
101140,6,48.0,8.0,40.0,8.0,8.0,2025-06-06,2025-06-13
417970,6,48.0,8.0,40.0,8.0,8.0,2025-05-09,2025-06-20
421848,6,48.0,8.0,40.0,8.0,8.0,2025-04-18,2025-07-07
422410,6,48.0,8.0,40.0,8.0,8.0,2025-07-15,2025-07-25
101363,6,48.0,8.0,40.0,8.0,8.0,2025-04-21,2025-06-27
304232,6,48.0,8.0,40.0,8.0,8.0,2025-05-12,2025-06-10
401643,6,48.0,8.0,40.0,8.0,8.0,2025-05-12,2025-06-03
422033,6,48.0,8.0,40.0,8.0,8.0,2025-06-12,2025-06-20
505078,6,48.0,8.0,40.0,8.0,8.0,2025-04-25,2025-05-02
CMCRN-3,4,48.0,12.0,60.0,12.0,12.0,2025-07-01,2025-07-31
10628,6,48.0,8.0,40.0,8.0,8.0,2025-04-28,2025-06-20
422547,8,48.0,6.0,30.0,4.0,8.0,2025-04-18,2025-07-15
504028,6,48.0,8.0,40.0,8.0,8.0,2025-05-02,2025-06-20
506974,6,48.0,8.0,40.0,8.0,8.0,2025-04-21,2025-05-02
417775,6,48.0,8.0,40.0,8.0,8.0,2025-04-28,2025-06-20
202569,6,48.0,8.0,40.0,8.0,8.0,2025-04-18,2025-07-03
409172,6,48.0,8.0,40.0,8.0,8.0,2025-05-12,2025-06-20
413703,6,48.0,8.0,40.0,8.0,8.0,2025-04-18,2025-05-19
104843,6,48.0,8.0,40.0,8.0,8.0,2025-04-18,2025-04-25
10006,6,48.0,8.0,40.0,8.0,8.0,2025-05-08,2025-06-13
111604,11,48.0,4.36,21.82,4.0,8.0,2025-04-18,2025-06-26
336658,6,48.0,8.0,40.0,8.0,8.0,2025-05-28,2025-07-03
418830,6,48.0,8.0,40.0,8.0,8.0,2025-04-18,2025-07-07
403955,6,48.0,8.0,40.0,8.0,8.0,2025-04-21,2025-07-03
404395,6,48.0,8.0,40.0,8.0,8.0,2025-05-16,2025-05-30
408201,6,48.0,8.0,40.0,8.0,8.0,2025-04-18,2025-07-03
412754,6,48.0,8.0,40.0,8.0,8.0,2025-05-16,2025-06-13
409123,4,48.0,12.0,60.0,12.0,12.0,2025-05-15,2025-06-17
421728,6,48.0,8.0,40.0,8.0,8.0,2025-04-18,2025-05-14
505247,6,48.0,8.0,40.0,8.0,8.0,2025-06-20,2025-06-27
101336,6,48.0,8.0,40.0,8.0,8.0,2025-06-10,2025-06-20
406949,6,48.0,8.0,40.0,8.0,8.0,2025-04-18,2025-04-25
504075,6,48.0,8.0,40.0,8.0,8.0,2025-04-28,2025-06-20
102232,6,48.0,8.0,40.0,8.0,8.0,2025-04-18,2025-05-23
410908,6,48.0,8.0,40.0,8.0,8.0,2025-06-20,2025-06-27
421079,6,48.0,8.0,40.0,8.0,8.0,2025-05-23,2025-07-11
205470,6,48.0,8.0,40.0,8.0,8.0,2025-06-26,2025-07-03
410230,6,48.0,8.0,40.0,8.0,8.0,2025-04-18,2025-06-25
419934,6,48.0,8.0,40.0,8.0,8.0,2025-05-05,2025-07-03
421024,6,48.0,8.0,40.0,8.0,8.0,2025-05-27,2025-06-23
506394,6,48.0,8.0,40.0,8.0,8.0,2025-06-30,2025-07-08
508616,6,48.0,8.0,40.0,8.0,8.0,2025-07-04,2025-09-19
03236,24,48.0,2.0,10.0,2.0,2.0,2025-09-15,2025-10-16
304051,6,48.0,8.0,40.0,8.0,8.0,2025-05-06,2025-06-23
304019,6,48.0,8.0,40.0,8.0,8.0,2025-05-02,2025-05-09
406352,6,48.0,8.0,40.0,8.0,8.0,2025-04-25,2025-06-09
501961,6,48.0,8.0,40.0,8.0,8.0,2025-05-01,2025-07-03
336590,6,48.0,8.0,40.0,8.0,8.0,2025-04-18,2025-05-27
409395,6,48.0,8.0,40.0,8.0,8.0,2025-06-23,2025-06-30
505176,6,48.0,8.0,40.0,8.0,8.0,2025-05-20,2025-07-04
336564,7,48.0,6.86,34.29,4.0,8.0,2025-06-24,2025-07-03
336584,6,48.0,8.0,40.0,8.0,8.0,2025-05-08,2025-07-03
416099,6,48.0,8.0,40.0,8.0,8.0,2025-05-14,2025-06-09
335796,6,48.0,8.0,40.0,8.0,8.0,2025-04-21,2025-07-03
408108,6,48.0,8.0,40.0,8.0,8.0,2025-04-24,2025-07-03
102041,6,48.0,8.0,40.0,8.0,8.0,2025-04-21,2025-07-11
336621,6,48.0,8.0,40.0,8.0,8.0,2025-04-21,2025-06-09
414988,6,48.0,8.0,40.0,8.0,8.0,2025-04-18,2025-06-20
412613,6,48.0,8.0,40.0,8.0,8.0,2025-05-16,2025-07-09
418526,6,48.0,8.0,40.0,8.0,8.0,2025-05-01,2025-05-16
336029,6,48.0,8.0,40.0,8.0,8.0,2025-04-23,2025-05-09
414089,6,48.0,8.0,40.0,8.0,8.0,2025-04-18,2025-07-03
500686,6,48.0,8.0,40.0,8.0,8.0,2025-04-25,2025-07-09
505032,6,48.0,8.0,40.0,8.0,8.0,2025-05-12,2025-06-19
07836,6,48.0,8.0,40.0,8.0,8.0,2025-04-25,2025-07-03
101245,6,48.0,8.0,40.0,8.0,8.0,2025-04-24,2025-06-27
405188,7,48.0,6.86,34.29,4.0,8.0,2025-04-23,2025-06-05
421797,7,48.0,6.86,34.29,4.0,8.0,2025-05-14,2025-05-22
09335,6,48.0,8.0,40.0,8.0,8.0,2025-04-21,2025-04-28
336530,6,48.0,8.0,40.0,8.0,8.0,2025-04-23,2025-07-07
406769,7,48.0,6.86,34.29,4.0,8.0,2025-04-21,2025-05-29
410808,6,48.0,8.0,40.0,8.0,8.0,2025-04-21,2025-06-19
503113,6,48.0,8.0,40.0,8.0,8.0,2025-04-18,2025-05-09
103914,8,48.0,6.0,30.0,6.0,6.0,2025-09-15,2025-09-25
408023,7,48.0,6.86,34.29,4.0,8.0,2025-04-18,2025-07-07
101583,6,48.0,8.0,40.0,8.0,8.0,2025-04-21,2025-07-03
104199,6,48.0,8.0,40.0,8.0,8.0,2025-04-21,2025-05-27
336689,6,48.0,8.0,40.0,8.0,8.0,2025-04-23,2025-06-30
503287,6,48.0,8.0,40.0,8.0,8.0,2025-05-09,2025-05-16
504088,6,48.0,8.0,40.0,8.0,8.0,2025-04-30,2025-06-27
10200,4,47.96,11.99,59.95,11.93,12.03,2025-09-14,2025-09-28
503382,6,47.96,7.99,39.97,4.57,8.77,2025-09-15,2025-09-26
507742,4,47.91,11.98,59.89,11.83,12.08,2025-09-20,2025-10-05
506924,4,47.9,11.98,59.88,11.87,12.05,2025-04-18,2025-04-26
06212,7,47.82,6.83,34.16,4.02,8.6,2025-09-18,2025-09-27
104466,7,47.81,6.83,34.15,4.5,8.73,2025-06-30,2025-09-26
506411,6,47.65,7.94,39.71,4.98,8.65,2025-04-18,2025-04-25
101540,9,47.65,5.29,26.47,1.0,8.7,2025-04-20,2025-09-27
10870,7,47.54,6.79,33.96,6.45,8.47,2025-09-19,2025-10-07
416661,5,47.5,9.5,47.5,8.0,15.0,2025-07-09,2025-09-20
104224,5,47.5,9.5,47.5,9.5,9.5,2025-04-21,2025-05-02
522061,7,47.43,6.78,33.88,0.27,8.58,2025-09-15,2025-09-29
508412,7,47.22,6.75,33.73,4.0,9.0,2025-06-09,2025-07-08
420745,6,47.18,7.86,39.32,7.83,7.93,2025-04-18,2025-05-10
503243,5,47.18,9.44,47.18,4.05,13.58,2025-04-21,2025-07-02
102726,9,47.18,5.24,26.21,1.0,8.5,2025-05-14,2025-09-27
105500,6,47.0,7.83,39.17,7.0,8.0,2025-05-05,2025-07-02
505565,14,46.91,3.35,16.75,0.83,3.62,2025-04-18,2025-05-14
08614,6,46.87,7.81,39.06,4.95,9.6,2025-09-14,2025-09-29
02661,5,46.73,9.35,46.73,8.5,12.73,2025-09-15,2025-09-26
514679,4,46.66,11.67,58.33,10.28,12.38,2025-09-17,2025-09-21
506774,6,46.5,7.75,38.75,4.0,8.5,2025-04-23,2025-05-23
502780,5,46.47,9.29,46.47,8.55,10.12,2025-04-22,2025-05-01
15159,4,46.46,11.61,58.07,8.62,12.82,2025-09-15,2025-09-25
505454,8,46.44,5.81,29.03,2.97,8.4,2025-09-15,2025-09-24
503501,8,46.4,5.8,29.0,4.18,8.55,2025-06-06,2025-10-01
09388,10,46.38,4.64,23.19,3.78,5.15,2025-09-15,2025-10-15
14935,6,46.31,7.72,38.59,4.5,8.5,2025-09-19,2025-10-10
507854,7,46.14,6.59,32.96,4.0,8.45,2025-09-15,2025-09-26
500986,4,46.04,11.51,57.55,7.8,12.78,2025-09-15,2025-09-23
72355,10,46.0,4.6,23.0,2.0,8.0,2025-04-18,2025-07-03
335638,6,46.0,7.67,38.33,6.0,8.0,2025-05-07,2025-06-20
501139-108437,5,46.0,9.2,46.0,4.48,16.32,2025-06-06,2025-07-05
505688,7,46.0,6.57,32.86,4.22,8.35,2025-09-15,2025-09-24
416997,6,46.0,7.67,38.33,6.0,8.0,2025-04-18,2025-05-09
505146,9,45.97,5.11,25.54,3.87,6.15,2025-05-04,2025-09-15
504344,4,45.95,11.49,57.44,8.0,12.68,2025-09-15,2025-09-24
508312,9,45.92,5.1,25.51,4.45,9.0,2025-09-14,2025-09-24
510273,6,45.88,7.65,38.23,5.18,8.7,2025-09-21,2025-10-10
506267,7,45.78,6.54,32.7,4.83,8.95,2025-09-15,2025-10-10
14784,5,45.77,9.15,45.77,8.5,10.28,2025-09-16,2025-09-20
501238,10,45.74,4.57,22.87,0.58,8.38,2025-04-18,2025-09-18
505686,8,45.73,5.72,28.58,2.5,7.5,2025-09-15,2025-09-24
503517,6,45.72,7.62,38.1,4.45,8.5,2025-04-29,2025-06-26
400736,4,45.42,11.36,56.78,10.92,11.83,2025-05-10,2025-06-28
500750,5,45.34,9.07,45.34,7.95,9.92,2025-09-15,2025-09-19
507173,4,45.27,11.32,56.59,7.67,12.6,2025-09-21,2025-10-10
503714,4,45.2,11.3,56.5,8.0,12.62,2025-05-02,2025-06-15
203591,5,45.17,9.03,45.17,8.92,9.18,2025-05-08,2025-06-26
10550,4,45.04,11.26,56.3,8.0,16.02,2025-09-14,2025-09-27
506196,6,45.0,7.5,37.5,5.0,8.0,2025-05-22,2025-07-09
505800,6,45.0,7.5,37.5,6.0,8.5,2025-06-27,2025-07-09
102636,6,44.91,7.49,37.43,4.0,8.5,2025-04-18,2025-05-18
404882,6,44.86,7.48,37.38,4.08,8.75,2025-04-29,2025-05-14
407073,5,44.76,8.95,44.76,8.55,9.87,2025-05-03,2025-09-14
101663,5,44.75,8.95,44.75,8.37,10.83,2025-04-23,2025-06-08
14775,8,44.65,5.58,27.91,3.75,8.5,2025-09-15,2025-10-10
04407,5,44.63,8.93,44.63,8.53,9.87,2025-09-18,2025-09-24
13326,6,44.57,7.43,37.14,7.0,7.93,2025-09-15,2025-09-30
620400,8,44.57,5.57,27.86,3.97,7.1,2025-09-15,2025-09-24
422313,6,44.48,7.41,37.07,4.73,9.25,2025-05-20,2025-06-12
507639,4,44.43,11.11,55.54,9.0,12.5,2025-09-15,2025-10-06
506701,13,44.27,3.41,17.03,1.2,7.6,2025-05-02,2025-06-29
514676,5,44.07,8.81,44.07,8.43,9.87,2025-09-15,2025-09-19
11795,6,44.0,7.33,36.67,4.0,8.0,2025-05-16,2025-07-03
502029,6,44.0,7.33,36.67,4.0,8.0,2025-05-29,2025-06-26
416652,7,44.0,6.29,31.43,4.0,8.0,2025-04-18,2025-07-07
336538,6,44.0,7.33,36.67,4.0,8.0,2025-06-09,2025-07-01
304219,6,44.0,7.33,36.67,4.0,8.0,2025-04-28,2025-06-06
504120,6,44.0,7.33,36.67,4.0,8.0,2025-04-24,2025-05-22
505867,7,44.0,6.29,31.43,4.0,8.0,2025-04-21,2025-07-04
202398,7,44.0,6.29,31.43,4.0,8.0,2025-04-18,2025-06-26
503432,5,43.95,8.79,43.95,8.05,9.7,2025-09-15,2025-09-19
501793,5,43.95,8.79,43.95,3.05,12.42,2025-05-28,2025-10-02
510281,4,43.94,10.99,54.93,10.57,11.45,2025-09-15,2025-09-22
508082,4,43.53,10.88,54.41,10.68,11.33,2025-09-15,2025-09-24
09121,8,43.5,5.44,27.19,5.0,8.5,2025-09-21,2025-10-15
504043,5,43.39,8.68,43.39,8.5,8.95,2025-09-14,2025-10-05
201363,7,43.38,6.2,30.99,2.57,8.8,2025-05-29,2025-07-07
503145,5,43.32,8.66,43.32,8.5,8.9,2025-09-22,2025-09-27
507498,7,43.25,6.18,30.89,1.5,8.0,2025-09-15,2025-10-13
502301,5,42.98,8.6,42.98,8.58,8.6,2025-09-15,2025-09-24
503772,12,42.94,3.58,17.89,2.88,4.25,2025-04-26,2025-09-21
410578,5,42.84,8.57,42.84,8.22,8.7,2025-05-01,2025-06-04
504144,5,42.81,8.56,42.81,8.5,8.78,2025-09-16,2025-10-14
506369,4,42.79,10.7,53.49,8.62,13.45,2025-09-19,2025-09-26
508441,6,42.76,7.13,35.63,5.0,8.0,2025-06-11,2025-06-19
07986,6,42.74,7.12,35.62,6.0,8.32,2025-09-15,2025-10-04
501026,5,42.71,8.54,42.71,8.38,8.85,2025-05-01,2025-07-08
507542,5,42.7,8.54,42.7,8.5,8.65,2025-09-14,2025-09-26
415825,5,42.69,8.54,42.69,8.47,8.63,2025-04-20,2025-06-22
504873,5,42.58,8.52,42.58,6.85,10.28,2025-09-22,2025-09-26
403768,5,42.57,8.51,42.57,8.42,8.62,2025-07-01,2025-07-08
505175,5,42.55,8.51,42.55,8.43,8.6,2025-09-14,2025-09-30
12001,4,42.52,10.63,53.15,5.0,12.67,2025-09-19,2025-09-26
03288,5,42.5,8.5,42.5,8.5,8.5,2025-09-25,2025-10-02
507308,5,42.5,8.5,42.5,8.5,8.5,2025-04-18,2025-04-25
07487,5,42.5,8.5,42.5,8.5,8.5,2025-10-06,2025-10-16
10556,5,42.5,8.5,42.5,8.5,8.5,2025-09-14,2025-10-12
200096,5,42.5,8.5,42.5,8.5,8.5,2025-09-15,2025-09-19
408288,5,42.5,8.5,42.5,8.5,8.5,2025-09-15,2025-09-19
02968,5,42.5,8.5,42.5,8.5,8.5,2025-10-06,2025-10-10
500547,6,42.5,7.08,35.42,4.0,8.5,2025-09-14,2025-09-29
510609,5,42.5,8.5,42.5,8.5,8.5,2025-09-14,2025-09-20
514650,5,42.48,8.5,42.48,8.4,8.58,2025-09-14,2025-10-12
12428,5,42.44,8.49,42.44,8.37,8.57,2025-09-19,2025-10-03
420936,6,42.4,7.07,35.33,4.0,8.5,2025-04-26,2025-07-04
04852,5,42.28,8.46,42.28,8.43,8.5,2025-09-16,2025-09-25
01730,5,42.25,8.45,42.25,4.25,12.5,2025-09-25,2025-10-16
505442,8,42.16,5.27,26.35,3.53,7.32,2025-09-15,2025-09-24
507582,5,42.16,8.43,42.16,8.33,8.52,2025-05-12,2025-09-20
507872,5,42.1,8.42,42.1,8.15,8.5,2025-09-20,2025-10-02
501453,10,42.1,4.21,21.05,4.0,4.5,2025-09-15,2025-10-16
336318,7,42.0,6.0,30.0,6.0,6.0,2025-04-21,2025-07-03
303643,5,42.0,8.4,42.0,8.0,10.0,2025-06-16,2025-09-20
11151,4,42.0,10.5,52.5,8.5,12.5,2025-09-27,2025-10-12
506685,7,41.95,5.99,29.96,4.0,7.5,2025-09-15,2025-09-26
999999,10,41.95,4.2,20.98,3.85,6.0,2025-09-15,2025-09-26
11066,7,41.94,5.99,29.96,5.67,6.18,2025-09-15,2025-09-24
503369,5,41.87,8.37,41.87,8.22,8.52,2025-04-23,2025-05-21
14260,5,41.81,8.36,41.81,4.5,12.93,2025-09-16,2025-09-29
505393,5,41.66,8.33,41.66,7.95,8.5,2025-04-19,2025-06-21
500534,4,41.58,10.4,51.97,10.38,10.42,2025-09-15,2025-09-23
508567,4,41.5,10.38,51.88,4.0,12.5,2025-09-15,2025-09-24
508596,5,41.5,8.3,41.5,8.0,8.5,2025-06-30,2025-09-27
505945,11,41.27,3.75,18.76,1.88,5.15,2025-05-02,2025-06-30
503970,10,41.26,4.13,20.63,4.0,4.4,2025-04-27,2025-10-12
101576,9,41.22,4.58,22.9,2.38,5.32,2025-04-25,2025-06-26
14988,4,41.18,10.3,51.48,9.88,10.48,2025-09-15,2025-09-19
102007-109642,7,41.0,5.86,29.29,0.5,9.0,2025-04-19,2025-07-06
503316,7,40.98,5.85,29.27,2.82,12.5,2025-09-14,2025-09-27
508591,5,40.85,8.17,40.85,7.32,8.43,2025-06-23,2025-06-27
101530,9,40.82,4.54,22.68,4.15,5.0,2025-05-04,2025-09-25
507163,9,40.71,4.52,22.62,4.48,4.68,2025-09-17,2025-10-15
504340,5,40.51,8.1,40.51,8.0,8.2,2025-09-16,2025-09-27
422074,6,40.48,6.75,33.73,5.38,7.8,2025-05-03,2025-07-06
503746,7,40.37,5.77,28.84,5.17,6.18,2025-05-03,2025-09-21
504596,6,40.22,6.7,33.52,3.0,8.57,2025-09-14,2025-09-27
410372,5,40.17,8.03,40.17,7.37,8.5,2025-04-19,2025-09-27
507259-419378,6,40.04,6.67,33.37,4.88,7.7,2025-04-26,2025-06-21
105439,5,40.0,8.0,40.0,8.0,8.0,2025-07-01,2025-07-08
10546,5,40.0,8.0,40.0,8.0,8.0,2025-04-21,2025-06-25
336023,7,40.0,5.71,28.57,4.0,8.0,2025-04-21,2025-07-03
414762,5,40.0,8.0,40.0,8.0,8.0,2025-05-27,2025-06-02
101579,5,40.0,8.0,40.0,8.0,8.0,2025-05-22,2025-06-25
102573,5,40.0,8.0,40.0,8.0,8.0,2025-06-13,2025-07-03
304069,5,40.0,8.0,40.0,8.0,8.0,2025-04-18,2025-06-30
336640,5,40.0,8.0,40.0,8.0,8.0,2025-05-19,2025-05-23
403934,5,40.0,8.0,40.0,8.0,8.0,2025-04-21,2025-04-25
13745,5,40.0,8.0,40.0,8.0,8.0,2025-06-03,2025-07-03
400840,5,40.0,8.0,40.0,8.0,8.0,2025-05-27,2025-06-25
409546,5,40.0,8.0,40.0,8.0,8.0,2025-06-09,2025-06-13
422533,5,40.0,8.0,40.0,8.0,8.0,2025-06-09,2025-06-13
501275,5,40.0,8.0,40.0,8.0,8.0,2025-04-21,2025-06-20
130067,5,40.0,8.0,40.0,8.0,8.0,2025-05-21,2025-06-20
304162,5,40.0,8.0,40.0,8.0,8.0,2025-04-21,2025-07-07
419151,5,40.0,8.0,40.0,8.0,8.0,2025-05-14,2025-06-30
419449,5,40.0,8.0,40.0,8.0,8.0,2025-04-23,2025-07-03
422609,5,40.0,8.0,40.0,8.0,8.0,2025-05-20,2025-06-27
400292,5,40.0,8.0,40.0,8.0,8.0,2025-04-25,2025-07-03
500943,5,40.0,8.0,40.0,8.0,8.0,2025-04-22,2025-06-05
203563,5,40.0,8.0,40.0,8.0,8.0,2025-05-12,2025-05-16
304110,5,40.0,8.0,40.0,8.0,8.0,2025-05-08,2025-06-25
334394,5,40.0,8.0,40.0,8.0,8.0,2025-05-27,2025-06-16
409139,5,40.0,8.0,40.0,8.0,8.0,2025-05-23,2025-06-30
409914,5,40.0,8.0,40.0,8.0,8.0,2025-06-02,2025-06-06
101509,5,40.0,8.0,40.0,8.0,8.0,2025-06-13,2025-07-03
413557,5,40.0,8.0,40.0,8.0,8.0,2025-04-22,2025-07-03
500800,6,40.0,6.67,33.33,4.0,8.0,2025-04-24,2025-07-11
105328,5,40.0,8.0,40.0,8.0,8.0,2025-04-18,2025-04-25
418618,5,40.0,8.0,40.0,8.0,8.0,2025-04-25,2025-07-03
505597,6,40.0,6.67,33.33,4.0,8.0,2025-04-28,2025-07-18
506573,5,40.0,8.0,40.0,8.0,8.0,2025-05-27,2025-07-03
506999,5,40.0,8.0,40.0,8.0,8.0,2025-04-21,2025-05-23
402222,5,40.0,8.0,40.0,8.0,8.0,2025-05-07,2025-06-30
405094,5,40.0,8.0,40.0,8.0,8.0,2025-04-21,2025-06-20
418997,5,40.0,8.0,40.0,8.0,8.0,2025-04-18,2025-06-13
101195,5,40.0,8.0,40.0,8.0,8.0,2025-05-08,2025-07-07
304151,5,40.0,8.0,40.0,8.0,8.0,2025-05-02,2025-06-20
101313,5,40.0,8.0,40.0,8.0,8.0,2025-05-13,2025-07-03
103022,5,40.0,8.0,40.0,8.0,8.0,2025-04-24,2025-06-27
419886,5,40.0,8.0,40.0,8.0,8.0,2025-05-02,2025-07-07
421895,4,40.0,10.0,50.0,10.0,10.0,2025-04-18,2025-06-25
505698,5,40.0,8.0,40.0,8.0,8.0,2025-04-18,2025-07-03
200758,5,40.0,8.0,40.0,8.0,8.0,2025-05-20,2025-07-03
506396,5,40.0,8.0,40.0,8.0,8.0,2025-05-12,2025-05-16
202950,5,40.0,8.0,40.0,8.0,8.0,2025-05-12,2025-05-16
302930,5,40.0,8.0,40.0,8.0,8.0,2025-06-09,2025-07-03
336565,5,40.0,8.0,40.0,8.0,8.0,2025-06-09,2025-06-13
504854,5,40.0,8.0,40.0,8.0,8.0,2025-05-05,2025-05-09
507296,5,40.0,8.0,40.0,8.0,8.0,2025-05-05,2025-05-09
304153,5,40.0,8.0,40.0,8.0,8.0,2025-05-23,2025-07-03
304177,5,40.0,8.0,40.0,8.0,8.0,2025-06-23,2025-06-27
405412,5,40.0,8.0,40.0,8.0,8.0,2025-04-28,2025-07-08
409069,5,40.0,8.0,40.0,8.0,8.0,2025-06-18,2025-07-03
414785,5,40.0,8.0,40.0,8.0,8.0,2025-07-07,2025-07-11
415011,5,40.0,8.0,40.0,8.0,8.0,2025-04-25,2025-06-20
416292,5,40.0,8.0,40.0,8.0,8.0,2025-05-06,2025-06-19
505031,5,40.0,8.0,40.0,8.0,8.0,2025-05-19,2025-06-19
201654,5,40.0,8.0,40.0,8.0,8.0,2025-04-28,2025-07-08
403782,5,40.0,8.0,40.0,8.0,8.0,2025-04-18,2025-06-20
406294,5,40.0,8.0,40.0,8.0,8.0,2025-04-21,2025-07-03
416383,5,40.0,8.0,40.0,8.0,8.0,2025-05-15,2025-07-18
502746,5,40.0,8.0,40.0,8.0,8.0,2025-04-29,2025-05-20
420775,5,40.0,8.0,40.0,8.0,8.0,2025-05-15,2025-06-27
101308,5,40.0,8.0,40.0,8.0,8.0,2025-05-05,2025-07-03
414758,5,40.0,8.0,40.0,8.0,8.0,2025-06-23,2025-07-03
415868,5,40.0,8.0,40.0,8.0,8.0,2025-04-21,2025-04-25
504460,5,40.0,8.0,40.0,8.0,8.0,2025-04-18,2025-06-20
104496,5,40.0,8.0,40.0,8.0,8.0,2025-04-21,2025-04-25
336500,5,40.0,8.0,40.0,8.0,8.0,2025-05-12,2025-05-16
506402,5,40.0,8.0,40.0,8.0,8.0,2025-04-28,2025-06-12
140027,5,40.0,8.0,40.0,8.0,8.0,2025-04-21,2025-06-11
418992,4,40.0,10.0,50.0,10.0,10.0,2025-04-23,2025-06-17
505466,5,40.0,8.0,40.0,8.0,8.0,2025-04-21,2025-04-25
102348,5,40.0,8.0,40.0,8.0,8.0,2025-06-03,2025-06-20
200819,5,40.0,8.0,40.0,8.0,8.0,2025-05-12,2025-05-16
304216,5,40.0,8.0,40.0,8.0,8.0,2025-05-27,2025-06-11
336506,5,40.0,8.0,40.0,8.0,8.0,2025-06-12,2025-06-18
336694,5,40.0,8.0,40.0,8.0,8.0,2025-04-29,2025-07-03
505363,5,40.0,8.0,40.0,8.0,8.0,2025-05-01,2025-07-03
14071,4,40.0,10.0,50.0,10.0,10.0,2025-09-15,2025-09-19
402424,5,40.0,8.0,40.0,8.0,8.0,2025-06-02,2025-06-06
421935,5,40.0,8.0,40.0,8.0,8.0,2025-04-18,2025-05-09
505301,5,40.0,8.0,40.0,8.0,8.0,2025-05-01,2025-05-14
505270,4,40.0,10.0,50.0,10.0,10.0,2025-05-26,2025-05-30
200550,5,40.0,8.0,40.0,8.0,8.0,2025-05-14,2025-05-30
336683,5,40.0,8.0,40.0,8.0,8.0,2025-05-07,2025-07-04
505263,5,40.0,8.0,40.0,8.0,8.0,2025-05-12,2025-05-16
102707,5,40.0,8.0,40.0,8.0,8.0,2025-04-21,2025-07-03
418825,5,40.0,8.0,40.0,8.0,8.0,2025-05-06,2025-05-15
504910,5,40.0,8.0,40.0,8.0,8.0,2025-06-20,2025-07-03
336497,5,40.0,8.0,40.0,8.0,8.0,2025-06-02,2025-06-06
413909,5,40.0,8.0,40.0,8.0,8.0,2025-05-27,2025-06-02
414710,5,40.0,8.0,40.0,8.0,8.0,2025-05-21,2025-05-27
416854,5,40.0,8.0,40.0,8.0,8.0,2025-05-08,2025-05-14
419080,5,40.0,8.0,40.0,8.0,8.0,2025-05-16,2025-07-03
420187,5,40.0,8.0,40.0,8.0,8.0,2025-04-24,2025-07-03
112345,5,40.0,8.0,40.0,8.0,8.0,2025-05-06,2025-06-03
336754,5,40.0,8.0,40.0,8.0,8.0,2025-05-12,2025-06-27
412752,5,40.0,8.0,40.0,8.0,8.0,2025-06-10,2025-07-11
413217,5,40.0,8.0,40.0,8.0,8.0,2025-06-23,2025-06-27
502244,5,40.0,8.0,40.0,8.0,8.0,2025-05-02,2025-06-23
506406,5,40.0,8.0,40.0,8.0,8.0,2025-05-22,2025-07-11
101459,5,40.0,8.0,40.0,8.0,8.0,2025-05-21,2025-07-07
102147,5,40.0,8.0,40.0,8.0,8.0,2025-04-18,2025-07-03
104784,5,40.0,8.0,40.0,8.0,8.0,2025-05-12,2025-05-16
336772,5,40.0,8.0,40.0,8.0,8.0,2025-04-18,2025-06-27
420096,5,40.0,8.0,40.0,8.0,8.0,2025-05-07,2025-07-03
502087,6,40.0,6.67,33.33,4.0,8.0,2025-05-08,2025-06-02
15167,5,39.88,7.98,39.88,5.6,8.73,2025-09-16,2025-09-22
501036,4,39.88,9.97,49.85,7.43,16.0,2025-09-16,2025-09-28
14449,4,39.87,9.97,49.84,1.5,13.0,2025-09-14,2025-09-20
102014,7,39.75,5.68,28.39,2.0,12.5,2025-05-12,2025-09-27
502922,5,39.64,7.93,39.64,7.0,8.6,2025-04-21,2025-06-22
101572,5,39.51,7.9,39.51,5.55,8.57,2025-04-26,2025-06-22
102110,5,39.5,7.9,39.5,7.5,8.5,2025-04-22,2025-05-12
12929,4,39.47,9.87,49.34,2.0,12.5,2025-09-14,2025-09-28
407270,6,39.22,6.54,32.68,5.25,7.73,2025-05-05,2025-10-06
505552,8,39.2,4.9,24.5,2.32,7.73,2025-09-15,2025-09-24
105280,7,39.17,5.6,27.98,4.85,6.25,2025-05-12,2025-07-08
301836,5,39.17,7.83,39.17,6.9,8.65,2025-04-25,2025-06-06
104390,5,39.11,7.82,39.11,7.32,8.47,2025-05-04,2025-09-14
507821,8,39.1,4.89,24.44,3.0,8.5,2025-09-16,2025-09-27
203654,4,39.07,9.77,48.84,8.1,10.52,2025-04-18,2025-04-25
101142,6,39.0,6.5,32.5,6.5,6.5,2025-04-24,2025-07-01
504846,7,39.0,5.57,27.86,3.27,6.53,2025-09-15,2025-09-24
503258,5,38.88,7.78,38.88,7.5,8.0,2025-09-14,2025-10-12
15130,5,38.57,7.71,38.57,4.8,8.65,2025-09-16,2025-09-25
12433,5,38.42,7.68,38.42,4.5,8.5,2025-09-20,2025-10-11
503366,3,38.25,12.75,63.75,12.57,13.05,2025-04-23,2025-04-25
502902,3,38.21,12.74,63.68,12.55,12.88,2025-09-17,2025-09-19
504840,3,38.15,12.72,63.58,12.43,12.97,2025-05-02,2025-05-16
408971,5,38.15,7.63,38.15,4.0,12.7,2025-05-30,2025-09-21
10557,3,38.05,12.68,63.42,12.5,13.05,2025-09-19,2025-10-03
12492,4,38.02,9.5,47.52,4.0,15.0,2025-09-14,2025-10-09
420723,3,37.95,12.65,63.25,11.55,13.27,2025-05-15,2025-06-24
08609,3,37.88,12.63,63.13,12.5,12.88,2025-09-19,2025-10-10
501054,3,37.86,12.62,63.1,12.62,12.62,2025-09-17,2025-09-20
416487,4,37.86,9.47,47.33,8.08,12.62,2025-04-22,2025-07-04
10757,3,37.82,12.61,63.03,12.5,12.8,2025-09-18,2025-09-25
08655,3,37.78,12.59,62.97,12.5,12.78,2025-09-15,2025-10-07
503680-101786,3,37.73,12.58,62.88,12.48,12.72,2025-05-04,2025-06-08
03689,5,37.7,7.54,37.7,5.47,12.23,2025-09-19,2025-10-02
522126,3,37.7,12.57,62.83,12.5,12.65,2025-09-18,2025-09-20
11678,3,37.69,12.56,62.82,12.37,12.82,2025-09-16,2025-09-28
105037,5,37.66,7.53,37.66,4.03,8.5,2025-05-08,2025-09-29
335855,6,37.62,6.27,31.35,3.02,11.03,2025-04-18,2025-04-26
504924,3,37.52,12.51,62.53,12.45,12.57,2025-09-15,2025-09-21
510591,3,37.5,12.5,62.5,12.5,12.5,2025-09-17,2025-09-20
510570,3,37.5,12.5,62.5,12.5,12.5,2025-10-04,2025-10-11
09937,3,37.5,12.5,62.5,12.5,12.5,2025-10-05,2025-10-11
102509-109644,7,37.5,5.36,26.79,4.0,8.5,2025-04-23,2025-06-25
507026,5,37.45,7.49,37.45,6.28,8.82,2025-09-20,2025-09-27
508076,3,37.4,12.47,62.33,12.35,12.55,2025-09-15,2025-09-18
502803,8,37.34,4.67,23.34,4.37,5.3,2025-09-14,2025-09-27
501389,8,37.28,4.66,23.3,1.0,6.07,2025-04-19,2025-09-21
506057,5,37.11,7.42,37.11,2.83,8.9,2025-09-16,2025-09-24
507250,4,37.05,9.26,46.31,8.5,10.05,2025-09-16,2025-09-25
14440,5,37.0,7.4,37.0,5.0,8.0,2025-05-02,2025-07-15
14436,5,37.0,7.4,37.0,5.53,8.5,2025-09-14,2025-09-27
502810,4,37.0,9.25,46.25,4.0,12.5,2025-04-18,2025-06-20
503804,5,36.98,7.4,36.98,3.95,15.88,2025-09-14,2025-09-26
14635,5,36.96,7.39,36.96,4.5,9.42,2025-09-15,2025-09-22
09545,4,36.87,9.22,46.09,2.5,12.5,2025-09-16,2025-10-12
509160,10,36.85,3.68,18.42,1.5,5.0,2025-06-23,2025-07-08
506757,3,36.84,12.28,61.4,12.12,12.5,2025-09-20,2025-10-04
505059,6,36.82,6.14,30.68,4.5,6.65,2025-09-18,2025-10-16
504498,6,36.81,6.14,30.68,4.95,8.27,2025-05-02,2025-07-01
12297,3,36.67,12.22,61.12,11.95,12.4,2025-09-15,2025-09-17
101031,7,36.62,5.23,26.16,1.0,8.32,2025-05-08,2025-07-04
502401,9,36.6,4.07,20.33,4.0,4.13,2025-04-19,2025-10-11
101164,4,36.5,9.13,45.63,9.0,9.5,2025-04-18,2025-06-17
11887,3,36.4,12.13,60.67,12.0,12.4,2025-09-14,2025-09-28
514658,3,36.35,12.12,60.58,12.0,12.35,2025-09-17,2025-09-27
03839,5,36.25,7.25,36.25,6.8,7.78,2025-09-16,2025-09-23
506509,5,36.15,7.23,36.15,3.0,13.0,2025-09-14,2025-09-24
100562,5,36.08,7.22,36.08,6.98,8.0,2025-04-18,2025-04-30
507164,5,36.0,7.2,36.0,4.0,8.0,2025-05-12,2025-06-19
102211,4,36.0,9.0,45.0,9.0,9.0,2025-04-21,2025-04-25
415108,3,36.0,12.0,60.0,12.0,12.0,2025-05-26,2025-07-04
304221,5,36.0,7.2,36.0,4.0,8.0,2025-04-25,2025-07-11
505090,3,36.0,12.0,60.0,12.0,12.0,2025-05-27,2025-05-29
422190,5,36.0,7.2,36.0,4.0,8.0,2025-06-23,2025-06-27
504848,4,36.0,9.0,45.0,8.88,9.1,2025-09-20,2025-09-24
418154,5,36.0,7.2,36.0,4.0,8.0,2025-04-24,2025-07-03
417252,5,36.0,7.2,36.0,4.0,8.0,2025-04-21,2025-05-23
505564,3,36.0,12.0,60.0,12.0,12.0,2025-04-19,2025-04-22
416261,3,36.0,12.0,60.0,11.0,12.5,2025-05-10,2025-07-08
417276,6,36.0,6.0,30.0,4.0,8.0,2025-05-01,2025-06-27
505683,6,35.98,6.0,29.98,5.25,7.28,2025-09-16,2025-09-24
501363,4,35.97,8.99,44.96,8.6,9.7,2025-09-16,2025-09-19
200965,4,35.95,8.99,44.94,8.0,11.95,2025-05-26,2025-06-12
502100,5,35.93,7.19,35.93,6.0,8.37,2025-09-14,2025-09-30
06059,5,35.91,7.18,35.91,4.0,8.5,2025-09-15,2025-10-08
103225,9,35.71,3.97,19.84,1.43,7.03,2025-04-22,2025-09-23
41855,4,35.62,8.91,44.53,8.5,9.77,2025-09-18,2025-09-23
415534,5,35.37,7.07,35.37,6.0,8.58,2025-05-04,2025-10-01
501799,5,35.18,7.04,35.18,4.6,11.97,2025-09-15,2025-09-22
502570,15,35.09,2.34,11.7,0.07,9.55,2025-04-23,2025-09-20
410832,5,35.07,7.01,35.07,1.0,8.77,2025-04-30,2025-06-21
12451,5,35.0,7.0,35.0,3.0,8.0,2025-04-29,2025-06-20
504273,6,35.0,5.83,29.17,4.05,6.45,2025-04-19,2025-06-22
10868,4,34.88,8.72,43.6,8.5,8.9,2025-09-16,2025-09-24
420871,3,34.86,11.62,58.1,7.92,14.42,2025-04-29,2025-06-12
507354,6,34.53,5.76,28.78,1.55,8.72,2025-04-18,2025-04-28
506828,5,34.51,6.9,34.51,4.5,8.52,2025-09-16,2025-09-23
501901,4,34.5,8.63,43.13,8.52,8.75,2025-06-19,2025-09-21
515927,7,34.45,4.92,24.61,3.65,8.35,2025-09-14,2025-09-22
504957,4,34.32,8.58,42.9,8.5,8.67,2025-06-23,2025-09-23
14169,4,34.18,8.55,42.73,8.5,8.6,2025-09-17,2025-09-28
14754,4,34.18,8.55,42.73,8.42,8.78,2025-09-14,2025-09-27
420803,9,34.17,3.8,18.98,1.95,5.55,2025-04-26,2025-06-05
10951,4,34.1,8.53,42.63,8.5,8.6,2025-09-15,2025-10-13
501340,4,34.08,8.52,42.6,8.43,8.62,2025-09-14,2025-09-26
507575,4,34.08,8.52,42.6,8.5,8.58,2025-09-14,2025-10-12
03944,4,34.08,8.52,42.6,8.48,8.6,2025-09-20,2025-10-05
507505,4,34.07,8.52,42.59,8.5,8.57,2025-09-19,2025-10-10
14512,4,34.0,8.5,42.5,8.5,8.5,2025-09-14,2025-09-27
508509,4,34.0,8.5,42.5,8.5,8.5,2025-09-27,2025-10-16
413316,4,34.0,8.5,42.5,8.5,8.5,2025-10-13,2025-10-16
504020,4,34.0,8.5,42.5,8.5,8.5,2025-06-30,2025-07-03
422201,4,34.0,8.5,42.5,8.5,8.5,2025-09-15,2025-09-19
501096,4,34.0,8.5,42.5,8.5,8.5,2025-10-13,2025-10-16
102291,4,34.0,8.5,42.5,8.5,8.5,2025-04-21,2025-04-25
506652,4,33.98,8.5,42.47,8.45,8.53,2025-04-21,2025-06-23
504774,4,33.93,8.48,42.41,8.28,8.62,2025-05-09,2025-05-24
504337,4,33.88,8.47,42.35,8.38,8.5,2025-04-30,2025-10-03
101553,4,33.86,8.47,42.33,8.33,8.53,2025-05-17,2025-10-12
03955,4,33.83,8.46,42.29,8.33,8.5,2025-09-14,2025-10-11
507248,4,33.73,8.43,42.16,8.23,8.5,2025-09-18,2025-10-13
507556,5,33.63,6.73,33.63,2.47,11.68,2025-05-14,2025-07-03
101613,4,33.53,8.38,41.91,8.0,8.57,2025-05-09,2025-06-10
503409,3,33.5,11.17,55.83,8.5,12.5,2025-09-26,2025-10-10
09844,7,33.21,4.74,23.72,4.05,5.85,2025-09-14,2025-09-23
504778,4,33.1,8.28,41.38,8.1,8.47,2025-05-16,2025-05-23
514677,4,33.0,8.25,41.25,7.8,8.52,2025-09-16,2025-09-24
508046,6,32.95,5.49,27.46,2.5,8.5,2025-05-12,2025-05-31
101028,5,32.76,6.55,32.76,6.02,6.98,2025-05-22,2025-09-22
102070,7,32.75,4.68,23.39,2.25,8.5,2025-04-30,2025-07-04
421366,5,32.7,6.54,32.7,6.45,6.67,2025-04-18,2025-04-24
409175,4,32.65,8.16,40.81,7.97,8.38,2025-04-27,2025-09-20
421614,4,32.64,8.16,40.8,7.97,8.4,2025-04-26,2025-07-06
405686,4,32.61,8.15,40.76,8.0,8.38,2025-06-23,2025-07-03
504504,4,32.55,8.14,40.69,7.05,8.5,2025-09-24,2025-10-15
507213,5,32.55,6.51,32.55,2.75,8.5,2025-09-22,2025-09-26
04757,2,32.5,16.25,81.25,8.5,24.0,2025-09-26,2025-09-27
504119,4,32.27,8.07,40.34,7.7,8.65,2025-09-15,2025-09-24
08621,4,32.12,8.03,40.15,8.0,8.12,2025-09-19,2025-10-10
304053,4,32.0,8.0,40.0,8.0,8.0,2025-04-24,2025-05-28
105324,4,32.0,8.0,40.0,8.0,8.0,2025-09-16,2025-09-25
14026,4,32.0,8.0,40.0,8.0,8.0,2025-05-08,2025-07-07
415843,4,32.0,8.0,40.0,8.0,8.0,2025-05-16,2025-05-21
421253,4,32.0,8.0,40.0,8.0,8.0,2025-04-18,2025-05-23
505033,4,32.0,8.0,40.0,8.0,8.0,2025-05-19,2025-06-19
505289,4,32.0,8.0,40.0,8.0,8.0,2025-06-16,2025-06-20
505879,4,32.0,8.0,40.0,8.0,8.0,2025-05-30,2025-06-04
505942,5,32.0,6.4,32.0,4.0,8.0,2025-05-19,2025-07-18
416656,4,32.0,8.0,40.0,8.0,8.0,2025-04-21,2025-07-11
334440,4,32.0,8.0,40.0,8.0,8.0,2025-04-21,2025-04-24
413768,5,32.0,6.4,32.0,4.0,8.0,2025-05-01,2025-08-20
502026,4,32.0,8.0,40.0,8.0,8.0,2025-04-21,2025-05-22
102877,4,32.0,8.0,40.0,8.0,8.0,2025-05-09,2025-06-02
140007,4,32.0,8.0,40.0,8.0,8.0,2025-05-02,2025-05-22
304004,4,32.0,8.0,40.0,8.0,8.0,2025-05-30,2025-06-25
403044,4,32.0,8.0,40.0,8.0,8.0,2025-04-21,2025-05-28
413708,4,32.0,8.0,40.0,8.0,8.0,2025-05-19,2025-05-22
417159,4,32.0,8.0,40.0,8.0,8.0,2025-04-18,2025-07-17
506390,4,32.0,8.0,40.0,8.0,8.0,2025-06-05,2025-06-10
09210,4,32.0,8.0,40.0,8.0,8.0,2025-06-30,2025-07-03
101803,4,32.0,8.0,40.0,8.0,8.0,2025-04-21,2025-05-29
501317,4,32.0,8.0,40.0,8.0,8.0,2025-05-30,2025-06-25
505170,4,32.0,8.0,40.0,8.0,8.0,2025-05-02,2025-06-23
503439,4,32.0,8.0,40.0,8.0,8.0,2025-05-19,2025-05-22
102607,4,32.0,8.0,40.0,8.0,8.0,2025-05-12,2025-06-10
102711,5,32.0,6.4,32.0,4.0,8.0,2025-04-18,2025-06-26
336699,4,32.0,8.0,40.0,8.0,8.0,2025-04-25,2025-05-21
419135,4,32.0,8.0,40.0,8.0,8.0,2025-05-27,2025-06-24
501143,4,32.0,8.0,40.0,8.0,8.0,2025-06-12,2025-07-02
501861,4,32.0,8.0,40.0,8.0,8.0,2025-05-21,2025-07-03
101626,4,32.0,8.0,40.0,8.0,8.0,2025-04-21,2025-06-20
336804,4,32.0,8.0,40.0,8.0,8.0,2025-04-21,2025-06-30
102815,4,32.0,8.0,40.0,8.0,8.0,2025-04-22,2025-05-15
336701,4,32.0,8.0,40.0,8.0,8.0,2025-05-20,2025-06-25
336707,4,32.0,8.0,40.0,8.0,8.0,2025-05-01,2025-06-03
412085,4,32.0,8.0,40.0,8.0,8.0,2025-05-29,2025-07-03
421014,4,32.0,8.0,40.0,8.0,8.0,2025-05-22,2025-06-30
503831,4,32.0,8.0,40.0,8.0,8.0,2025-05-20,2025-07-01
102163,4,32.0,8.0,40.0,8.0,8.0,2025-05-01,2025-06-26
304101,4,32.0,8.0,40.0,8.0,8.0,2025-04-18,2025-06-06
505703,4,32.0,8.0,40.0,8.0,8.0,2025-05-07,2025-05-19
336540,4,32.0,8.0,40.0,8.0,8.0,2025-06-20,2025-07-11
410763,4,32.0,8.0,40.0,8.0,8.0,2025-04-21,2025-06-09
416632,4,32.0,8.0,40.0,8.0,8.0,2025-05-15,2025-06-20
421748,4,32.0,8.0,40.0,8.0,8.0,2025-06-11,2025-06-23
501917,4,32.0,8.0,40.0,8.0,8.0,2025-04-24,2025-06-19
503568,4,32.0,8.0,40.0,8.0,8.0,2025-06-17,2025-07-03
503975,4,32.0,8.0,40.0,8.0,8.0,2025-05-20,2025-06-03
506587,4,32.0,8.0,40.0,8.0,8.0,2025-06-16,2025-06-20
420944,4,32.0,8.0,40.0,8.0,8.0,2025-04-25,2025-06-19
421398,4,32.0,8.0,40.0,8.0,8.0,2025-05-01,2025-06-24
502039,4,32.0,8.0,40.0,8.0,8.0,2025-04-18,2025-06-04
505580,4,32.0,8.0,40.0,8.0,8.0,2025-05-01,2025-06-06
506299,4,32.0,8.0,40.0,8.0,8.0,2025-05-09,2025-07-03
200868,4,32.0,8.0,40.0,8.0,8.0,2025-04-25,2025-06-06
415208,4,32.0,8.0,40.0,8.0,8.0,2025-06-30,2025-07-03
501526,4,32.0,8.0,40.0,8.0,8.0,2025-07-01,2025-07-04
502404,4,32.0,8.0,40.0,8.0,8.0,2025-05-20,2025-06-30
101487,4,32.0,8.0,40.0,8.0,8.0,2025-04-23,2025-05-22
304186,4,32.0,8.0,40.0,8.0,8.0,2025-06-09,2025-07-03
415272,4,32.0,8.0,40.0,8.0,8.0,2025-06-30,2025-07-03
508495,4,32.0,8.0,40.0,8.0,8.0,2025-06-30,2025-07-03
418488,4,32.0,8.0,40.0,8.0,8.0,2025-04-21,2025-06-24
505214,4,32.0,8.0,40.0,8.0,8.0,2025-05-21,2025-06-19
505325,4,32.0,8.0,40.0,8.0,8.0,2025-04-25,2025-07-03
102388,4,32.0,8.0,40.0,8.0,8.0,2025-05-20,2025-07-01
12541,4,32.0,8.0,40.0,8.0,8.0,2025-04-22,2025-05-23
336693,4,32.0,8.0,40.0,8.0,8.0,2025-04-21,2025-06-16
366800,4,32.0,8.0,40.0,8.0,8.0,2025-04-22,2025-06-13
407753,4,32.0,8.0,40.0,8.0,8.0,2025-04-23,2025-07-01
418743,4,32.0,8.0,40.0,8.0,8.0,2025-06-30,2025-07-03
102926,4,32.0,8.0,40.0,8.0,8.0,2025-06-06,2025-06-13
336152,4,32.0,8.0,40.0,8.0,8.0,2025-04-21,2025-06-02
416891,4,32.0,8.0,40.0,8.0,8.0,2025-05-09,2025-06-20
503100,4,32.0,8.0,40.0,8.0,8.0,2025-04-21,2025-06-16
505646,4,32.0,8.0,40.0,8.0,8.0,2025-05-23,2025-06-04
130109,4,32.0,8.0,40.0,8.0,8.0,2025-06-04,2025-06-09
304060,4,32.0,8.0,40.0,8.0,8.0,2025-04-21,2025-06-18
506169,4,32.0,8.0,40.0,8.0,8.0,2025-05-03,2025-06-19
13220,4,32.0,8.0,40.0,8.0,8.0,2025-09-15,2025-09-18
336030,4,32.0,8.0,40.0,8.0,8.0,2025-05-05,2025-06-19
336560,4,32.0,8.0,40.0,8.0,8.0,2025-05-06,2025-07-02
418782,4,32.0,8.0,40.0,8.0,8.0,2025-05-09,2025-06-26
336556,4,32.0,8.0,40.0,8.0,8.0,2025-06-20,2025-07-07
415744,4,32.0,8.0,40.0,8.0,8.0,2025-04-23,2025-06-13
503728,4,32.0,8.0,40.0,8.0,8.0,2025-04-21,2025-06-27
201668,4,32.0,8.0,40.0,8.0,8.0,2025-05-14,2025-05-19
303497,4,32.0,8.0,40.0,8.0,8.0,2025-04-23,2025-06-12
412671,4,32.0,8.0,40.0,8.0,8.0,2025-05-05,2025-05-23
421668,4,32.0,8.0,40.0,8.0,8.0,2025-05-12,2025-05-16
503350,4,32.0,8.0,40.0,8.0,8.0,2025-05-15,2025-06-20
104185,4,32.0,8.0,40.0,8.0,8.0,2025-04-21,2025-04-25
104253,4,32.0,8.0,40.0,8.0,8.0,2025-04-28,2025-05-26
336546,4,32.0,8.0,40.0,8.0,8.0,2025-05-27,2025-06-30
336673,4,32.0,8.0,40.0,8.0,8.0,2025-05-07,2025-07-09
336799,4,32.0,8.0,40.0,8.0,8.0,2025-06-30,2025-07-03
402187,4,32.0,8.0,40.0,8.0,8.0,2025-04-21,2025-06-20
411896,4,32.0,8.0,40.0,8.0,8.0,2025-06-09,2025-07-07
506747,4,32.0,8.0,40.0,8.0,8.0,2025-05-06,2025-05-09
507290,4,32.0,8.0,40.0,8.0,8.0,2025-06-30,2025-07-03
505292,4,32.0,8.0,40.0,8.0,8.0,2025-04-28,2025-06-13
336641,4,32.0,8.0,40.0,8.0,8.0,2025-05-02,2025-05-27
417862,4,32.0,8.0,40.0,8.0,8.0,2025-04-24,2025-08-15
417716,4,31.8,7.95,39.75,6.0,8.62,2025-04-29,2025-06-13
417181,3,31.72,10.57,52.87,8.5,14.72,2025-09-18,2025-10-11
501217,4,31.7,7.93,39.63,7.73,8.0,2025-09-16,2025-10-07
502004,6,31.62,5.27,26.35,4.12,6.3,2025-04-25,2025-09-22
102980,4,31.5,7.88,39.38,7.5,8.0,2025-04-21,2025-05-14
12055,4,31.45,7.86,39.31,5.17,15.0,2025-09-20,2025-10-04
506976,7,31.32,4.47,22.37,3.0,6.15,2025-09-18,2025-10-03
519642,7,31.3,4.47,22.36,4.28,4.72,2025-09-16,2025-09-26
507452,8,31.23,3.9,19.52,1.87,8.8,2025-09-15,2025-09-23
502340,6,31.0,5.17,25.83,4.5,6.5,2025-09-17,2025-10-02
420570,5,30.91,6.18,30.91,5.98,6.4,2025-04-26,2025-07-06
505786,6,30.75,5.13,25.63,2.98,8.5,2025-09-19,2025-09-27
414508,4,30.58,7.65,38.23,7.5,7.83,2025-04-25,2025-06-05
406923,8,30.56,3.82,19.1,1.0,7.22,2025-05-01,2025-09-16
417358,3,30.52,10.17,50.87,8.65,13.17,2025-04-26,2025-07-03
502438,6,30.4,5.07,25.33,4.0,8.33,2025-09-14,2025-09-29
04574,4,30.2,7.55,37.75,5.65,8.63,2025-09-14,2025-09-22
505305,6,30.1,5.02,25.08,4.93,5.2,2025-09-15,2025-09-26
202975,5,30.0,6.0,30.0,2.0,8.0,2025-05-14,2025-05-21
418864,3,30.0,10.0,50.0,10.0,10.0,2025-05-23,2025-07-02
507382,5,29.94,5.99,29.94,5.93,6.03,2025-09-18,2025-09-27
505707,14,29.64,2.12,10.59,0.52,4.77,2025-04-29,2025-07-01
507716,3,29.63,9.88,49.38,8.5,12.5,2025-09-17,2025-10-06
504247,4,29.62,7.4,37.03,4.3,8.5,2025-09-16,2025-09-25
101916,4,29.5,7.38,36.88,5.0,8.5,2025-05-12,2025-06-30
102816,8,29.44,3.68,18.4,2.63,5.48,2025-04-26,2025-06-20
13535,4,29.42,7.36,36.78,4.5,8.5,2025-09-18,2025-10-03
07899,3,29.35,9.78,48.92,8.45,12.4,2025-09-15,2025-09-24
05578,3,29.35,9.78,48.92,8.35,12.5,2025-09-19,2025-10-08
14310,5,29.32,5.86,29.32,2.0,10.42,2025-09-16,2025-09-24
505474,3,29.22,9.74,48.7,8.5,10.5,2025-05-29,2025-06-25
502842,7,29.19,4.17,20.85,0.75,8.03,2025-09-14,2025-09-24
507348,8,29.1,3.64,18.19,0.87,5.72,2025-09-15,2025-09-24
104808,5,29.0,5.8,29.0,4.88,6.85,2025-04-27,2025-07-06
504062,5,29.0,5.8,29.0,1.0,8.0,2025-05-19,2025-08-08
04253,3,29.0,9.67,48.33,8.5,12.0,2025-09-25,2025-10-12
101745,3,28.91,9.64,48.18,4.85,12.08,2025-06-17,2025-06-28
102619,3,28.5,9.5,47.5,9.5,9.5,2025-04-29,2025-06-12
420712,6,28.5,4.75,23.75,3.0,6.5,2025-06-09,2025-06-20
507376,8,28.5,3.56,17.81,1.52,5.55,2025-09-15,2025-09-24
102189,3,28.5,9.5,47.5,7.5,12.5,2025-04-26,2025-04-30
507580,3,28.33,9.44,47.22,9.23,9.87,2025-05-09,2025-09-19
506584,8,28.32,3.54,17.7,3.0,6.72,2025-09-14,2025-09-27
14230,6,28.29,4.72,23.58,4.5,5.2,2025-09-16,2025-10-16
12182,3,28.27,9.42,47.12,7.9,11.32,2025-09-16,2025-09-22
11881,3,28.14,9.38,46.9,6.23,11.58,2025-09-22,2025-09-24
104830-105064,3,28.1,9.37,46.83,9.2,9.7,2025-05-04,2025-06-06
410930,4,28.0,7.0,35.0,4.0,8.0,2025-05-23,2025-06-17
418462,4,28.0,7.0,35.0,4.0,8.0,2025-04-18,2025-05-05
416513,4,28.0,7.0,35.0,4.0,8.0,2025-05-23,2025-06-27
503792,4,28.0,7.0,35.0,4.0,8.0,2025-05-21,2025-06-23
502627,4,28.0,7.0,35.0,4.0,8.0,2025-04-18,2025-06-04
101494,4,28.0,7.0,35.0,4.0,8.0,2025-05-22,2025-07-03
104111-110346,16,28.0,1.75,8.75,0.5,5.0,2025-04-18,2025-07-02
406288,4,28.0,7.0,35.0,4.0,8.0,2025-05-20,2025-06-27
304229,4,28.0,7.0,35.0,4.0,8.0,2025-05-27,2025-07-07
419025,4,28.0,7.0,35.0,4.0,8.0,2025-04-23,2025-07-03
411373,11,27.9,2.54,12.68,1.0,4.72,2025-04-21,2025-09-22
09774,8,27.63,3.45,17.27,2.13,4.57,2025-09-15,2025-09-24
503767,5,27.5,5.5,27.5,3.0,6.3,2025-05-10,2025-06-14
416848,4,27.4,6.85,34.25,4.0,8.4,2025-09-15,2025-09-22
501700,4,27.38,6.85,34.23,2.0,8.55,2025-09-18,2025-10-03
507281,6,27.27,4.55,22.73,1.0,8.0,2025-09-16,2025-09-24
422752,4,27.23,6.81,34.04,5.0,10.03,2025-04-20,2025-09-15
103502-104299,5,27.23,5.45,27.23,4.5,8.5,2025-04-19,2025-07-02
510348,5,27.18,5.44,27.18,4.4,8.9,2025-09-16,2025-09-23
507239,3,27.0,9.0,45.0,9.0,9.0,2025-09-14,2025-09-21
00080,3,27.0,9.0,45.0,9.0,9.0,2025-10-01,2025-10-15
418443,3,27.0,9.0,45.0,9.0,9.0,2025-06-12,2025-06-16
507232,3,26.9,8.97,44.83,8.43,9.32,2025-09-18,2025-09-21
02016,5,26.81,5.36,26.81,5.05,6.48,2025-09-15,2025-09-24
407352,4,26.64,6.66,33.3,1.17,8.62,2025-05-03,2025-06-28
501697,5,26.63,5.33,26.63,4.5,8.63,2025-09-18,2025-10-12
504332,3,26.5,8.83,44.17,7.05,11.12,2025-09-14,2025-09-17
507492,4,26.45,6.61,33.06,0.52,8.93,2025-09-14,2025-09-24
505856,5,26.37,5.27,26.37,4.22,8.77,2025-09-14,2025-09-23
505351-410725,4,26.25,6.56,32.81,6.0,7.5,2025-05-04,2025-06-22
04984,3,26.19,8.73,43.65,8.22,9.47,2025-09-20,2025-10-04
414957,3,26.0,8.67,43.33,8.0,9.0,2025-05-26,2025-07-04
508603,4,26.0,6.5,32.5,6.0,8.0,2025-06-30,2025-07-03
12045,10,25.98,2.6,12.99,2.5,2.98,2025-09-15,2025-10-15
101138,3,25.87,8.62,43.12,8.5,8.72,2025-09-15,2025-10-09
502431,3,25.85,8.62,43.08,8.5,8.72,2025-09-16,2025-10-07
501989,3,25.84,8.61,43.07,8.07,9.7,2025-05-14,2025-06-23
13076,6,25.82,4.3,21.52,3.0,7.72,2025-09-15,2025-09-26
100526,6,25.65,4.27,21.37,3.88,5.22,2025-05-17,2025-09-20
504816,3,25.65,8.55,42.75,8.37,8.88,2025-05-09,2025-05-23
501413,2,25.6,12.8,64.0,12.27,13.33,2025-09-20,2025-09-21
15255,3,25.58,8.53,42.63,8.5,8.58,2025-09-20,2025-10-11
504463,3,25.58,8.53,42.63,8.5,8.58,2025-09-19,2025-10-10
13008,3,25.54,8.51,42.57,8.43,8.58,2025-09-15,2025-09-23
105220,3,25.53,8.51,42.55,8.43,8.67,2025-04-18,2025-04-25
510581,3,25.5,8.5,42.5,8.5,8.5,2025-09-27,2025-10-11
203806,3,25.5,8.5,42.5,8.5,8.5,2025-06-02,2025-06-04
507941,3,25.5,8.5,42.5,8.5,8.5,2025-09-26,2025-10-13
510402,3,25.5,8.5,42.5,8.5,8.5,2025-10-04,2025-10-11
503806,3,25.5,8.5,42.5,8.5,8.5,2025-10-04,2025-10-08
10737,3,25.5,8.5,42.5,8.5,8.5,2025-10-13,2025-10-15
13118,3,25.5,8.5,42.5,8.5,8.5,2025-10-02,2025-10-16
00457,3,25.5,8.5,42.5,8.5,8.5,2025-10-01,2025-10-03
03710,3,25.5,8.5,42.5,8.5,8.5,2025-10-14,2025-10-16
507558,3,25.5,8.5,42.5,8.5,8.5,2025-04-24,2025-05-01
503985,3,25.42,8.47,42.37,8.42,8.5,2025-09-19,2025-10-11
105363,4,25.4,6.35,31.75,4.92,7.0,2025-05-12,2025-05-23
507664,3,25.38,8.46,42.3,8.43,8.48,2025-09-21,2025-09-24
08719,4,25.33,6.33,31.66,2.5,9.75,2025-06-17,2025-09-22
503780,2,25.33,12.67,63.32,12.38,12.95,2025-09-21,2025-09-22
102770,4,25.33,6.33,31.66,4.28,8.55,2025-05-21,2025-09-22
13876,3,25.32,8.44,42.2,8.32,8.5,2025-09-20,2025-10-04
08077,3,25.28,8.43,42.13,8.08,8.7,2025-09-17,2025-10-02
13666,2,25.28,12.64,63.2,12.5,12.78,2025-09-19,2025-10-03
06481,2,25.25,12.63,63.13,12.5,12.75,2025-09-14,2025-09-27
500879,3,25.22,8.41,42.03,8.27,8.5,2025-09-14,2025-09-28
516701,3,25.18,8.39,41.97,8.2,8.53,2025-09-17,2025-09-24
500647,3,25.05,8.35,41.75,6.0,10.55,2025-06-14,2025-10-11
14817,2,25.0,12.5,62.5,12.5,12.5,2025-09-26,2025-10-03
15355,2,25.0,12.5,62.5,12.5,12.5,2025-10-03,2025-10-04
101555-1015551,4,25.0,6.25,31.25,5.0,7.5,2025-04-27,2025-05-31
502761,2,25.0,12.5,62.5,12.5,12.5,2025-09-25,2025-10-01
104089,2,25.0,12.5,62.5,12.0,13.0,2025-04-26,2025-04-27
421242,2,25.0,12.5,62.5,12.5,12.5,2025-04-21,2025-04-23
510498,2,25.0,12.5,62.5,12.5,12.5,2025-10-02,2025-10-09
508259,3,25.0,8.33,41.67,8.0,8.5,2025-06-23,2025-06-25
103083,4,24.97,6.24,31.21,5.0,8.77,2025-04-25,2025-09-26
510511,2,24.93,12.47,62.33,12.43,12.5,2025-09-16,2025-09-17
05584,5,24.92,4.98,24.92,4.5,5.27,2025-09-15,2025-09-24
14704,6,24.87,4.15,20.72,3.85,4.53,2025-09-17,2025-09-24
401258,2,24.83,12.42,62.07,0.83,24.0,2025-06-07,2025-09-14
10491,3,24.5,8.17,40.83,7.53,8.5,2025-09-17,2025-10-01
504022,3,24.5,8.17,40.83,4.0,12.5,2025-05-26,2025-06-14
101557-104998,3,24.5,8.17,40.83,8.0,8.5,2025-04-19,2025-06-07
501468,4,24.5,6.13,30.63,0.5,8.0,2025-04-24,2025-06-19
507786,3,24.45,8.15,40.75,8.0,8.45,2025-09-22,2025-09-28
503255,3,24.38,8.13,40.63,7.85,8.5,2025-09-20,2025-10-01
12916,2,24.32,12.16,60.8,11.82,12.5,2025-09-20,2025-10-05
507624,4,24.2,6.05,30.25,1.2,8.0,2025-04-21,2025-06-20
506264,4,24.18,6.05,30.23,5.93,6.15,2025-09-16,2025-09-25
416422,5,24.08,4.82,24.08,1.9,8.0,2025-05-15,2025-10-05
403925,4,24.03,6.01,30.04,0.03,8.0,2025-04-21,2025-06-03
103168,3,24.0,8.0,40.0,8.0,8.0,2025-04-18,2025-05-16
103885,3,24.0,8.0,40.0,8.0,8.0,2025-06-17,2025-07-03
413257,3,24.0,8.0,40.0,8.0,8.0,2025-05-26,2025-07-04
413730,3,24.0,8.0,40.0,8.0,8.0,2025-05-16,2025-06-02
502468,3,24.0,8.0,40.0,8.0,8.0,2025-05-02,2025-07-07
505091,3,24.0,8.0,40.0,8.0,8.0,2025-04-22,2025-06-19
334276,3,24.0,8.0,40.0,8.0,8.0,2025-05-13,2025-07-03
336571,3,24.0,8.0,40.0,8.0,8.0,2025-05-15,2025-06-13
407303,3,24.0,8.0,40.0,8.0,8.0,2025-05-07,2025-06-13
420238,2,24.0,12.0,60.0,12.0,12.0,2025-06-02,2025-06-03
11307,2,24.0,12.0,60.0,12.0,12.0,2025-09-15,2025-09-16
336519,3,24.0,8.0,40.0,8.0,8.0,2025-04-23,2025-06-20
408683,3,24.0,8.0,40.0,8.0,8.0,2025-06-17,2025-06-20
415551,6,24.0,4.0,20.0,4.0,4.0,2025-05-19,2025-07-15
336551,3,24.0,8.0,40.0,8.0,8.0,2025-04-29,2025-06-23
418460,3,24.0,8.0,40.0,8.0,8.0,2025-05-15,2025-05-19
505947,3,24.0,8.0,40.0,8.0,8.0,2025-04-21,2025-06-27
104924,3,24.0,8.0,40.0,8.0,8.0,2025-05-21,2025-05-23
420158,3,24.0,8.0,40.0,8.0,8.0,2025-04-18,2025-05-27
501752,3,24.0,8.0,40.0,8.0,8.0,2025-04-24,2025-05-26
502734,3,24.0,8.0,40.0,8.0,8.0,2025-05-29,2025-06-17
502779,3,24.0,8.0,40.0,8.0,8.0,2025-06-02,2025-06-20
102159,3,24.0,8.0,40.0,8.0,8.0,2025-05-13,2025-05-27
201520,3,24.0,8.0,40.0,8.0,8.0,2025-06-05,2025-06-30
203964,3,24.0,8.0,40.0,8.0,8.0,2025-05-26,2025-07-04
336596,3,24.0,8.0,40.0,8.0,8.0,2025-04-25,2025-05-02
500878,3,24.0,8.0,40.0,8.0,8.0,2025-04-28,2025-07-03
507087,3,24.0,8.0,40.0,8.0,8.0,2025-06-19,2025-06-30
12317,3,24.0,8.0,40.0,8.0,8.0,2025-04-28,2025-06-25
130020,3,24.0,8.0,40.0,8.0,8.0,2025-06-18,2025-07-03
410446,3,24.0,8.0,40.0,8.0,8.0,2025-05-01,2025-06-20
418203,3,24.0,8.0,40.0,8.0,8.0,2025-04-25,2025-05-23
503755,3,24.0,8.0,40.0,8.0,8.0,2025-06-11,2025-06-13
506801,3,24.0,8.0,40.0,8.0,8.0,2025-05-23,2025-06-20
10865,3,24.0,8.0,40.0,8.0,8.0,2025-05-22,2025-06-12
304105,3,24.0,8.0,40.0,8.0,8.0,2025-04-21,2025-06-20
336786,3,24.0,8.0,40.0,8.0,8.0,2025-05-27,2025-07-03
504393,3,24.0,8.0,40.0,8.0,8.0,2025-06-27,2025-07-14
505138,3,24.0,8.0,40.0,8.0,8.0,2025-05-02,2025-06-19
15195,6,24.0,4.0,20.0,4.0,4.0,2025-09-15,2025-09-24
422287,3,24.0,8.0,40.0,8.0,8.0,2025-05-26,2025-07-04
102501,4,24.0,6.0,30.0,4.0,8.0,2025-05-09,2025-06-20
104976,3,24.0,8.0,40.0,8.0,8.0,2025-05-23,2025-07-03
121829,3,24.0,8.0,40.0,8.0,8.0,2025-04-18,2025-05-02
502673,3,24.0,8.0,40.0,8.0,8.0,2025-05-07,2025-05-09
205281,3,24.0,8.0,40.0,8.0,8.0,2025-04-25,2025-04-29
336788,3,24.0,8.0,40.0,8.0,8.0,2025-05-22,2025-06-09
403941,3,24.0,8.0,40.0,8.0,8.0,2025-04-18,2025-06-24
407620,3,24.0,8.0,40.0,8.0,8.0,2025-05-07,2025-07-03
504904,3,24.0,8.0,40.0,8.0,8.0,2025-05-27,2025-05-29
505829,3,24.0,8.0,40.0,8.0,8.0,2025-07-01,2025-07-03
103189,4,24.0,6.0,30.0,6.0,6.0,2025-09-15,2025-09-26
304049,4,24.0,6.0,30.0,4.0,8.0,2025-05-08,2025-06-27
400283,3,24.0,8.0,40.0,8.0,8.0,2025-05-22,2025-05-28
417172,3,24.0,8.0,40.0,8.0,8.0,2025-04-21,2025-07-03
500600,3,24.0,8.0,40.0,8.0,8.0,2025-04-25,2025-05-23
502460,3,24.0,8.0,40.0,8.0,8.0,2025-05-30,2025-06-03
505024,2,24.0,12.0,60.0,12.0,12.0,2025-10-09,2025-10-10
507346,2,24.0,12.0,60.0,12.0,12.0,2025-09-16,2025-09-17
12139,3,24.0,8.0,40.0,8.0,8.0,2025-04-18,2025-06-27
336624,3,24.0,8.0,40.0,8.0,8.0,2025-06-25,2025-06-27
410109,2,24.0,12.0,60.0,12.0,12.0,2025-05-26,2025-06-19
505966,3,24.0,8.0,40.0,8.0,8.0,2025-04-21,2025-07-03
304240,3,24.0,8.0,40.0,8.0,8.0,2025-04-18,2025-06-20
407090,3,24.0,8.0,40.0,8.0,8.0,2025-04-18,2025-07-03
412710,3,24.0,8.0,40.0,8.0,8.0,2025-05-30,2025-06-04
420189,2,24.0,12.0,60.0,12.0,12.0,2025-04-28,2025-04-29
500363,3,24.0,8.0,40.0,8.0,8.0,2025-05-30,2025-07-03
400988,4,24.0,6.0,30.0,4.0,8.0,2025-04-21,2025-04-25
104994,3,24.0,8.0,40.0,8.0,8.0,2025-06-02,2025-06-25
336505,3,24.0,8.0,40.0,8.0,8.0,2025-06-18,2025-06-23
506165,3,24.0,8.0,40.0,8.0,8.0,2025-05-09,2025-05-27
507706,3,24.0,8.0,40.0,8.0,8.0,2025-07-14,2025-07-16
336548,3,24.0,8.0,40.0,8.0,8.0,2025-05-09,2025-06-24
413508,3,24.0,8.0,40.0,8.0,8.0,2025-05-28,2025-05-30
416312,3,24.0,8.0,40.0,8.0,8.0,2025-05-16,2025-06-04
504015,3,24.0,8.0,40.0,8.0,8.0,2025-05-14,2025-06-19
92353,3,24.0,8.0,40.0,8.0,8.0,2025-05-02,2025-06-20
336708,3,24.0,8.0,40.0,8.0,8.0,2025-05-05,2025-06-30
412332,4,24.0,6.0,30.0,4.0,8.0,2025-05-23,2025-07-07
417297,3,24.0,8.0,40.0,8.0,8.0,2025-05-05,2025-05-07
418582,3,24.0,8.0,40.0,8.0,8.0,2025-04-21,2025-06-24
422167,3,24.0,8.0,40.0,8.0,8.0,2025-05-02,2025-06-27
503897,3,24.0,8.0,40.0,8.0,8.0,2025-04-18,2025-06-06
504930,3,24.0,8.0,40.0,8.0,8.0,2025-05-14,2025-05-16
111623,3,24.0,8.0,40.0,8.0,8.0,2025-05-26,2025-07-04
412572,3,24.0,8.0,40.0,8.0,8.0,2025-05-15,2025-07-03
418454,3,24.0,8.0,40.0,8.0,8.0,2025-05-19,2025-07-03
204375,3,24.0,8.0,40.0,8.0,8.0,2025-04-24,2025-06-20
417171,3,24.0,8.0,40.0,8.0,8.0,2025-05-20,2025-06-20
419770,3,24.0,8.0,40.0,8.0,8.0,2025-05-09,2025-06-18
506818,3,24.0,8.0,40.0,8.0,8.0,2025-06-27,2025-07-01
502031,3,24.0,8.0,40.0,8.0,8.0,2025-05-16,2025-06-11
103591,3,24.0,8.0,40.0,8.0,8.0,2025-05-16,2025-06-23
201887,3,24.0,8.0,40.0,8.0,8.0,2025-05-22,2025-07-03
421094,3,24.0,8.0,40.0,8.0,8.0,2025-05-16,2025-07-03
505894,3,24.0,8.0,40.0,8.0,8.0,2025-05-16,2025-07-08
507021,3,24.0,8.0,40.0,8.0,8.0,2025-06-04,2025-06-06
101106,3,24.0,8.0,40.0,8.0,8.0,2025-04-21,2025-06-06
407473,3,24.0,8.0,40.0,8.0,8.0,2025-05-09,2025-06-05
408202,3,24.0,8.0,40.0,8.0,8.0,2025-05-07,2025-05-09
014122,3,24.0,8.0,40.0,8.0,8.0,2025-05-21,2025-05-23
336499,4,24.0,6.0,30.0,4.0,8.0,2025-05-02,2025-07-08
420319,3,24.0,8.0,40.0,8.0,8.0,2025-04-18,2025-06-20
505227,4,24.0,6.0,30.0,4.0,8.0,2025-04-23,2025-06-26
507017,3,24.0,8.0,40.0,8.0,8.0,2025-05-29,2025-06-24
11695,4,23.98,6.0,29.98,5.98,6.0,2025-09-17,2025-10-15
522086,4,23.83,5.96,29.79,5.83,6.0,2025-09-20,2025-10-11
13846,2,23.75,11.88,59.38,11.25,12.5,2025-09-20,2025-09-25
10232,3,23.63,7.88,39.38,6.63,8.5,2025-09-18,2025-10-16
502142,3,23.48,7.83,39.13,7.73,7.92,2025-09-14,2025-09-21
102855,2,23.38,11.69,58.45,11.35,12.03,2025-09-18,2025-09-23
102533,6,23.18,3.86,19.32,3.4,4.0,2025-05-18,2025-09-27
503234,4,23.16,5.79,28.95,0.75,8.97,2025-09-16,2025-09-23
413469,3,23.07,7.69,38.45,7.07,8.0,2025-05-03,2025-05-26
506942,5,23.06,4.61,23.06,4.32,4.92,2025-09-14,2025-09-24
102744,3,23.0,7.67,38.33,5.0,9.0,2025-04-25,2025-07-03
111089,2,22.7,11.35,56.75,11.33,11.37,2025-05-24,2025-07-05
00985,4,22.67,5.67,28.34,4.07,7.27,2025-09-18,2025-09-24
507408,3,22.61,7.54,37.68,6.63,8.0,2025-09-20,2025-09-27
08656,5,22.53,4.51,22.53,0.95,6.0,2025-09-15,2025-09-25
06964,3,22.53,7.51,37.55,6.02,8.28,2025-09-19,2025-09-24
421486,2,22.5,11.25,56.25,10.0,12.5,2025-06-01,2025-06-14
506983,3,22.5,7.5,37.5,5.5,8.5,2025-05-28,2025-09-24
508378,3,22.09,7.36,36.82,4.55,8.77,2025-09-15,2025-09-22
419048,3,22.0,7.33,36.67,6.0,8.0,2025-05-12,2025-06-19
507704,3,21.97,7.32,36.62,4.97,8.5,2025-04-18,2025-04-22
13253,3,21.83,7.28,36.38,4.5,12.83,2025-09-14,2025-10-01
06404,3,21.6,7.2,36.0,4.6,8.5,2025-09-21,2025-10-04
505644,2,21.5,10.75,53.75,9.5,12.0,2025-04-26,2025-04-27
03789,3,21.47,7.16,35.78,4.42,8.55,2025-09-16,2025-09-25
12058,2,21.43,10.72,53.58,8.73,12.7,2025-09-18,2025-09-24
104237,6,21.42,3.57,17.85,1.0,4.97,2025-05-16,2025-09-19
500528,3,21.4,7.13,35.67,6.98,7.4,2025-05-06,2025-05-13
508546,3,21.35,7.12,35.58,4.0,8.85,2025-09-14,2025-10-12
505507,6,21.25,3.54,17.71,2.75,4.0,2025-04-19,2025-05-14
04714,2,21.16,10.58,52.9,8.33,12.83,2025-09-20,2025-09-21
504168,3,21.09,7.03,35.15,4.1,8.52,2025-09-21,2025-09-23
104839,4,21.06,5.27,26.33,4.72,5.92,2025-06-23,2025-09-22
01262,3,21.0,7.0,35.0,4.0,8.5,2025-09-25,2025-10-15
413722,2,21.0,10.5,52.5,10.5,10.5,2025-04-21,2025-04-22
102691,3,21.0,7.0,35.0,7.0,7.0,2025-06-06,2025-06-27
405132,3,21.0,7.0,35.0,7.0,7.0,2025-05-28,2025-06-18
03985,5,20.82,4.16,20.82,2.0,8.95,2025-09-17,2025-09-24
104831,2,20.8,10.4,52.0,8.32,12.48,2025-05-28,2025-05-29
04373,2,20.78,10.39,51.95,8.53,12.25,2025-09-15,2025-10-10
13017,3,20.68,6.89,34.47,4.35,8.28,2025-09-19,2025-09-23
506513,2,20.57,10.29,51.43,8.82,11.75,2025-09-22,2025-09-23
505365,11,20.51,1.86,9.32,0.82,3.95,2025-05-07,2025-06-28
06765,3,20.5,6.83,34.17,4.0,12.5,2025-09-27,2025-10-05
404881,4,20.3,5.08,25.38,4.8,5.33,2025-05-07,2025-06-06
506180,4,20.27,5.07,25.34,2.07,8.1,2025-09-16,2025-09-26
510390,3,20.13,6.71,33.55,4.18,8.27,2025-09-15,2025-09-24
510354,2,20.12,10.06,50.3,8.0,12.12,2025-09-17,2025-09-20
102862,2,20.0,10.0,50.0,10.0,10.0,2025-06-04,2025-06-05
411306,3,20.0,6.67,33.33,4.0,8.0,2025-05-12,2025-06-09
15280,3,20.0,6.67,33.33,4.0,8.0,2025-04-23,2025-05-22
336591,3,20.0,6.67,33.33,4.0,8.0,2025-05-20,2025-06-02
101852,7,20.0,2.86,14.29,2.0,4.0,2025-05-06,2025-09-26
400214,4,20.0,5.0,25.0,4.0,8.0,2025-04-30,2025-05-27
406846,3,20.0,6.67,33.33,4.0,8.0,2025-06-27,2025-07-03
416367,3,20.0,6.67,33.33,4.0,8.0,2025-05-27,2025-05-30
506862,2,20.0,10.0,50.0,10.0,10.0,2025-06-12,2025-06-13
102494,2,20.0,10.0,50.0,10.0,10.0,2025-07-03,2025-07-04
413515,3,20.0,6.67,33.33,4.0,8.0,2025-05-16,2025-06-11
502226,2,20.0,10.0,50.0,8.0,12.0,2025-04-23,2025-04-24
507950,4,20.0,5.0,25.0,4.0,8.0,2025-05-13,2025-06-20
503750,2,20.0,10.0,50.0,10.0,10.0,2025-04-21,2025-06-20
504602,2,20.0,10.0,50.0,10.0,10.0,2025-04-19,2025-04-20
506950,8,20.0,2.5,12.5,2.0,3.0,2025-04-18,2025-05-06
421478,2,20.0,10.0,50.0,10.0,10.0,2025-04-25,2025-05-30
104298,2,20.0,10.0,50.0,10.0,10.0,2025-04-18,2025-06-12
409434,2,20.0,10.0,50.0,10.0,10.0,2025-04-18,2025-06-26
418998,3,20.0,6.67,33.33,4.0,8.0,2025-04-24,2025-04-28
505558,3,20.0,6.67,33.33,4.0,8.0,2025-05-16,2025-06-23
507120,4,19.97,4.99,24.96,4.88,5.23,2025-09-14,2025-09-24
508044,5,19.93,3.99,19.93,3.75,4.1,2025-09-15,2025-09-24
13581,6,19.75,3.29,16.46,1.0,6.0,2025-09-14,2025-09-24
506808,3,19.75,6.58,32.92,3.75,8.0,2025-04-22,2025-06-19
508620,4,19.74,4.94,24.67,3.1,8.97,2025-09-15,2025-09-23
202086,8,19.5,2.44,12.19,1.0,4.5,2025-04-23,2025-05-09
510396,4,19.18,4.8,23.98,4.05,6.73,2025-09-17,2025-09-24
416448,2,18.86,9.43,47.15,8.48,10.38,2025-04-18,2025-04-22
04419,3,18.85,6.28,31.42,1.5,8.75,2025-09-16,2025-09-19
407947,3,18.83,6.28,31.38,2.0,8.58,2025-04-22,2025-06-28
501511,3,18.5,6.17,30.83,2.5,8.0,2025-04-20,2025-07-12
503379,4,18.49,4.62,23.11,2.85,9.27,2025-09-14,2025-09-22
10258,3,18.45,6.15,30.75,4.98,7.12,2025-09-15,2025-09-17
12932,3,18.45,6.15,30.75,4.5,9.03,2025-09-15,2025-10-09
14069,2,18.34,9.17,45.85,8.82,9.52,2025-09-17,2025-09-20
09691,2,18.27,9.14,45.68,9.12,9.15,2025-09-19,2025-09-23
504942,4,18.12,4.53,22.65,4.47,4.6,2025-09-15,2025-09-22
413525,3,18.06,6.02,30.1,5.68,6.35,2025-06-11,2025-06-26
506362,3,18.01,6.0,30.02,1.0,8.98,2025-09-15,2025-09-19
507919,4,18.0,4.5,22.5,4.5,4.5,2025-09-19,2025-10-12
418661,2,18.0,9.0,45.0,9.0,9.0,2025-07-02,2025-07-03
102257,2,18.0,9.0,45.0,8.0,10.0,2025-05-26,2025-06-19
504992,3,18.0,6.0,30.0,1.0,8.5,2025-05-12,2025-09-14
504108,2,17.98,8.99,44.95,8.93,9.05,2025-09-21,2025-09-22
11955,3,17.92,5.97,29.87,5.92,6.0,2025-09-20,2025-10-11
503315,3,17.92,5.97,29.87,3.0,11.87,2025-09-14,2025-09-21
503231,2,17.67,8.84,44.18,5.67,12.0,2025-04-23,2025-04-24
05167,3,17.67,5.89,29.45,4.67,8.0,2025-09-21,2025-10-05
13847,2,17.67,8.84,44.18,5.17,12.5,2025-09-24,2025-09-28
03519,2,17.65,8.83,44.13,8.5,9.15,2025-09-23,2025-09-25
421120,5,17.6,3.52,17.6,3.05,3.8,2025-04-23,2025-09-24
09514,4,17.5,4.38,21.88,4.28,4.5,2025-09-19,2025-10-04
503465,3,17.5,5.83,29.17,4.0,7.0,2025-07-07,2025-07-09
102506-102377,2,17.5,8.75,43.75,8.5,9.0,2025-04-23,2025-05-28
504849,7,17.34,2.48,12.39,1.1,3.75,2025-04-25,2025-07-08
12849,2,17.33,8.67,43.32,4.75,12.58,2025-09-14,2025-09-20
13096,2,17.33,8.67,43.32,8.5,8.83,2025-09-15,2025-10-06
09577,2,17.33,8.67,43.32,5.0,12.33,2025-09-14,2025-09-25
515694,2,17.25,8.63,43.13,8.5,8.75,2025-09-17,2025-09-24
507303,2,17.23,8.62,43.08,8.55,8.68,2025-09-19,2025-09-22
09598,2,17.23,8.62,43.08,4.73,12.5,2025-09-17,2025-09-29
500539,2,17.22,8.61,43.05,8.0,9.22,2025-04-28,2025-05-14
15225,2,17.18,8.59,42.95,8.5,8.68,2025-09-14,2025-09-27
15081,2,17.15,8.58,42.88,8.5,8.65,2025-09-19,2025-10-03
507784,2,17.12,8.56,42.8,8.5,8.62,2025-09-22,2025-09-24
101261,2,17.11,8.56,42.78,8.38,8.73,2025-05-04,2025-06-28
510577,2,17.08,8.54,42.7,8.53,8.55,2025-09-20,2025-09-21
04573,2,17.08,8.54,42.7,8.5,8.58,2025-09-16,2025-09-25
508619,2,17.03,8.52,42.58,8.48,8.55,2025-09-20,2025-09-21
508092,3,17.03,5.68,28.38,4.0,8.53,2025-09-16,2025-09-25
11239,2,17.0,8.5,42.5,8.5,8.5,2025-10-15,2025-10-16
508375,2,17.0,8.5,42.5,8.5,8.5,2025-09-25,2025-09-26
506896,3,17.0,5.67,28.33,4.0,8.5,2025-09-16,2025-09-22
102447,2,17.0,8.5,42.5,8.5,8.5,2025-04-24,2025-04-25
09199,2,17.0,8.5,42.5,8.5,8.5,2025-10-02,2025-10-11
507916,2,17.0,8.5,42.5,8.5,8.5,2025-09-27,2025-09-28
105286,2,17.0,8.5,42.5,8.5,8.5,2025-10-06,2025-10-13
505883,2,17.0,8.5,42.5,8.5,8.5,2025-09-25,2025-09-26
07212,2,17.0,8.5,42.5,8.5,8.5,2025-09-27,2025-09-28
14945,2,17.0,8.5,42.5,8.5,8.5,2025-09-25,2025-09-28
505054,2,17.0,8.5,42.5,8.5,8.5,2025-09-27,2025-10-11
900179,2,17.0,8.5,42.5,8.5,8.5,2025-09-20,2025-09-27
504564,2,17.0,8.5,42.5,8.5,8.5,2025-09-04,2025-09-05
508585,2,17.0,8.5,42.5,8.5,8.5,2025-09-16,2025-09-26
504565,2,17.0,8.5,42.5,8.5,8.5,2025-09-04,2025-09-05
15156,2,17.0,8.5,42.5,8.5,8.5,2025-09-26,2025-09-27
501458,2,17.0,8.5,42.5,8.5,8.5,2025-09-26,2025-10-03
504544,2,17.0,8.5,42.5,8.5,8.5,2025-09-04,2025-09-05
510474,2,17.0,8.5,42.5,8.5,8.5,2025-10-02,2025-10-12
507241,2,17.0,8.5,42.5,8.5,8.5,2025-09-27,2025-10-11
510426,2,17.0,8.5,42.5,8.5,8.5,2025-09-28,2025-09-30
09889,2,16.97,8.49,42.43,8.47,8.5,2025-09-24,2025-09-26
503089,2,16.95,8.48,42.38,8.47,8.48,2025-09-20,2025-09-21
507459,2,16.93,8.47,42.33,8.43,8.5,2025-04-23,2025-04-24
06676,2,16.93,8.47,42.33,8.43,8.5,2025-09-21,2025-10-12
10230,2,16.93,8.47,42.33,8.4,8.53,2025-09-20,2025-09-21
503731,2,16.88,8.44,42.2,7.98,8.9,2025-04-19,2025-04-26
507531,2,16.88,8.44,42.2,8.38,8.5,2025-09-13,2025-09-25
501690,2,16.85,8.43,42.13,8.35,8.5,2025-09-22,2025-09-29
13599,2,16.83,8.42,42.07,0.13,16.7,2025-09-15,2025-09-19
506649,2,16.81,8.41,42.03,8.28,8.53,2025-09-14,2025-09-22
15178,2,16.75,8.38,41.88,8.25,8.5,2025-09-14,2025-10-04
420418,2,16.7,8.35,41.75,8.08,8.62,2025-05-11,2025-06-01
503162,3,16.68,5.56,27.8,3.87,8.43,2025-05-22,2025-05-29
07419,2,16.65,8.33,41.63,8.02,8.63,2025-09-15,2025-09-24
11854,3,16.6,5.53,27.67,4.0,8.5,2025-09-14,2025-10-12
03451,2,16.54,8.27,41.35,7.02,9.52,2025-09-22,2025-09-24
13415,2,16.53,8.27,41.33,8.0,8.53,2025-09-17,2025-09-30
08780,2,16.5,8.25,41.25,8.0,8.5,2025-10-03,2025-10-10
505055,2,16.5,8.25,41.25,8.0,8.5,2025-09-17,2025-10-01
14257,2,16.47,8.24,41.18,4.0,12.47,2025-09-14,2025-09-20
11648,2,16.44,8.22,41.1,7.17,9.27,2025-09-23,2025-09-24
105609,3,16.43,5.48,27.38,5.1,6.1,2025-05-09,2025-07-02
102280,2,16.38,8.19,40.95,5.98,10.4,2025-09-17,2025-09-24
508547,2,16.33,8.17,40.82,8.0,8.33,2025-09-21,2025-10-04
505408,2,16.33,8.17,40.83,7.7,8.63,2025-05-01,2025-05-08
105554,2,16.32,8.16,40.8,8.12,8.2,2025-04-26,2025-06-14
104230,3,16.3,5.43,27.17,4.13,8.0,2025-04-20,2025-05-26
506957,3,16.27,5.42,27.12,3.85,8.5,2025-09-14,2025-09-26
510278,2,16.27,8.14,40.68,7.77,8.5,2025-09-22,2025-09-23
503793,5,16.21,3.24,16.21,3.0,4.13,2025-09-14,2025-09-24
507945,2,16.2,8.1,40.5,7.95,8.25,2025-07-07,2025-07-08
508430,6,16.18,2.7,13.48,1.0,5.0,2025-09-15,2025-09-24
105021,4,16.16,4.04,20.2,3.82,4.32,2025-05-07,2025-06-24
502592,10,16.15,1.61,8.08,0.98,3.52,2025-04-22,2025-06-30
510606,2,16.15,8.08,40.38,8.0,8.15,2025-09-19,2025-09-26
09259,2,16.1,8.05,40.25,8.0,8.1,2025-09-17,2025-09-26
103893,4,16.06,4.02,20.08,3.95,4.08,2025-04-26,2025-10-05
102629,2,16.0,8.0,40.0,8.0,8.0,2025-05-26,2025-07-15
404387,2,16.0,8.0,40.0,8.0,8.0,2025-05-02,2025-05-05
422088,2,16.0,8.0,40.0,8.0,8.0,2025-04-25,2025-04-28
505881,2,16.0,8.0,40.0,8.0,8.0,2025-05-23,2025-07-03
505168,2,16.0,8.0,40.0,8.0,8.0,2025-06-05,2025-06-06
103416,2,16.0,8.0,40.0,8.0,8.0,2025-04-28,2025-04-29
116737,2,16.0,8.0,40.0,8.0,8.0,2025-06-02,2025-06-03
304147,2,16.0,8.0,40.0,8.0,8.0,2025-04-21,2025-05-23
502159,2,16.0,8.0,40.0,8.0,8.0,2025-07-02,2025-07-03
505201,2,16.0,8.0,40.0,8.0,8.0,2025-05-26,2025-07-04
506081,2,16.0,8.0,40.0,8.0,8.0,2025-05-23,2025-06-20
105171,2,16.0,8.0,40.0,8.0,8.0,2025-04-24,2025-04-25
401983,2,16.0,8.0,40.0,8.0,8.0,2025-05-22,2025-05-23
403943,2,16.0,8.0,40.0,8.0,8.0,2025-04-23,2025-04-24
410828,2,16.0,8.0,40.0,8.0,8.0,2025-06-06,2025-06-20
422629,2,16.0,8.0,40.0,8.0,8.0,2025-06-19,2025-07-04
505290,2,16.0,8.0,40.0,8.0,8.0,2025-05-23,2025-07-01
506585,2,16.0,8.0,40.0,8.0,8.0,2025-06-20,2025-06-23
102004,2,16.0,8.0,40.0,8.0,8.0,2025-06-13,2025-06-25
105338,2,16.0,8.0,40.0,8.0,8.0,2025-06-02,2025-06-03
203320,2,16.0,8.0,40.0,8.0,8.0,2025-07-07,2025-07-08
402001,2,16.0,8.0,40.0,8.0,8.0,2025-06-17,2025-06-20
405989,2,16.0,8.0,40.0,8.0,8.0,2025-06-12,2025-06-13
504277,2,16.0,8.0,40.0,8.0,8.0,2025-05-23,2025-06-27
505810,2,16.0,8.0,40.0,8.0,8.0,2025-04-21,2025-06-09
336761,2,16.0,8.0,40.0,8.0,8.0,2025-06-20,2025-07-03
403022,2,16.0,8.0,40.0,8.0,8.0,2025-06-06,2025-06-13
421694,2,16.0,8.0,40.0,8.0,8.0,2025-04-18,2025-05-01
421763,2,16.0,8.0,40.0,8.0,8.0,2025-05-21,2025-06-13
103539,2,16.0,8.0,40.0,8.0,8.0,2025-05-22,2025-06-20
414598,2,16.0,8.0,40.0,8.0,8.0,2025-06-06,2025-06-09
501887,2,16.0,8.0,40.0,8.0,8.0,2025-05-23,2025-06-20
502624,2,16.0,8.0,40.0,8.0,8.0,2025-04-18,2025-07-04
507190,2,16.0,8.0,40.0,8.0,8.0,2025-06-05,2025-06-13
507349,2,16.0,8.0,40.0,8.0,8.0,2025-09-14,2025-09-27
507632,2,16.0,8.0,40.0,8.0,8.0,2025-06-30,2025-07-01
304124,2,16.0,8.0,40.0,8.0,8.0,2025-05-08,2025-06-13
415996,2,16.0,8.0,40.0,8.0,8.0,2025-04-22,2025-05-13
504779,2,16.0,8.0,40.0,8.0,8.0,2025-05-20,2025-06-25
505988,2,16.0,8.0,40.0,8.0,8.0,2025-05-16,2025-05-19
506400,2,16.0,8.0,40.0,8.0,8.0,2025-05-29,2025-06-06
422169,2,16.0,8.0,40.0,8.0,8.0,2025-04-18,2025-06-16
504927,2,16.0,8.0,40.0,8.0,8.0,2025-06-05,2025-06-13
502141,1,16.0,16.0,80.0,16.0,16.0,2025-09-27,2025-09-27
06947,2,16.0,8.0,40.0,8.0,8.0,2025-09-26,2025-10-10
200512,2,16.0,8.0,40.0,8.0,8.0,2025-06-19,2025-07-04
336524,2,16.0,8.0,40.0,8.0,8.0,2025-05-26,2025-05-27
415365,2,16.0,8.0,40.0,8.0,8.0,2025-05-15,2025-05-16
506860,2,16.0,8.0,40.0,8.0,8.0,2025-06-05,2025-06-06
405859,2,16.0,8.0,40.0,8.0,8.0,2025-05-16,2025-06-20
421017,2,16.0,8.0,40.0,8.0,8.0,2025-04-18,2025-05-08
422316,2,16.0,8.0,40.0,8.0,8.0,2025-05-26,2025-06-19
501236,2,16.0,8.0,40.0,8.0,8.0,2025-04-18,2025-04-21
501499,2,16.0,8.0,40.0,8.0,8.0,2025-05-02,2025-05-20
103944,2,16.0,8.0,40.0,8.0,8.0,2025-06-02,2025-06-20
130102,2,16.0,8.0,40.0,8.0,8.0,2025-06-19,2025-07-04
415433,2,16.0,8.0,40.0,8.0,8.0,2025-04-25,2025-05-16
420243,2,16.0,8.0,40.0,8.0,8.0,2025-06-20,2025-07-03
501796,2,16.0,8.0,40.0,8.0,8.0,2025-04-23,2025-05-23
506016,2,16.0,8.0,40.0,8.0,8.0,2025-05-08,2025-05-09
506995,2,16.0,8.0,40.0,8.0,8.0,2025-07-10,2025-07-11
336626,2,16.0,8.0,40.0,8.0,8.0,2025-04-23,2025-05-23
413507,2,16.0,8.0,40.0,8.0,8.0,2025-05-01,2025-05-02
416778,2,16.0,8.0,40.0,8.0,8.0,2025-06-02,2025-06-03
304032,2,16.0,8.0,40.0,8.0,8.0,2025-05-23,2025-06-20
503627,2,16.0,8.0,40.0,8.0,8.0,2025-06-10,2025-07-08
508307,2,16.0,8.0,40.0,8.0,8.0,2025-10-01,2025-10-02
409142,2,16.0,8.0,40.0,8.0,8.0,2025-05-30,2025-06-02
410932,2,16.0,8.0,40.0,8.0,8.0,2025-04-18,2025-04-21
416968,2,16.0,8.0,40.0,8.0,8.0,2025-04-24,2025-04-25
419248,2,16.0,8.0,40.0,8.0,8.0,2025-04-29,2025-05-16
503639,2,16.0,8.0,40.0,8.0,8.0,2025-06-13,2025-06-16
304108,2,16.0,8.0,40.0,8.0,8.0,2025-05-16,2025-05-19
102779,2,16.0,8.0,40.0,8.0,8.0,2025-06-02,2025-06-03
13639,7,16.0,2.29,11.43,0.67,4.2,2025-09-15,2025-09-24
13713,2,16.0,8.0,40.0,8.0,8.0,2025-05-27,2025-05-28
102405,2,16.0,8.0,40.0,8.0,8.0,2025-09-20,2025-09-27
421123,2,16.0,8.0,40.0,8.0,8.0,2025-05-30,2025-06-11
505502,2,16.0,8.0,40.0,8.0,8.0,2025-04-18,2025-04-21
506966,2,16.0,8.0,40.0,8.0,8.0,2025-05-22,2025-05-23
413050,2,16.0,8.0,40.0,8.0,8.0,2025-05-22,2025-06-16
503263,2,16.0,8.0,40.0,8.0,8.0,2025-04-24,2025-04-25
111068,2,16.0,8.0,40.0,8.0,8.0,2025-07-07,2025-07-08
406264,2,16.0,8.0,40.0,8.0,8.0,2025-06-13,2025-06-30
415439,2,16.0,8.0,40.0,8.0,8.0,2025-05-12,2025-05-13
507097,2,16.0,8.0,40.0,8.0,8.0,2025-05-02,2025-05-06
204360,2,16.0,8.0,40.0,8.0,8.0,2025-05-14,2025-05-15
336666,2,16.0,8.0,40.0,8.0,8.0,2025-05-16,2025-06-20
415222,2,16.0,8.0,40.0,8.0,8.0,2025-05-15,2025-05-16
421940,2,16.0,8.0,40.0,8.0,8.0,2025-05-27,2025-06-20
08119,2,15.77,7.89,39.43,7.77,8.0,2025-09-14,2025-09-19
508427,2,15.75,7.88,39.38,7.25,8.5,2025-06-09,2025-06-12
105152,4,15.73,3.93,19.66,3.85,4.0,2025-05-10,2025-10-04
501684,2,15.72,7.86,39.3,7.77,7.95,2025-04-19,2025-04-26
419723,2,15.7,7.85,39.25,7.78,7.92,2025-04-23,2025-04-24
14435,2,15.59,7.8,38.98,7.77,7.82,2025-09-15,2025-09-16
15249,3,15.59,5.2,25.98,4.67,6.15,2025-09-14,2025-09-16
205616,2,15.5,7.75,38.75,7.5,8.0,2025-05-28,2025-05-29
506804,2,15.5,7.75,38.75,2.0,13.5,2025-04-21,2025-04-22
102046,3,15.5,5.17,25.83,4.0,6.0,2025-06-10,2025-09-15
101205,6,15.5,2.58,12.92,1.0,4.25,2025-04-21,2025-06-07
102150,2,15.32,7.66,38.3,7.37,7.95,2025-06-01,2025-06-29
506625,2,15.28,7.64,38.2,7.13,8.15,2025-09-20,2025-09-21
102477,3,15.12,5.04,25.2,3.67,7.08,2025-06-02,2025-06-28
503499,2,15.0,7.5,37.5,5.0,10.0,2025-04-22,2025-04-23
508536,2,14.97,7.48,37.43,7.0,7.97,2025-09-17,2025-09-24
503043,3,14.97,4.99,24.95,4.9,5.1,2025-09-15,2025-09-22
510468,4,14.95,3.74,18.69,2.0,6.0,2025-09-17,2025-09-26
501730,5,14.75,2.95,14.75,0.25,5.0,2025-04-23,2025-07-03
13840,3,14.75,4.92,24.58,0.25,12.5,2025-09-18,2025-10-01
14164,2,14.73,7.37,36.83,2.18,12.55,2025-09-17,2025-09-24
502299,3,14.68,4.89,24.47,4.05,6.58,2025-09-18,2025-09-23
06349,2,14.65,7.32,36.63,7.13,7.52,2025-09-17,2025-09-22
104090,3,14.5,4.83,24.17,1.0,9.0,2025-05-20,2025-05-22
515697,2,14.48,7.24,36.2,5.98,8.5,2025-09-20,2025-09-25
503796,2,14.47,7.23,36.18,5.37,9.1,2025-09-14,2025-09-17
505775,2,14.46,7.23,36.15,6.98,7.48,2025-04-18,2025-05-03
505527,2,14.4,7.2,36.0,5.9,8.5,2025-09-20,2025-09-25
503721,2,14.35,7.18,35.88,6.02,8.33,2025-06-17,2025-07-07
501456,3,14.28,4.76,23.8,4.17,5.08,2025-04-21,2025-05-14
12915,2,14.28,7.14,35.7,6.0,8.28,2025-09-19,2025-09-27
05395,3,14.1,4.7,23.5,1.98,6.2,2025-09-20,2025-09-24
502782,4,14.0,3.5,17.5,2.0,8.0,2025-04-21,2025-05-23
203134,3,14.0,4.67,23.33,4.0,5.0,2025-04-21,2025-06-30
507247,2,13.95,6.98,34.88,6.95,7.0,2025-09-14,2025-09-27
00861,2,13.93,6.97,34.83,5.2,8.73,2025-09-18,2025-09-19
507337,2,13.93,6.97,34.83,6.93,7.0,2025-09-15,2025-09-26
500519,3,13.86,4.62,23.1,4.08,5.1,2025-05-15,2025-06-30
502855,3,13.83,4.61,23.05,3.83,5.0,2025-09-19,2025-09-27
08715,2,13.78,6.89,34.45,5.78,8.0,2025-09-15,2025-10-02
420780,2,13.62,6.81,34.05,5.12,8.5,2025-06-14,2025-06-30
00267,2,13.6,6.8,34.0,6.65,6.95,2025-09-14,2025-09-16
503365-105235,3,13.51,4.5,22.52,4.48,4.53,2025-05-31,2025-06-24
502788,2,13.5,6.75,33.75,5.0,8.5,2025-04-18,2025-05-29
505662,3,13.5,4.5,22.5,2.5,7.5,2025-04-26,2025-09-25
13579,3,13.41,4.47,22.35,4.23,4.68,2025-09-20,2025-09-27
416016,2,13.33,6.67,33.33,6.0,7.33,2025-09-15,2025-09-19
504185,2,13.33,6.67,33.33,4.5,8.83,2025-09-19,2025-10-11
06564,1,13.17,13.17,65.85,13.17,13.17,2025-09-20,2025-09-20
12822,2,13.15,6.58,32.88,4.65,8.5,2025-09-18,2025-10-05
11734,2,13.12,6.56,32.8,6.52,6.6,2025-09-15,2025-09-22
104113,2,13.02,6.51,32.55,4.75,8.27,2025-09-14,2025-09-20
506968,4,13.0,3.25,16.25,3.0,4.0,2025-04-28,2025-05-01
12387,1,13.0,13.0,65.0,13.0,13.0,2025-04-27,2025-04-27
13047,2,12.87,6.44,32.18,4.37,8.5,2025-09-20,2025-10-02
07375,4,12.84,3.21,16.05,2.8,3.53,2025-09-16,2025-09-24
502136,2,12.7,6.35,31.75,4.87,7.83,2025-09-17,2025-09-20
502663,5,12.66,2.53,12.66,0.7,7.67,2025-09-15,2025-09-24
510429,2,12.66,6.33,31.65,4.83,7.83,2025-09-20,2025-09-21
105010,4,12.55,3.14,15.69,1.0,4.83,2025-06-07,2025-09-20
412157,1,12.5,12.5,62.5,12.5,12.5,2025-10-12,2025-10-12
04784,1,12.5,12.5,62.5,12.5,12.5,2025-09-28,2025-09-28
505371,1,12.5,12.5,62.5,12.5,12.5,2025-09-25,2025-09-25
104278,1,12.5,12.5,62.5,12.5,12.5,2025-04-22,2025-04-22
506764,1,12.5,12.5,62.5,12.5,12.5,2025-09-29,2025-09-29
508067,1,12.5,12.5,62.5,12.5,12.5,2025-09-21,2025-09-21
507328,1,12.48,12.48,62.4,12.48,12.48,2025-09-14,2025-09-14
417259,1,12.47,12.47,62.35,12.47,12.47,2025-07-04,2025-07-04
501029,1,12.42,12.42,62.1,12.42,12.42,2025-06-15,2025-06-15
503966,2,12.38,6.19,30.95,6.0,6.38,2025-09-19,2025-09-27
105600,2,12.32,6.16,30.8,4.32,8.0,2025-05-12,2025-05-19
14768,1,12.23,12.23,61.15,12.23,12.23,2025-09-18,2025-09-18
14839,1,12.13,12.13,60.65,12.13,12.13,2025-09-20,2025-09-20
501049,2,12.12,6.06,30.3,4.12,8.0,2025-09-14,2025-10-09
516708,2,12.09,6.05,30.23,3.62,8.47,2025-09-23,2025-09-24
14602,1,12.05,12.05,60.25,12.05,12.05,2025-09-15,2025-09-15
11653,2,12.0,6.0,30.0,6.0,6.0,2025-09-20,2025-09-27
412566,1,12.0,12.0,60.0,12.0,12.0,2025-05-26,2025-05-26
204509,2,12.0,6.0,30.0,4.0,8.0,2025-05-29,2025-06-18
421168,1,12.0,12.0,60.0,12.0,12.0,2025-06-19,2025-06-19
07405,1,12.0,12.0,60.0,12.0,12.0,2025-09-28,2025-09-28
403946,2,12.0,6.0,30.0,4.0,8.0,2025-04-24,2025-06-04
420204,1,12.0,12.0,60.0,12.0,12.0,2025-06-19,2025-06-19
409418,1,12.0,12.0,60.0,12.0,12.0,2025-06-19,2025-06-19
507417,2,12.0,6.0,30.0,4.0,8.0,2025-05-29,2025-05-30
504319,2,12.0,6.0,30.0,4.0,8.0,2025-04-25,2025-06-20
505390,3,12.0,4.0,20.0,1.33,5.47,2025-04-18,2025-04-23
104719-105860,1,12.0,12.0,60.0,12.0,12.0,2025-04-22,2025-04-22
503787,1,12.0,12.0,60.0,12.0,12.0,2025-09-14,2025-09-14
503863,2,12.0,6.0,30.0,6.0,6.0,2025-09-16,2025-09-23
407305,2,12.0,6.0,30.0,4.0,8.0,2025-06-12,2025-06-24
500795,1,12.0,12.0,60.0,12.0,12.0,2025-04-29,2025-04-29
503674,1,12.0,12.0,60.0,12.0,12.0,2025-09-27,2025-09-27
506854,2,12.0,6.0,30.0,4.0,8.0,2025-05-09,2025-05-27
502790,1,12.0,12.0,60.0,12.0,12.0,2025-06-19,2025-06-19
336718,3,12.0,4.0,20.0,4.0,4.0,2025-04-28,2025-07-02
104858,2,12.0,6.0,30.0,6.0,6.0,2025-07-03,2025-07-21
412615,2,12.0,6.0,30.0,4.0,8.0,2025-04-21,2025-04-25
502300,2,12.0,6.0,30.0,4.0,8.0,2025-04-30,2025-06-19
304046,2,12.0,6.0,30.0,4.0,8.0,2025-04-24,2025-04-25
102639-102639,3,12.0,4.0,20.0,4.0,4.0,2025-04-22,2025-07-05
500484,2,12.0,6.0,30.0,4.0,8.0,2025-05-13,2025-06-12
404717,2,12.0,6.0,30.0,4.0,8.0,2025-04-21,2025-05-05
418975,2,12.0,6.0,30.0,4.0,8.0,2025-04-22,2025-06-27
507077,4,11.92,2.98,14.9,2.85,3.07,2025-09-14,2025-09-25
05100,2,11.74,5.87,29.35,3.67,8.07,2025-09-18,2025-09-22
503489,3,11.63,3.88,19.38,1.0,5.38,2025-05-22,2025-07-01
413569,4,11.5,2.88,14.38,0.5,4.0,2025-05-12,2025-05-20
03057,2,11.25,5.63,28.13,3.25,8.0,2025-09-19,2025-10-03
13540,3,11.05,3.68,18.42,0.02,6.58,2025-09-16,2025-09-23
410617,1,11.0,11.0,55.0,11.0,11.0,2025-06-19,2025-06-19
501333,3,11.0,3.67,18.33,1.0,9.0,2025-06-08,2025-06-11
505671,1,10.8,10.8,54.0,10.8,10.8,2025-09-19,2025-09-19
500262,2,10.68,5.34,26.7,4.5,6.18,2025-09-22,2025-09-25
514635,3,10.66,3.55,17.77,2.83,4.0,2025-09-16,2025-09-30
507450,4,10.52,2.63,13.15,0.02,4.75,2025-04-28,2025-09-20
505085,3,10.5,3.5,17.5,0.5,8.0,2025-09-15,2025-09-18
508413,7,10.5,1.5,7.5,1.0,2.5,2025-09-15,2025-09-22
403125,3,10.43,3.48,17.38,0.85,8.0,2025-05-11,2025-09-14
04986,1,10.25,10.25,51.25,10.25,10.25,2025-09-21,2025-09-21
15147,2,10.22,5.11,25.55,1.72,8.5,2025-09-17,2025-09-26
419377,1,10.0,10.0,50.0,10.0,10.0,2025-06-23,2025-06-23
505097,1,10.0,10.0,50.0,10.0,10.0,2025-06-19,2025-06-19
505080,1,10.0,10.0,50.0,10.0,10.0,2025-06-19,2025-06-19
101652,1,10.0,10.0,50.0,10.0,10.0,2025-06-19,2025-06-19
103025,1,10.0,10.0,50.0,10.0,10.0,2025-05-15,2025-05-15
400829,1,10.0,10.0,50.0,10.0,10.0,2025-04-26,2025-04-26
502986,1,10.0,10.0,50.0,10.0,10.0,2025-05-26,2025-05-26
420671,1,10.0,10.0,50.0,10.0,10.0,2025-06-06,2025-06-06
505329,1,10.0,10.0,50.0,10.0,10.0,2025-05-23,2025-05-23
08562,2,9.95,4.98,24.88,4.58,5.37,2025-09-16,2025-09-23
201419,1,9.67,9.67,48.35,9.67,9.67,2025-09-17,2025-09-17
504941,1,9.65,9.65,48.25,9.65,9.65,2025-09-22,2025-09-22
101075-101012,1,9.5,9.5,47.5,9.5,9.5,2025-06-17,2025-06-17
501815,2,9.27,4.64,23.17,1.0,8.27,2025-04-25,2025-05-29
05554,2,9.22,4.61,23.05,0.72,8.5,2025-09-18,2025-09-24
505649,2,9.19,4.6,22.98,4.37,4.82,2025-09-20,2025-09-23
506576,1,9.12,9.12,45.6,9.12,9.12,2025-04-18,2025-04-18
505469,2,9.0,4.5,22.5,3.0,6.0,2025-04-24,2025-05-01
103112,3,9.0,3.0,15.0,3.0,3.0,2025-04-18,2025-06-06
418528,1,9.0,9.0,45.0,9.0,9.0,2025-07-01,2025-07-01
420199,1,9.0,9.0,45.0,9.0,9.0,2025-06-09,2025-06-09
418383,1,9.0,9.0,45.0,9.0,9.0,2025-04-22,2025-04-22
06823,2,8.98,4.49,22.45,4.0,4.98,2025-09-21,2025-09-28
506290,1,8.98,8.98,44.9,8.98,8.98,2025-09-18,2025-09-18
04079,1,8.88,8.88,44.4,8.88,8.88,2025-09-15,2025-09-15
102328-106595,1,8.75,8.75,43.75,8.75,8.75,2025-07-05,2025-07-05
09763,1,8.73,8.73,43.65,8.73,8.73,2025-09-21,2025-09-21
101570,1,8.68,8.68,43.4,8.68,8.68,2025-09-14,2025-09-14
503654,1,8.63,8.63,43.15,8.63,8.63,2025-09-19,2025-09-19
510295,1,8.63,8.63,43.15,8.63,8.63,2025-09-18,2025-09-18
503458,1,8.62,8.62,43.1,8.62,8.62,2025-05-09,2025-05-09
503017,1,8.6,8.6,43.0,8.6,8.6,2025-04-18,2025-04-18
501689,1,8.58,8.58,42.9,8.58,8.58,2025-09-20,2025-09-20
14633,1,8.57,8.57,42.85,8.57,8.57,2025-09-23,2025-09-23
506056,1,8.55,8.55,42.75,8.55,8.55,2025-09-17,2025-09-17
07859,1,8.5,8.5,42.5,8.5,8.5,2025-09-16,2025-09-16
15359,1,8.5,8.5,42.5,8.5,8.5,2025-09-27,2025-09-27
06705,1,8.5,8.5,42.5,8.5,8.5,2025-10-04,2025-10-04
510282,1,8.5,8.5,42.5,8.5,8.5,2025-09-29,2025-09-29
11958,1,8.5,8.5,42.5,8.5,8.5,2025-09-26,2025-09-26
502289,1,8.5,8.5,42.5,8.5,8.5,2025-09-27,2025-09-27
505065,1,8.5,8.5,42.5,8.5,8.5,2025-09-27,2025-09-27
08144,1,8.5,8.5,42.5,8.5,8.5,2025-10-02,2025-10-02
419313,1,8.5,8.5,42.5,8.5,8.5,2025-09-24,2025-09-24
507840,1,8.5,8.5,42.5,8.5,8.5,2025-05-19,2025-05-19
501671,1,8.5,8.5,42.5,8.5,8.5,2025-09-28,2025-09-28
08359,1,8.5,8.5,42.5,8.5,8.5,2025-09-25,2025-09-25
505823,1,8.5,8.5,42.5,8.5,8.5,2025-06-13,2025-06-13
505996,1,8.5,8.5,42.5,8.5,8.5,2025-04-18,2025-04-18
508621,1,8.5,8.5,42.5,8.5,8.5,2025-09-25,2025-09-25
504054,1,8.5,8.5,42.5,8.5,8.5,2025-10-04,2025-10-04
510494,1,8.5,8.5,42.5,8.5,8.5,2025-09-25,2025-09-25
101055,1,8.5,8.5,42.5,8.5,8.5,2025-10-10,2025-10-10
505351,1,8.5,8.5,42.5,8.5,8.5,2025-09-20,2025-09-20
14396,1,8.5,8.5,42.5,8.5,8.5,2025-09-15,2025-09-15
507514,1,8.5,8.5,42.5,8.5,8.5,2025-09-27,2025-09-27
403495,1,8.5,8.5,42.5,8.5,8.5,2025-09-18,2025-09-18
08154,1,8.5,8.5,42.5,8.5,8.5,2025-09-26,2025-09-26
15341,1,8.5,8.5,42.5,8.5,8.5,2025-09-27,2025-09-27
510388,1,8.5,8.5,42.5,8.5,8.5,2025-09-21,2025-09-21
15250,1,8.5,8.5,42.5,8.5,8.5,2025-09-30,2025-09-30
11612,1,8.48,8.48,42.4,8.48,8.48,2025-09-19,2025-09-19
14724,1,8.48,8.48,42.4,8.48,8.48,2025-09-21,2025-09-21
420768,1,8.47,8.47,42.35,8.47,8.47,2025-04-18,2025-04-18
508323,1,8.45,8.45,42.25,8.45,8.45,2025-09-14,2025-09-14
514690,1,8.45,8.45,42.25,8.45,8.45,2025-09-14,2025-09-14
503710,1,8.42,8.42,42.1,8.42,8.42,2025-07-04,2025-07-04
501699,1,8.38,8.38,41.9,8.38,8.38,2025-09-16,2025-09-16
14975,1,8.38,8.38,41.9,8.38,8.38,2025-09-17,2025-09-17
507449,1,8.37,8.37,41.85,8.37,8.37,2025-09-22,2025-09-22
03716,1,8.35,8.35,41.75,8.35,8.35,2025-09-20,2025-09-20
507280,2,8.35,4.18,20.88,4.13,4.22,2025-09-14,2025-09-21
102000,1,8.3,8.3,41.5,8.3,8.3,2025-09-24,2025-09-24
507278,1,8.3,8.3,41.5,8.3,8.3,2025-09-14,2025-09-14
06605,1,8.28,8.28,41.4,8.28,8.28,2025-09-15,2025-09-15
507234,1,8.25,8.25,41.25,8.25,8.25,2025-09-14,2025-09-14
505609,1,8.18,8.18,40.9,8.18,8.18,2025-05-15,2025-05-15
500559,1,8.1,8.1,40.5,8.1,8.1,2025-09-21,2025-09-21
507311,1,8.08,8.08,40.4,8.08,8.08,2025-09-14,2025-09-14
502108,1,8.08,8.08,40.4,8.08,8.08,2025-09-21,2025-09-21
421933,2,8.05,4.03,20.13,4.02,4.03,2025-05-07,2025-06-10
101575,1,8.0,8.0,40.0,8.0,8.0,2025-06-10,2025-06-10
417400,1,8.0,8.0,40.0,8.0,8.0,2025-06-20,2025-06-20
420404,1,8.0,8.0,40.0,8.0,8.0,2025-06-19,2025-06-19
506912,1,8.0,8.0,40.0,8.0,8.0,2025-05-30,2025-05-30
406239,1,8.0,8.0,40.0,8.0,8.0,2025-04-23,2025-04-23
407029,1,8.0,8.0,40.0,8.0,8.0,2025-06-27,2025-06-27
410750,1,8.0,8.0,40.0,8.0,8.0,2025-06-20,2025-06-20
417189,1,8.0,8.0,40.0,8.0,8.0,2025-04-18,2025-04-18
421413,1,8.0,8.0,40.0,8.0,8.0,2025-06-20,2025-06-20
505426,1,8.0,8.0,40.0,8.0,8.0,2025-06-13,2025-06-13
104718,1,8.0,8.0,40.0,8.0,8.0,2025-04-24,2025-04-24
413021,1,8.0,8.0,40.0,8.0,8.0,2025-04-21,2025-04-21
103574,1,8.0,8.0,40.0,8.0,8.0,2025-05-26,2025-05-26
105174,1,8.0,8.0,40.0,8.0,8.0,2025-06-13,2025-06-13
409971,1,8.0,8.0,40.0,8.0,8.0,2025-06-13,2025-06-13
419303,1,8.0,8.0,40.0,8.0,8.0,2025-05-23,2025-05-23
422534,1,8.0,8.0,40.0,8.0,8.0,2025-05-13,2025-05-13
502771,1,8.0,8.0,40.0,8.0,8.0,2025-05-23,2025-05-23
502867,1,8.0,8.0,40.0,8.0,8.0,2025-04-30,2025-04-30
415157,1,8.0,8.0,40.0,8.0,8.0,2025-06-27,2025-06-27
420895,1,8.0,8.0,40.0,8.0,8.0,2025-06-24,2025-06-24
102662,1,8.0,8.0,40.0,8.0,8.0,2025-05-30,2025-05-30
304099,1,8.0,8.0,40.0,8.0,8.0,2025-05-23,2025-05-23
416761,1,8.0,8.0,40.0,8.0,8.0,2025-05-09,2025-05-09
501409,1,8.0,8.0,40.0,8.0,8.0,2025-04-21,2025-04-21
503612,1,8.0,8.0,40.0,8.0,8.0,2025-06-13,2025-06-13
505378,1,8.0,8.0,40.0,8.0,8.0,2025-05-23,2025-05-23
506656,1,8.0,8.0,40.0,8.0,8.0,2025-07-03,2025-07-03
101181,1,8.0,8.0,40.0,8.0,8.0,2025-06-13,2025-06-13
416415,1,8.0,8.0,40.0,8.0,8.0,2025-07-01,2025-07-01
507616,1,8.0,8.0,40.0,8.0,8.0,2025-05-28,2025-05-28
201064,1,8.0,8.0,40.0,8.0,8.0,2025-06-19,2025-06-19
204409,1,8.0,8.0,40.0,8.0,8.0,2025-06-19,2025-06-19
336532,1,8.0,8.0,40.0,8.0,8.0,2025-05-05,2025-05-05
402631,1,8.0,8.0,40.0,8.0,8.0,2025-06-23,2025-06-23
419846,1,8.0,8.0,40.0,8.0,8.0,2025-06-26,2025-06-26
505149,1,8.0,8.0,40.0,8.0,8.0,2025-06-23,2025-06-23
503858,4,8.0,2.0,10.0,1.0,3.0,2025-04-18,2025-05-02
505949,1,8.0,8.0,40.0,8.0,8.0,2025-04-21,2025-04-21
507141,2,8.0,4.0,20.0,4.0,4.0,2025-04-21,2025-05-12
366801,1,8.0,8.0,40.0,8.0,8.0,2025-05-19,2025-05-19
401645,1,8.0,8.0,40.0,8.0,8.0,2025-05-26,2025-05-26
412430,1,8.0,8.0,40.0,8.0,8.0,2025-06-09,2025-06-09
412567,1,8.0,8.0,40.0,8.0,8.0,2025-07-03,2025-07-03
416457,1,8.0,8.0,40.0,8.0,8.0,2025-06-20,2025-06-20
414159,1,8.0,8.0,40.0,8.0,8.0,2025-04-25,2025-04-25
500745,1,8.0,8.0,40.0,8.0,8.0,2025-06-20,2025-06-20
501767,1,8.0,8.0,40.0,8.0,8.0,2025-04-21,2025-04-21
336544,1,8.0,8.0,40.0,8.0,8.0,2025-06-20,2025-06-20
408116,1,8.0,8.0,40.0,8.0,8.0,2025-05-09,2025-05-09
411353,1,8.0,8.0,40.0,8.0,8.0,2025-04-21,2025-04-21
416240,1,8.0,8.0,40.0,8.0,8.0,2025-05-23,2025-05-23
420907,1,8.0,8.0,40.0,8.0,8.0,2025-05-13,2025-05-13
505650,1,8.0,8.0,40.0,8.0,8.0,2025-04-21,2025-04-21
506848,1,8.0,8.0,40.0,8.0,8.0,2025-06-20,2025-06-20
101438,1,8.0,8.0,40.0,8.0,8.0,2025-07-02,2025-07-02
421423,1,8.0,8.0,40.0,8.0,8.0,2025-06-06,2025-06-06
508065,1,8.0,8.0,40.0,8.0,8.0,2025-05-30,2025-05-30
418057,1,8.0,8.0,40.0,8.0,8.0,2025-06-19,2025-06-19
304192,1,8.0,8.0,40.0,8.0,8.0,2025-06-06,2025-06-06
413865,1,8.0,8.0,40.0,8.0,8.0,2025-04-25,2025-04-25
503006,1,8.0,8.0,40.0,8.0,8.0,2025-06-06,2025-06-06
105305-100979,1,8.0,8.0,40.0,8.0,8.0,2025-04-22,2025-04-22
15232,1,8.0,8.0,40.0,8.0,8.0,2025-05-26,2025-05-26
09578,1,8.0,8.0,40.0,8.0,8.0,2025-06-09,2025-06-09
101669,1,8.0,8.0,40.0,8.0,8.0,2025-05-19,2025-05-19
502858,1,8.0,8.0,40.0,8.0,8.0,2025-04-21,2025-04-21
507158,1,8.0,8.0,40.0,8.0,8.0,2025-06-19,2025-06-19
507817,1,8.0,8.0,40.0,8.0,8.0,2025-06-11,2025-06-11
410978,1,8.0,8.0,40.0,8.0,8.0,2025-06-30,2025-06-30
505752,1,8.0,8.0,40.0,8.0,8.0,2025-04-21,2025-04-21
336525,1,8.0,8.0,40.0,8.0,8.0,2025-07-03,2025-07-03
405540,1,8.0,8.0,40.0,8.0,8.0,2025-07-03,2025-07-03
414063,1,8.0,8.0,40.0,8.0,8.0,2025-04-21,2025-04-21
414834,1,8.0,8.0,40.0,8.0,8.0,2025-05-12,2025-05-12
502176,1,8.0,8.0,40.0,8.0,8.0,2025-05-30,2025-05-30
502889,1,8.0,8.0,40.0,8.0,8.0,2025-04-28,2025-04-28
505723,1,8.0,8.0,40.0,8.0,8.0,2025-05-29,2025-05-29
506168,1,8.0,8.0,40.0,8.0,8.0,2025-06-19,2025-06-19
507859,1,8.0,8.0,40.0,8.0,8.0,2025-07-14,2025-07-14
336668,1,8.0,8.0,40.0,8.0,8.0,2025-05-16,2025-05-16
400669,1,8.0,8.0,40.0,8.0,8.0,2025-06-19,2025-06-19
406066,1,8.0,8.0,40.0,8.0,8.0,2025-04-22,2025-04-22
410918,1,8.0,8.0,40.0,8.0,8.0,2025-04-30,2025-04-30
505079,1,8.0,8.0,40.0,8.0,8.0,2025-06-18,2025-06-18
510386,1,8.0,8.0,40.0,8.0,8.0,2025-09-26,2025-09-26
14554,2,8.0,4.0,20.0,4.0,4.0,2025-09-25,2025-09-26
204494,1,8.0,8.0,40.0,8.0,8.0,2025-06-11,2025-06-11
336574,1,8.0,8.0,40.0,8.0,8.0,2025-05-02,2025-05-02
507940,1,8.0,8.0,40.0,8.0,8.0,2025-05-21,2025-05-21
304068,1,8.0,8.0,40.0,8.0,8.0,2025-06-06,2025-06-06
420040,1,8.0,8.0,40.0,8.0,8.0,2025-06-18,2025-06-18
505326,1,8.0,8.0,40.0,8.0,8.0,2025-06-05,2025-06-05
506252,1,8.0,8.0,40.0,8.0,8.0,2025-06-19,2025-06-19
507737,1,8.0,8.0,40.0,8.0,8.0,2025-04-18,2025-04-18
508560,1,8.0,8.0,40.0,8.0,8.0,2025-06-26,2025-06-26
103177,1,8.0,8.0,40.0,8.0,8.0,2025-07-04,2025-07-04
105119,1,8.0,8.0,40.0,8.0,8.0,2025-04-18,2025-04-18
408757,1,8.0,8.0,40.0,8.0,8.0,2025-06-27,2025-06-27
412387,1,8.0,8.0,40.0,8.0,8.0,2025-06-20,2025-06-20
415889,1,8.0,8.0,40.0,8.0,8.0,2025-05-19,2025-05-19
505072,1,8.0,8.0,40.0,8.0,8.0,2025-07-03,2025-07-03
336570,1,8.0,8.0,40.0,8.0,8.0,2025-06-20,2025-06-20
507136,1,8.0,8.0,40.0,8.0,8.0,2025-06-19,2025-06-19
413341,1,8.0,8.0,40.0,8.0,8.0,2025-06-19,2025-06-19
422319,1,8.0,8.0,40.0,8.0,8.0,2025-06-19,2025-06-19
422527,1,8.0,8.0,40.0,8.0,8.0,2025-05-23,2025-05-23
10132,1,8.0,8.0,40.0,8.0,8.0,2025-09-14,2025-09-14
105126,1,8.0,8.0,40.0,8.0,8.0,2025-05-19,2025-05-19
15154,1,8.0,8.0,40.0,8.0,8.0,2025-06-27,2025-06-27
400780,1,8.0,8.0,40.0,8.0,8.0,2025-04-25,2025-04-25
505225,1,8.0,8.0,40.0,8.0,8.0,2025-06-19,2025-06-19
13366,1,7.95,7.95,39.75,7.95,7.95,2025-09-23,2025-09-23
501430,1,7.92,7.92,39.6,7.92,7.92,2025-09-19,2025-09-19
08043,4,7.91,1.98,9.89,1.27,3.5,2025-09-14,2025-09-23
506932,2,7.8,3.9,19.5,3.48,4.32,2025-09-20,2025-09-21
102844,2,7.63,3.82,19.08,3.75,3.88,2025-04-20,2025-05-11
417258,1,7.6,7.6,38.0,7.6,7.6,2025-04-19,2025-04-19
104760,1,7.5,7.5,37.5,7.5,7.5,2025-06-19,2025-06-19
101202,1,7.5,7.5,37.5,7.5,7.5,2025-04-29,2025-04-29
506875,1,7.5,7.5,37.5,7.5,7.5,2025-04-29,2025-04-29
04912,1,7.5,7.5,37.5,7.5,7.5,2025-10-15,2025-10-15
102389,1,7.5,7.5,37.5,7.5,7.5,2025-04-18,2025-04-18
505447,1,7.37,7.37,36.85,7.37,7.37,2025-09-20,2025-09-20
11709,1,7.35,7.35,36.75,7.35,7.35,2025-09-14,2025-09-14
10859,1,7.32,7.32,36.6,7.32,7.32,2025-09-20,2025-09-20
507202,1,7.25,7.25,36.25,7.25,7.25,2025-06-18,2025-06-18
502327,1,7.23,7.23,36.15,7.23,7.23,2025-09-18,2025-09-18
507918,2,7.09,3.55,17.73,3.12,3.97,2025-09-23,2025-09-24
12062,3,7.0,2.33,11.67,2.0,3.0,2025-09-19,2025-09-23
507064,2,7.0,3.5,17.5,2.0,5.0,2025-04-22,2025-05-02
505876,3,7.0,2.33,11.67,1.0,3.0,2025-04-28,2025-06-13
06850,1,6.83,6.83,34.15,6.83,6.83,2025-09-15,2025-09-15
06714,1,6.82,6.82,34.1,6.82,6.82,2025-09-14,2025-09-14
04322,1,6.75,6.75,33.75,6.75,6.75,2025-09-15,2025-09-15
510309,1,6.48,6.48,32.4,6.48,6.48,2025-09-18,2025-09-18
506203,1,6.37,6.37,31.85,6.37,6.37,2025-09-15,2025-09-15
04200,1,6.17,6.17,30.85,6.17,6.17,2025-09-20,2025-09-20
06505,1,6.13,6.13,30.65,6.13,6.13,2025-09-22,2025-09-22
504894,1,6.0,6.0,30.0,6.0,6.0,2025-05-02,2025-05-02
104861,2,6.0,3.0,15.0,1.0,5.0,2025-05-12,2025-05-14
104521,1,6.0,6.0,30.0,6.0,6.0,2025-06-10,2025-06-10
101238,2,6.0,3.0,15.0,2.0,4.0,2025-05-16,2025-05-22
407633,1,6.0,6.0,30.0,6.0,6.0,2025-04-21,2025-04-21
08234,1,6.0,6.0,30.0,6.0,6.0,2025-10-10,2025-10-10
504394,2,6.0,3.0,15.0,2.0,4.0,2025-05-16,2025-06-13
504780,1,6.0,6.0,30.0,6.0,6.0,2025-09-27,2025-09-27
104212,1,5.97,5.97,29.85,5.97,5.97,2025-09-24,2025-09-24
504391,1,5.67,5.67,28.35,5.67,5.67,2025-09-22,2025-09-22
101170,1,5.5,5.5,27.5,5.5,5.5,2025-09-15,2025-09-15
102385,2,5.5,2.75,13.75,1.0,4.5,2025-04-30,2025-05-21
10921,3,5.5,1.83,9.17,1.0,2.5,2025-04-18,2025-04-22
505664,2,5.5,2.75,13.75,2.0,3.5,2025-04-26,2025-05-01
102500,1,5.1,5.1,25.5,5.1,5.1,2025-04-28,2025-04-28
09588,1,5.07,5.07,25.35,5.07,5.07,2025-09-20,2025-09-20
507479,2,5.01,2.51,12.52,1.33,3.68,2025-09-18,2025-09-23
505617,3,5.0,1.67,8.33,1.0,2.0,2025-06-09,2025-06-13
421139,1,5.0,5.0,25.0,5.0,5.0,2025-05-23,2025-05-23
501347,1,5.0,5.0,25.0,5.0,5.0,2025-04-25,2025-04-25
507237,1,5.0,5.0,25.0,5.0,5.0,2025-09-26,2025-09-26
506861,1,5.0,5.0,25.0,5.0,5.0,2025-04-18,2025-04-18
504158,1,5.0,5.0,25.0,5.0,5.0,2025-09-29,2025-09-29
422260,1,5.0,5.0,25.0,5.0,5.0,2025-04-22,2025-04-22
12554,1,4.97,4.97,24.85,4.97,4.97,2025-09-24,2025-09-24
10323,1,4.97,4.97,24.85,4.97,4.97,2025-09-23,2025-09-23
506715,1,4.9,4.9,24.5,4.9,4.9,2025-09-24,2025-09-24
09969,1,4.87,4.87,24.35,4.87,4.87,2025-09-22,2025-09-22
503838,2,4.85,2.43,12.13,0.5,4.35,2025-07-03,2025-10-10
501840,1,4.7,4.7,23.5,4.7,4.7,2025-06-29,2025-06-29
04604,1,4.62,4.62,23.1,4.62,4.62,2025-09-21,2025-09-21
507923,1,4.57,4.57,22.85,4.57,4.57,2025-09-23,2025-09-23
501300,1,4.53,4.53,22.65,4.53,4.53,2025-09-16,2025-09-16
508105,1,4.5,4.5,22.5,4.5,4.5,2025-09-27,2025-09-27
12945,1,4.48,4.48,22.4,4.48,4.48,2025-09-19,2025-09-19
15248,1,4.48,4.48,22.4,4.48,4.48,2025-09-23,2025-09-23
506236,2,4.43,2.22,11.08,1.43,3.0,2025-04-22,2025-04-24
10441,1,4.38,4.38,21.9,4.38,4.38,2025-09-18,2025-09-18
15229,1,4.0,4.0,20.0,4.0,4.0,2025-10-05,2025-10-05
506198,1,4.0,4.0,20.0,4.0,4.0,2025-07-03,2025-07-03
422047,1,4.0,4.0,20.0,4.0,4.0,2025-07-03,2025-07-03
505902,1,4.0,4.0,20.0,4.0,4.0,2025-04-23,2025-04-23
014193,1,4.0,4.0,20.0,4.0,4.0,2025-05-23,2025-05-23
416113,1,4.0,4.0,20.0,4.0,4.0,2025-05-26,2025-05-26
07664,1,4.0,4.0,20.0,4.0,4.0,2025-10-03,2025-10-03
304097,1,4.0,4.0,20.0,4.0,4.0,2025-05-20,2025-05-20
336547,1,4.0,4.0,20.0,4.0,4.0,2025-04-25,2025-04-25
501277,1,4.0,4.0,20.0,4.0,4.0,2025-04-18,2025-04-18
12069,1,4.0,4.0,20.0,4.0,4.0,2025-10-03,2025-10-03
507200,1,4.0,4.0,20.0,4.0,4.0,2025-06-20,2025-06-20
103883,1,4.0,4.0,20.0,4.0,4.0,2025-04-24,2025-04-24
102765,1,4.0,4.0,20.0,4.0,4.0,2025-05-22,2025-05-22
14224,1,4.0,4.0,20.0,4.0,4.0,2025-09-18,2025-09-18
508528,1,4.0,4.0,20.0,4.0,4.0,2025-07-01,2025-07-01
419004,1,4.0,4.0,20.0,4.0,4.0,2025-06-17,2025-06-17
502227,1,4.0,4.0,20.0,4.0,4.0,2025-04-24,2025-04-24
415197,1,4.0,4.0,20.0,4.0,4.0,2025-04-18,2025-04-18
505455,1,4.0,4.0,20.0,4.0,4.0,2025-09-16,2025-09-16
503349,1,4.0,4.0,20.0,4.0,4.0,2025-10-13,2025-10-13
506591,1,4.0,4.0,20.0,4.0,4.0,2025-04-21,2025-04-21
504776,1,4.0,4.0,20.0,4.0,4.0,2025-05-09,2025-05-09
105436,1,4.0,4.0,20.0,4.0,4.0,2025-05-19,2025-05-19
504210,1,3.98,3.98,19.9,3.98,3.98,2025-09-18,2025-09-18
140112,1,3.5,3.5,17.5,3.5,3.5,2025-04-22,2025-04-22
508201,1,3.17,3.17,15.85,3.17,3.17,2025-09-23,2025-09-23
508202,1,3.05,3.05,15.25,3.05,3.05,2025-09-23,2025-09-23
505866,1,3.0,3.0,15.0,3.0,3.0,2025-04-21,2025-04-21
501336,1,3.0,3.0,15.0,3.0,3.0,2025-05-26,2025-05-26
506935,1,3.0,3.0,15.0,3.0,3.0,2025-04-24,2025-04-24
502493,1,3.0,3.0,15.0,3.0,3.0,2025-05-02,2025-05-02
505828,1,3.0,3.0,15.0,3.0,3.0,2025-04-24,2025-04-24
506816,1,2.88,2.88,14.4,2.88,2.88,2025-09-23,2025-09-23
101402,1,2.5,2.5,12.5,2.5,2.5,2025-06-18,2025-06-18
3938,1,2.0,2.0,10.0,2.0,2.0,2025-09-17,2025-09-17
505645,1,2.0,2.0,10.0,2.0,2.0,2025-04-21,2025-04-21
104999,1,2.0,2.0,10.0,2.0,2.0,2025-05-26,2025-05-26
505680,2,2.0,1.0,5.0,1.0,1.0,2025-04-18,2025-04-25
09651,1,2.0,2.0,10.0,2.0,2.0,2025-09-18,2025-09-18
105092,1,1.5,1.5,7.5,1.5,1.5,2025-06-20,2025-06-20
104026,1,1.5,1.5,7.5,1.5,1.5,2025-07-01,2025-07-01
505101,2,1.23,0.62,3.08,0.53,0.7,2025-04-22,2025-05-07
07765,1,1.13,1.13,5.65,1.13,1.13,2025-09-20,2025-09-20
102173,1,1.0,1.0,5.0,1.0,1.0,2025-05-08,2025-05-08
14932,1,0.73,0.73,3.65,0.73,0.73,2025-09-19,2025-09-19
507951,1,0.65,0.65,3.25,0.65,0.65,2025-09-19,2025-09-19
